lineup_id,level_id,stage_index,game_index,seed_hex,time_s,event,source_unit_id,delta,total_coins
A_siege_nub,level_1_1,1,1,0x4596C624,0,Start,,0,45
A_siege_nub,level_1_1,1,1,0x4596C624,2.6,Drop,zu,1,46
A_siege_nub,level_1_1,1,1,0x4596C624,7.033334,Drop,zu,1,47
A_siege_nub,level_1_1,1,1,0x4596C624,11.833334,Drop,zu,1,48
A_siege_nub,level_1_1,1,1,0x4596C624,17.533334,Drop,e_liu,1,49
A_siege_nub,level_1_1,1,1,0x4596C624,21.466668,Drop,zu,1,50
A_siege_nub,level_1_1,1,1,0x4596C624,27.466668,Drop,e_liu,1,51
A_siege_nub,level_1_1,1,1,0x4596C624,30.800002,Drop,zu,1,52
A_siege_nub,level_1_1,1,1,0x4596C624,36.800002,Drop,e_liu,1,53
A_siege_nub,level_1_1,1,1,0x4596C624,40.533335,Drop,zu,1,54
A_siege_nub,level_1_1,1,1,0x4596C624,46.800002,Drop,zqi,1,55
A_siege_nub,level_1_1,1,1,0x4596C624,50.866669,Drop,e_liu,1,56
A_siege_nub,level_1_1,1,1,0x4596C624,55.26667,Drop,zu,1,57
A_siege_nub,level_1_1,1,1,0x4596C624,59.800003,Drop,zu,1,58
A_siege_nub,level_1_1,1,1,0x4596C624,64.800003,Drop,e_liu,1,59
A_siege_nub,level_1_1,1,1,0x4596C624,70.800004,Drop,zqi,1,60
A_siege_nub,level_1_1,1,1,0x4596C624,74.533337,Drop,zu,1,61
A_siege_nub,level_1_1,1,1,0x4596C624,80.800004,Drop,e_liu,1,62
A_siege_nub,level_1_1,1,1,0x4596C624,84.600004,Drop,zqi,1,63
A_siege_nub,level_1_1,1,1,0x4596C624,89.400005,Drop,e_lang,3,66
A_siege_nub,level_1_1,1,1,0x4596C624,105.400005,Drop,e_lang,3,69
A_siege_nub,level_1_1,1,1,0x4596C624,113.400006,Drop,bld_cheng,20,89
A_siege_nub,level_1_1,1,1,0x4596C624,113.400006,End,,0,89
A_siege_nub,level_1_1,1,2,0x3713192D,0,Start,,0,45
A_siege_nub,level_1_1,1,2,0x3713192D,2.633333,Drop,zu,1,46
A_siege_nub,level_1_1,1,2,0x3713192D,7.066667,Drop,zu,1,47
A_siege_nub,level_1_1,1,2,0x3713192D,11.866667,Drop,zu,1,48
A_siege_nub,level_1_1,1,2,0x3713192D,17.466668,Drop,e_liu,1,49
A_siege_nub,level_1_1,1,2,0x3713192D,21.433334,Drop,zu,1,50
A_siege_nub,level_1_1,1,2,0x3713192D,27.300001,Drop,e_liu,1,51
A_siege_nub,level_1_1,1,2,0x3713192D,31.166668,Drop,zu,1,52
A_siege_nub,level_1_1,1,2,0x3713192D,37.166669,Drop,e_liu,1,53
A_siege_nub,level_1_1,1,2,0x3713192D,40.500002,Drop,zu,1,54
A_siege_nub,level_1_1,1,2,0x3713192D,47.233336,Drop,zqi,1,55
A_siege_nub,level_1_1,1,2,0x3713192D,50.466669,Drop,e_liu,1,56
A_siege_nub,level_1_1,1,2,0x3713192D,55.233336,Drop,zu,1,57
A_siege_nub,level_1_1,1,2,0x3713192D,59.86667,Drop,zu,1,58
A_siege_nub,level_1_1,1,2,0x3713192D,66.233337,Drop,e_liu,1,59
A_siege_nub,level_1_1,1,2,0x3713192D,70.233337,Drop,zqi,1,60
A_siege_nub,level_1_1,1,2,0x3713192D,75.233337,Drop,zu,1,61
A_siege_nub,level_1_1,1,2,0x3713192D,79.233337,Drop,e_liu,1,62
A_siege_nub,level_1_1,1,2,0x3713192D,85.233338,Drop,zqi,1,63
A_siege_nub,level_1_1,1,2,0x3713192D,90.233338,Drop,e_lang,3,66
A_siege_nub,level_1_1,1,2,0x3713192D,106.400006,Drop,e_lang,3,69
A_siege_nub,level_1_1,1,2,0x3713192D,114.400006,Drop,bld_cheng,20,89
A_siege_nub,level_1_1,1,2,0x3713192D,114.400006,End,,0,89
A_siege_nub,level_1_1,1,3,0xD2E4F5F6,0,Start,,0,45
A_siege_nub,level_1_1,1,3,0xD2E4F5F6,2.6,Drop,zu,1,46
A_siege_nub,level_1_1,1,3,0xD2E4F5F6,7.033334,Drop,zu,1,47
A_siege_nub,level_1_1,1,3,0xD2E4F5F6,11.833334,Drop,zu,1,48
A_siege_nub,level_1_1,1,3,0xD2E4F5F6,17.633334,Drop,e_liu,1,49
A_siege_nub,level_1_1,1,3,0xD2E4F5F6,21.333334,Drop,zu,1,50
A_siege_nub,level_1_1,1,3,0xD2E4F5F6,27.400001,Drop,e_liu,1,51
A_siege_nub,level_1_1,1,3,0xD2E4F5F6,31.400002,Drop,zu,1,52
A_siege_nub,level_1_1,1,3,0xD2E4F5F6,36.466669,Drop,e_liu,1,53
A_siege_nub,level_1_1,1,3,0xD2E4F5F6,40.933335,Drop,zu,1,54
A_siege_nub,level_1_1,1,3,0xD2E4F5F6,46.466669,Drop,zqi,1,55
A_siege_nub,level_1_1,1,3,0xD2E4F5F6,51.466669,Drop,e_liu,1,56
A_siege_nub,level_1_1,1,3,0xD2E4F5F6,55.46667,Drop,zu,1,57
A_siege_nub,level_1_1,1,3,0xD2E4F5F6,60.433336,Drop,zu,1,58
A_siege_nub,level_1_1,1,3,0xD2E4F5F6,64.833337,Drop,e_liu,1,59
A_siege_nub,level_1_1,1,3,0xD2E4F5F6,74.433337,Drop,zqi,1,60
A_siege_nub,level_1_1,1,3,0xD2E4F5F6,74.900004,Drop,zu,1,61
A_siege_nub,level_1_1,1,3,0xD2E4F5F6,80.366671,Drop,e_liu,1,62
A_siege_nub,level_1_1,1,3,0xD2E4F5F6,94.066672,Drop,zqi,1,63
A_siege_nub,level_1_1,1,3,0xD2E4F5F6,159.800008,End,,0,63
A_siege_nub,level_1_1,1,4,0xC71868BB,0,Start,,0,45
A_siege_nub,level_1_1,1,4,0xC71868BB,2.633333,Drop,zu,1,46
A_siege_nub,level_1_1,1,4,0xC71868BB,7.066667,Drop,zu,1,47
A_siege_nub,level_1_1,1,4,0xC71868BB,11.866667,Drop,zu,1,48
A_siege_nub,level_1_1,1,4,0xC71868BB,17.533334,Drop,e_liu,1,49
A_siege_nub,level_1_1,1,4,0xC71868BB,21.233334,Drop,zu,1,50
A_siege_nub,level_1_1,1,4,0xC71868BB,27.033335,Drop,e_liu,1,51
A_siege_nub,level_1_1,1,4,0xC71868BB,31.100002,Drop,zu,1,52
A_siege_nub,level_1_1,1,4,0xC71868BB,36.900002,Drop,e_liu,1,53
A_siege_nub,level_1_1,1,4,0xC71868BB,40.600002,Drop,zu,1,54
A_siege_nub,level_1_1,1,4,0xC71868BB,46.400002,Drop,zqi,1,55
A_siege_nub,level_1_1,1,4,0xC71868BB,51.100003,Drop,e_liu,1,56
A_siege_nub,level_1_1,1,4,0xC71868BB,54.800003,Drop,zu,1,57
A_siege_nub,level_1_1,1,4,0xC71868BB,59.600003,Drop,zu,1,58
A_siege_nub,level_1_1,1,4,0xC71868BB,65.400003,Drop,e_liu,1,59
A_siege_nub,level_1_1,1,4,0xC71868BB,70.46667,Drop,zqi,1,60
A_siege_nub,level_1_1,1,4,0xC71868BB,74.166671,Drop,zu,1,61
A_siege_nub,level_1_1,1,4,0xC71868BB,79.966671,Drop,e_liu,1,62
A_siege_nub,level_1_1,1,4,0xC71868BB,84.666671,Drop,zqi,1,63
A_siege_nub,level_1_1,1,4,0xC71868BB,89.666671,Drop,e_lang,3,66
A_siege_nub,level_1_1,1,4,0xC71868BB,105.533339,Drop,e_lang,3,69
A_siege_nub,level_1_1,1,4,0xC71868BB,114.666673,Drop,bld_cheng,20,89
A_siege_nub,level_1_1,1,4,0xC71868BB,114.666673,End,,0,89
A_siege_nub,level_1_1,1,5,0x8BE2DA3C,0,Start,,0,45
A_siege_nub,level_1_1,1,5,0x8BE2DA3C,2.7,Drop,zu,1,46
A_siege_nub,level_1_1,1,5,0x8BE2DA3C,7.133334,Drop,zu,1,47
A_siege_nub,level_1_1,1,5,0x8BE2DA3C,11.933334,Drop,zu,1,48
A_siege_nub,level_1_1,1,5,0x8BE2DA3C,17.733334,Drop,e_liu,1,49
A_siege_nub,level_1_1,1,5,0x8BE2DA3C,21.433334,Drop,zu,1,50
A_siege_nub,level_1_1,1,5,0x8BE2DA3C,27.233335,Drop,e_liu,1,51
A_siege_nub,level_1_1,1,5,0x8BE2DA3C,30.933335,Drop,zu,1,52
A_siege_nub,level_1_1,1,5,0x8BE2DA3C,36.733335,Drop,e_liu,1,53
A_siege_nub,level_1_1,1,5,0x8BE2DA3C,40.533335,Drop,zu,1,54
A_siege_nub,level_1_1,1,5,0x8BE2DA3C,46.733336,Drop,zqi,1,55
A_siege_nub,level_1_1,1,5,0x8BE2DA3C,50.766669,Drop,e_liu,1,56
A_siege_nub,level_1_1,1,5,0x8BE2DA3C,55.500003,Drop,zu,1,57
A_siege_nub,level_1_1,1,5,0x8BE2DA3C,59.733336,Drop,zu,1,58
A_siege_nub,level_1_1,1,5,0x8BE2DA3C,65.033337,Drop,e_liu,1,59
A_siege_nub,level_1_1,1,5,0x8BE2DA3C,70.733337,Drop,zqi,1,60
A_siege_nub,level_1_1,1,5,0x8BE2DA3C,74.733337,Drop,zu,1,61
A_siege_nub,level_1_1,1,5,0x8BE2DA3C,79.733337,Drop,e_liu,1,62
A_siege_nub,level_1_1,1,5,0x8BE2DA3C,88.900005,Drop,zqi,1,63
A_siege_nub,level_1_1,1,5,0x8BE2DA3C,89.766671,Drop,e_lang,3,66
A_siege_nub,level_1_1,1,5,0x8BE2DA3C,171.166676,End,,0,66
A_siege_nub,level_1_1,1,6,0xC4037FAE,0,Start,,0,45
A_siege_nub,level_1_1,1,6,0xC4037FAE,2.6,Drop,zu,1,46
A_siege_nub,level_1_1,1,6,0xC4037FAE,7.033334,Drop,zu,1,47
A_siege_nub,level_1_1,1,6,0xC4037FAE,11.833334,Drop,zu,1,48
A_siege_nub,level_1_1,1,6,0xC4037FAE,17.633334,Drop,e_liu,1,49
A_siege_nub,level_1_1,1,6,0xC4037FAE,21.333334,Drop,zu,1,50
A_siege_nub,level_1_1,1,6,0xC4037FAE,27.133335,Drop,e_liu,1,51
A_siege_nub,level_1_1,1,6,0xC4037FAE,30.833335,Drop,zu,1,52
A_siege_nub,level_1_1,1,6,0xC4037FAE,36.833335,Drop,e_liu,1,53
A_siege_nub,level_1_1,1,6,0xC4037FAE,40.633335,Drop,zu,1,54
A_siege_nub,level_1_1,1,6,0xC4037FAE,46.633336,Drop,zqi,1,55
A_siege_nub,level_1_1,1,6,0xC4037FAE,51.633336,Drop,e_liu,1,56
A_siege_nub,level_1_1,1,6,0xC4037FAE,55.633336,Drop,zu,1,57
A_siege_nub,level_1_1,1,6,0xC4037FAE,60.400003,Drop,zu,1,58
A_siege_nub,level_1_1,1,6,0xC4037FAE,65.033337,Drop,e_liu,1,59
A_siege_nub,level_1_1,1,6,0xC4037FAE,70.633337,Drop,zqi,1,60
A_siege_nub,level_1_1,1,6,0xC4037FAE,74.566671,Drop,zu,1,61
A_siege_nub,level_1_1,1,6,0xC4037FAE,79.633337,Drop,e_liu,1,62
A_siege_nub,level_1_1,1,6,0xC4037FAE,85.633338,Drop,zqi,1,63
A_siege_nub,level_1_1,1,6,0xC4037FAE,90.633338,Drop,e_lang,3,66
A_siege_nub,level_1_1,1,6,0xC4037FAE,113.400006,Drop,bld_cheng,20,86
A_siege_nub,level_1_1,1,6,0xC4037FAE,113.400006,End,,0,86
A_siege_nub,level_1_1,1,7,0xD52BA0F5,0,Start,,0,45
A_siege_nub,level_1_1,1,7,0xD52BA0F5,2.633333,Drop,zu,1,46
A_siege_nub,level_1_1,1,7,0xD52BA0F5,7.066667,Drop,zu,1,47
A_siege_nub,level_1_1,1,7,0xD52BA0F5,11.866667,Drop,zu,1,48
A_siege_nub,level_1_1,1,7,0xD52BA0F5,17.500001,Drop,e_liu,1,49
A_siege_nub,level_1_1,1,7,0xD52BA0F5,21.433334,Drop,zu,1,50
A_siege_nub,level_1_1,1,7,0xD52BA0F5,27.433335,Drop,e_liu,1,51
A_siege_nub,level_1_1,1,7,0xD52BA0F5,31.433335,Drop,zu,1,52
A_siege_nub,level_1_1,1,7,0xD52BA0F5,36.900002,Drop,e_liu,1,53
A_siege_nub,level_1_1,1,7,0xD52BA0F5,40.500002,Drop,zu,1,54
A_siege_nub,level_1_1,1,7,0xD52BA0F5,46.900002,Drop,zqi,1,55
A_siege_nub,level_1_1,1,7,0xD52BA0F5,51.900003,Drop,e_liu,1,56
A_siege_nub,level_1_1,1,7,0xD52BA0F5,54.900003,Drop,zu,1,57
A_siege_nub,level_1_1,1,7,0xD52BA0F5,59.900003,Drop,zu,1,58
A_siege_nub,level_1_1,1,7,0xD52BA0F5,65.900003,Drop,e_liu,1,59
A_siege_nub,level_1_1,1,7,0xD52BA0F5,70.900004,Drop,zqi,1,60
A_siege_nub,level_1_1,1,7,0xD52BA0F5,74.900004,Drop,zu,1,61
A_siege_nub,level_1_1,1,7,0xD52BA0F5,80.300004,Drop,e_liu,1,62
A_siege_nub,level_1_1,1,7,0xD52BA0F5,84.900004,Drop,zqi,1,63
A_siege_nub,level_1_1,1,7,0xD52BA0F5,90.900005,Drop,e_lang,3,66
A_siege_nub,level_1_1,1,7,0xD52BA0F5,105.900006,Drop,e_lang,3,69
A_siege_nub,level_1_1,1,7,0xD52BA0F5,114.900006,Drop,bld_cheng,20,89
A_siege_nub,level_1_1,1,7,0xD52BA0F5,114.900006,End,,0,89
A_siege_nub,level_1_1,1,8,0x879F5D8F,0,Start,,0,45
A_siege_nub,level_1_1,1,8,0x879F5D8F,2.6,Drop,zu,1,46
A_siege_nub,level_1_1,1,8,0x879F5D8F,7.033334,Drop,zu,1,47
A_siege_nub,level_1_1,1,8,0x879F5D8F,12.400001,Drop,zu,1,48
A_siege_nub,level_1_1,1,8,0x879F5D8F,17.433334,Drop,e_liu,1,49
A_siege_nub,level_1_1,1,8,0x879F5D8F,21.400001,Drop,zu,1,50
A_siege_nub,level_1_1,1,8,0x879F5D8F,27.400001,Drop,e_liu,1,51
A_siege_nub,level_1_1,1,8,0x879F5D8F,31.400002,Drop,zu,1,52
A_siege_nub,level_1_1,1,8,0x879F5D8F,37.533335,Drop,e_liu,1,53
A_siege_nub,level_1_1,1,8,0x879F5D8F,40.533335,Drop,zu,1,54
A_siege_nub,level_1_1,1,8,0x879F5D8F,46.533336,Drop,zqi,1,55
A_siege_nub,level_1_1,1,8,0x879F5D8F,51.066669,Drop,e_liu,1,56
A_siege_nub,level_1_1,1,8,0x879F5D8F,55.200003,Drop,zu,1,57
A_siege_nub,level_1_1,1,8,0x879F5D8F,60.333336,Drop,zu,1,58
A_siege_nub,level_1_1,1,8,0x879F5D8F,65.533337,Drop,e_liu,1,59
A_siege_nub,level_1_1,1,8,0x879F5D8F,70.533337,Drop,zqi,1,60
A_siege_nub,level_1_1,1,8,0x879F5D8F,74.533337,Drop,zu,1,61
A_siege_nub,level_1_1,1,8,0x879F5D8F,80.533338,Drop,e_liu,1,62
A_siege_nub,level_1_1,1,8,0x879F5D8F,93.600005,Drop,e_lang,3,65
A_siege_nub,level_1_1,1,8,0x879F5D8F,341.833351,End,,0,65
A_siege_nub,level_1_1,1,9,0xE9FFF898,0,Start,,0,45
A_siege_nub,level_1_1,1,9,0xE9FFF898,2.666667,Drop,zu,1,46
A_siege_nub,level_1_1,1,9,0xE9FFF898,7.1,Drop,zu,1,47
A_siege_nub,level_1_1,1,9,0xE9FFF898,11.900001,Drop,zu,1,48
A_siege_nub,level_1_1,1,9,0xE9FFF898,17.500001,Drop,e_liu,1,49
A_siege_nub,level_1_1,1,9,0xE9FFF898,21.200001,Drop,zu,1,50
A_siege_nub,level_1_1,1,9,0xE9FFF898,27.000001,Drop,e_liu,1,51
A_siege_nub,level_1_1,1,9,0xE9FFF898,31.433335,Drop,zu,1,52
A_siege_nub,level_1_1,1,9,0xE9FFF898,37.000002,Drop,e_liu,1,53
A_siege_nub,level_1_1,1,9,0xE9FFF898,40.500002,Drop,zu,1,54
A_siege_nub,level_1_1,1,9,0xE9FFF898,47.000002,Drop,zqi,1,55
A_siege_nub,level_1_1,1,9,0xE9FFF898,51.000003,Drop,e_liu,1,56
A_siege_nub,level_1_1,1,9,0xE9FFF898,55.16667,Drop,zu,1,57
A_siege_nub,level_1_1,1,9,0xE9FFF898,60.000003,Drop,zu,1,58
A_siege_nub,level_1_1,1,9,0xE9FFF898,65.000003,Drop,e_liu,1,59
A_siege_nub,level_1_1,1,9,0xE9FFF898,71.000004,Drop,zqi,1,60
A_siege_nub,level_1_1,1,9,0xE9FFF898,74.966671,Drop,zu,1,61
A_siege_nub,level_1_1,1,9,0xE9FFF898,79.366671,Drop,e_liu,1,62
A_siege_nub,level_1_1,1,9,0xE9FFF898,88.133338,Drop,zqi,1,63
A_siege_nub,level_1_1,1,9,0xE9FFF898,91.400005,Drop,e_lang,3,66
A_siege_nub,level_1_1,1,9,0xE9FFF898,171.166676,End,,0,66
A_siege_nub,level_1_1,1,10,0xCB728E2E,0,Start,,0,45
A_siege_nub,level_1_1,1,10,0xCB728E2E,2.6,Drop,zu,1,46
A_siege_nub,level_1_1,1,10,0xCB728E2E,7.033334,Drop,zu,1,47
A_siege_nub,level_1_1,1,10,0xCB728E2E,11.833334,Drop,zu,1,48
A_siege_nub,level_1_1,1,10,0xCB728E2E,17.533334,Drop,e_liu,1,49
A_siege_nub,level_1_1,1,10,0xCB728E2E,21.466668,Drop,zu,1,50
A_siege_nub,level_1_1,1,10,0xCB728E2E,27.533335,Drop,e_liu,1,51
A_siege_nub,level_1_1,1,10,0xCB728E2E,31.533335,Drop,zu,1,52
A_siege_nub,level_1_1,1,10,0xCB728E2E,35.966669,Drop,e_liu,1,53
A_siege_nub,level_1_1,1,10,0xCB728E2E,40.566669,Drop,zu,1,54
A_siege_nub,level_1_1,1,10,0xCB728E2E,46.766669,Drop,zqi,1,55
A_siege_nub,level_1_1,1,10,0xCB728E2E,50.766669,Drop,e_liu,1,56
A_siege_nub,level_1_1,1,10,0xCB728E2E,55.76667,Drop,zu,1,57
A_siege_nub,level_1_1,1,10,0xCB728E2E,59.800003,Drop,zu,1,58
A_siege_nub,level_1_1,1,10,0xCB728E2E,65.76667,Drop,e_liu,1,59
A_siege_nub,level_1_1,1,10,0xCB728E2E,70.76667,Drop,zqi,1,60
A_siege_nub,level_1_1,1,10,0xCB728E2E,74.766671,Drop,zu,1,61
A_siege_nub,level_1_1,1,10,0xCB728E2E,79.766671,Drop,e_liu,1,62
A_siege_nub,level_1_1,1,10,0xCB728E2E,156.166675,End,,0,62
A_siege_nub,level_1_1,1,11,0xCC576DD5,0,Start,,0,45
A_siege_nub,level_1_1,1,11,0xCC576DD5,2.633333,Drop,zu,1,46
A_siege_nub,level_1_1,1,11,0xCC576DD5,7.066667,Drop,zu,1,47
A_siege_nub,level_1_1,1,11,0xCC576DD5,12.066667,Drop,zu,1,48
A_siege_nub,level_1_1,1,11,0xCC576DD5,17.500001,Drop,e_liu,1,49
A_siege_nub,level_1_1,1,11,0xCC576DD5,21.433334,Drop,zu,1,50
A_siege_nub,level_1_1,1,11,0xCC576DD5,27.433335,Drop,e_liu,1,51
A_siege_nub,level_1_1,1,11,0xCC576DD5,31.433335,Drop,zu,1,52
A_siege_nub,level_1_1,1,11,0xCC576DD5,36.700002,Drop,e_liu,1,53
A_siege_nub,level_1_1,1,11,0xCC576DD5,40.500002,Drop,zu,1,54
A_siege_nub,level_1_1,1,11,0xCC576DD5,46.700002,Drop,zqi,1,55
A_siege_nub,level_1_1,1,11,0xCC576DD5,51.700003,Drop,e_liu,1,56
A_siege_nub,level_1_1,1,11,0xCC576DD5,55.100003,Drop,zu,1,57
A_siege_nub,level_1_1,1,11,0xCC576DD5,60.700003,Drop,zu,1,58
A_siege_nub,level_1_1,1,11,0xCC576DD5,65.700003,Drop,e_liu,1,59
A_siege_nub,level_1_1,1,11,0xCC576DD5,74.466671,Drop,zqi,1,60
A_siege_nub,level_1_1,1,11,0xCC576DD5,75.200004,Drop,zu,1,61
A_siege_nub,level_1_1,1,11,0xCC576DD5,157.733342,End,,0,61
A_siege_nub,level_1_1,1,12,0x1C567943,0,Start,,0,45
A_siege_nub,level_1_1,1,12,0x1C567943,2.633333,Drop,zu,1,46
A_siege_nub,level_1_1,1,12,0x1C567943,7.066667,Drop,zu,1,47
A_siege_nub,level_1_1,1,12,0x1C567943,11.866667,Drop,zu,1,48
A_siege_nub,level_1_1,1,12,0x1C567943,17.500001,Drop,e_liu,1,49
A_siege_nub,level_1_1,1,12,0x1C567943,21.200001,Drop,zu,1,50
A_siege_nub,level_1_1,1,12,0x1C567943,27.000001,Drop,e_liu,1,51
A_siege_nub,level_1_1,1,12,0x1C567943,31.066668,Drop,zu,1,52
A_siege_nub,level_1_1,1,12,0x1C567943,36.866669,Drop,e_liu,1,53
A_siege_nub,level_1_1,1,12,0x1C567943,40.566669,Drop,zu,1,54
A_siege_nub,level_1_1,1,12,0x1C567943,46.366669,Drop,zqi,1,55
A_siege_nub,level_1_1,1,12,0x1C567943,51.366669,Drop,e_liu,1,56
A_siege_nub,level_1_1,1,12,0x1C567943,55.36667,Drop,zu,1,57
A_siege_nub,level_1_1,1,12,0x1C567943,60.36667,Drop,zu,1,58
A_siege_nub,level_1_1,1,12,0x1C567943,65.36667,Drop,e_liu,1,59
A_siege_nub,level_1_1,1,12,0x1C567943,71.36667,Drop,zqi,1,60
A_siege_nub,level_1_1,1,12,0x1C567943,74.366671,Drop,zu,1,61
A_siege_nub,level_1_1,1,12,0x1C567943,79.466671,Drop,e_liu,1,62
A_siege_nub,level_1_1,1,12,0x1C567943,88.133338,Drop,zqi,1,63
A_siege_nub,level_1_1,1,12,0x1C567943,89.500005,Drop,e_lang,3,66
A_siege_nub,level_1_1,1,12,0x1C567943,171.166676,End,,0,66
A_siege_nub,level_1_1,1,13,0xBCB06F7C,0,Start,,0,45
A_siege_nub,level_1_1,1,13,0xBCB06F7C,2.6,Drop,zu,1,46
A_siege_nub,level_1_1,1,13,0xBCB06F7C,7.033334,Drop,zu,1,47
A_siege_nub,level_1_1,1,13,0xBCB06F7C,12.400001,Drop,zu,1,48
A_siege_nub,level_1_1,1,13,0xBCB06F7C,17.433334,Drop,e_liu,1,49
A_siege_nub,level_1_1,1,13,0xBCB06F7C,21.400001,Drop,zu,1,50
A_siege_nub,level_1_1,1,13,0xBCB06F7C,27.400001,Drop,e_liu,1,51
A_siege_nub,level_1_1,1,13,0xBCB06F7C,31.400002,Drop,zu,1,52
A_siege_nub,level_1_1,1,13,0xBCB06F7C,37.400002,Drop,e_liu,1,53
A_siege_nub,level_1_1,1,13,0xBCB06F7C,41.400002,Drop,zu,1,54
A_siege_nub,level_1_1,1,13,0xBCB06F7C,47.400002,Drop,zqi,1,55
A_siege_nub,level_1_1,1,13,0xBCB06F7C,51.400003,Drop,e_liu,1,56
A_siege_nub,level_1_1,1,13,0xBCB06F7C,55.400003,Drop,zu,1,57
A_siege_nub,level_1_1,1,13,0xBCB06F7C,60.400003,Drop,zu,1,58
A_siege_nub,level_1_1,1,13,0xBCB06F7C,65.400003,Drop,e_liu,1,59
A_siege_nub,level_1_1,1,13,0xBCB06F7C,70.400004,Drop,zqi,1,60
A_siege_nub,level_1_1,1,13,0xBCB06F7C,74.400004,Drop,zu,1,61
A_siege_nub,level_1_1,1,13,0xBCB06F7C,80.400004,Drop,e_liu,1,62
A_siege_nub,level_1_1,1,13,0xBCB06F7C,85.400004,Drop,zqi,1,63
A_siege_nub,level_1_1,1,13,0xBCB06F7C,90.400005,Drop,e_lang,3,66
A_siege_nub,level_1_1,1,13,0xBCB06F7C,114.400006,Drop,bld_cheng,20,86
A_siege_nub,level_1_1,1,13,0xBCB06F7C,114.400006,End,,0,86
A_siege_nub,level_1_1,1,14,0x9AA94DB3,0,Start,,0,45
A_siege_nub,level_1_1,1,14,0x9AA94DB3,2.633333,Drop,zu,1,46
A_siege_nub,level_1_1,1,14,0x9AA94DB3,7.066667,Drop,zu,1,47
A_siege_nub,level_1_1,1,14,0x9AA94DB3,11.866667,Drop,zu,1,48
A_siege_nub,level_1_1,1,14,0x9AA94DB3,17.500001,Drop,e_liu,1,49
A_siege_nub,level_1_1,1,14,0x9AA94DB3,21.200001,Drop,zu,1,50
A_siege_nub,level_1_1,1,14,0x9AA94DB3,27.000001,Drop,e_liu,1,51
A_siege_nub,level_1_1,1,14,0x9AA94DB3,31.066668,Drop,zu,1,52
A_siege_nub,level_1_1,1,14,0x9AA94DB3,36.866669,Drop,e_liu,1,53
A_siege_nub,level_1_1,1,14,0x9AA94DB3,40.566669,Drop,zu,1,54
A_siege_nub,level_1_1,1,14,0x9AA94DB3,46.366669,Drop,zqi,1,55
A_siege_nub,level_1_1,1,14,0x9AA94DB3,50.733336,Drop,e_liu,1,56
A_siege_nub,level_1_1,1,14,0x9AA94DB3,55.133336,Drop,zu,1,57
A_siege_nub,level_1_1,1,14,0x9AA94DB3,60.26667,Drop,zu,1,58
A_siege_nub,level_1_1,1,14,0x9AA94DB3,65.36667,Drop,e_liu,1,59
A_siege_nub,level_1_1,1,14,0x9AA94DB3,71.36667,Drop,zqi,1,60
A_siege_nub,level_1_1,1,14,0x9AA94DB3,74.366671,Drop,zu,1,61
A_siege_nub,level_1_1,1,14,0x9AA94DB3,78.800004,Drop,e_liu,1,62
A_siege_nub,level_1_1,1,14,0x9AA94DB3,84.600004,Drop,zqi,1,63
A_siege_nub,level_1_1,1,14,0x9AA94DB3,89.400005,Drop,e_lang,3,66
A_siege_nub,level_1_1,1,14,0x9AA94DB3,105.400005,Drop,e_lang,3,69
A_siege_nub,level_1_1,1,14,0x9AA94DB3,113.400006,Drop,bld_cheng,20,89
A_siege_nub,level_1_1,1,14,0x9AA94DB3,113.400006,End,,0,89
A_siege_nub,level_1_1,1,15,0xD0F1F3BC,0,Start,,0,45
A_siege_nub,level_1_1,1,15,0xD0F1F3BC,2.633333,Drop,zu,1,46
A_siege_nub,level_1_1,1,15,0xD0F1F3BC,7.066667,Drop,zu,1,47
A_siege_nub,level_1_1,1,15,0xD0F1F3BC,12.400001,Drop,zu,1,48
A_siege_nub,level_1_1,1,15,0xD0F1F3BC,17.433334,Drop,e_liu,1,49
A_siege_nub,level_1_1,1,15,0xD0F1F3BC,21.400001,Drop,zu,1,50
A_siege_nub,level_1_1,1,15,0xD0F1F3BC,27.200001,Drop,e_liu,1,51
A_siege_nub,level_1_1,1,15,0xD0F1F3BC,31.233335,Drop,zu,1,52
A_siege_nub,level_1_1,1,15,0xD0F1F3BC,37.266669,Drop,e_liu,1,53
A_siege_nub,level_1_1,1,15,0xD0F1F3BC,40.666669,Drop,zu,1,54
A_siege_nub,level_1_1,1,15,0xD0F1F3BC,47.266669,Drop,zqi,1,55
A_siege_nub,level_1_1,1,15,0xD0F1F3BC,51.266669,Drop,e_liu,1,56
A_siege_nub,level_1_1,1,15,0xD0F1F3BC,55.26667,Drop,zu,1,57
A_siege_nub,level_1_1,1,15,0xD0F1F3BC,60.26667,Drop,zu,1,58
A_siege_nub,level_1_1,1,15,0xD0F1F3BC,65.26667,Drop,e_liu,1,59
A_siege_nub,level_1_1,1,15,0xD0F1F3BC,71.26667,Drop,zqi,1,60
A_siege_nub,level_1_1,1,15,0xD0F1F3BC,74.266671,Drop,zu,1,61
A_siege_nub,level_1_1,1,15,0xD0F1F3BC,80.266671,Drop,e_liu,1,62
A_siege_nub,level_1_1,1,15,0xD0F1F3BC,88.766671,Drop,zqi,1,63
A_siege_nub,level_1_1,1,15,0xD0F1F3BC,89.500005,Drop,e_lang,3,66
A_siege_nub,level_1_1,1,15,0xD0F1F3BC,171.433342,End,,0,66
A_siege_nub,level_1_1,1,16,0x3E469B1F,0,Start,,0,45
A_siege_nub,level_1_1,1,16,0x3E469B1F,2.6,Drop,zu,1,46
A_siege_nub,level_1_1,1,16,0x3E469B1F,7.033334,Drop,zu,1,47
A_siege_nub,level_1_1,1,16,0x3E469B1F,12.400001,Drop,zu,1,48
A_siege_nub,level_1_1,1,16,0x3E469B1F,17.433334,Drop,e_liu,1,49
A_siege_nub,level_1_1,1,16,0x3E469B1F,21.400001,Drop,zu,1,50
A_siege_nub,level_1_1,1,16,0x3E469B1F,27.400001,Drop,e_liu,1,51
A_siege_nub,level_1_1,1,16,0x3E469B1F,31.400002,Drop,zu,1,52
A_siege_nub,level_1_1,1,16,0x3E469B1F,37.200002,Drop,e_liu,1,53
A_siege_nub,level_1_1,1,16,0x3E469B1F,40.600002,Drop,zu,1,54
A_siege_nub,level_1_1,1,16,0x3E469B1F,46.600002,Drop,zqi,1,55
A_siege_nub,level_1_1,1,16,0x3E469B1F,50.766669,Drop,e_liu,1,56
A_siege_nub,level_1_1,1,16,0x3E469B1F,55.400003,Drop,zu,1,57
A_siege_nub,level_1_1,1,16,0x3E469B1F,60.300003,Drop,zu,1,58
A_siege_nub,level_1_1,1,16,0x3E469B1F,66.400003,Drop,e_liu,1,59
A_siege_nub,level_1_1,1,16,0x3E469B1F,74.233337,Drop,zu,1,60
A_siege_nub,level_1_1,1,16,0x3E469B1F,81.033338,Drop,e_liu,1,61
A_siege_nub,level_1_1,1,16,0x3E469B1F,82.500004,Drop,zqi,1,62
A_siege_nub,level_1_1,1,16,0x3E469B1F,156.266675,End,,0,62
A_siege_nub,level_1_1,1,17,0x4984BC2D,0,Start,,0,45
A_siege_nub,level_1_1,1,17,0x4984BC2D,2.666667,Drop,zu,1,46
A_siege_nub,level_1_1,1,17,0x4984BC2D,7.1,Drop,zu,1,47
A_siege_nub,level_1_1,1,17,0x4984BC2D,11.900001,Drop,zu,1,48
A_siege_nub,level_1_1,1,17,0x4984BC2D,17.500001,Drop,e_liu,1,49
A_siege_nub,level_1_1,1,17,0x4984BC2D,21.200001,Drop,zu,1,50
A_siege_nub,level_1_1,1,17,0x4984BC2D,27.000001,Drop,e_liu,1,51
A_siege_nub,level_1_1,1,17,0x4984BC2D,31.066668,Drop,zu,1,52
A_siege_nub,level_1_1,1,17,0x4984BC2D,36.866669,Drop,e_liu,1,53
A_siege_nub,level_1_1,1,17,0x4984BC2D,40.566669,Drop,zu,1,54
A_siege_nub,level_1_1,1,17,0x4984BC2D,46.366669,Drop,zqi,1,55
A_siege_nub,level_1_1,1,17,0x4984BC2D,50.600003,Drop,e_liu,1,56
A_siege_nub,level_1_1,1,17,0x4984BC2D,55.000003,Drop,zu,1,57
A_siege_nub,level_1_1,1,17,0x4984BC2D,60.133336,Drop,zu,1,58
A_siege_nub,level_1_1,1,17,0x4984BC2D,65.36667,Drop,e_liu,1,59
A_siege_nub,level_1_1,1,17,0x4984BC2D,71.36667,Drop,zqi,1,60
A_siege_nub,level_1_1,1,17,0x4984BC2D,74.366671,Drop,zu,1,61
A_siege_nub,level_1_1,1,17,0x4984BC2D,79.366671,Drop,e_liu,1,62
A_siege_nub,level_1_1,1,17,0x4984BC2D,84.600004,Drop,zqi,1,63
A_siege_nub,level_1_1,1,17,0x4984BC2D,89.400005,Drop,e_lang,3,66
A_siege_nub,level_1_1,1,17,0x4984BC2D,114.400006,Drop,bld_cheng,20,86
A_siege_nub,level_1_1,1,17,0x4984BC2D,114.400006,End,,0,86
A_siege_nub,level_1_1,1,18,0x1E2F168D,0,Start,,0,45
A_siege_nub,level_1_1,1,18,0x1E2F168D,2.633333,Drop,zu,1,46
A_siege_nub,level_1_1,1,18,0x1E2F168D,7.066667,Drop,zu,1,47
A_siege_nub,level_1_1,1,18,0x1E2F168D,11.866667,Drop,zu,1,48
A_siege_nub,level_1_1,1,18,0x1E2F168D,17.500001,Drop,e_liu,1,49
A_siege_nub,level_1_1,1,18,0x1E2F168D,21.200001,Drop,zu,1,50
A_siege_nub,level_1_1,1,18,0x1E2F168D,27.000001,Drop,e_liu,1,51
A_siege_nub,level_1_1,1,18,0x1E2F168D,31.066668,Drop,zu,1,52
A_siege_nub,level_1_1,1,18,0x1E2F168D,36.866669,Drop,e_liu,1,53
A_siege_nub,level_1_1,1,18,0x1E2F168D,40.566669,Drop,zu,1,54
A_siege_nub,level_1_1,1,18,0x1E2F168D,46.366669,Drop,zqi,1,55
A_siege_nub,level_1_1,1,18,0x1E2F168D,51.066669,Drop,e_liu,1,56
A_siege_nub,level_1_1,1,18,0x1E2F168D,55.133336,Drop,zu,1,57
A_siege_nub,level_1_1,1,18,0x1E2F168D,59.933336,Drop,zu,1,58
A_siege_nub,level_1_1,1,18,0x1E2F168D,65.733337,Drop,e_liu,1,59
A_siege_nub,level_1_1,1,18,0x1E2F168D,70.433337,Drop,zqi,1,60
A_siege_nub,level_1_1,1,18,0x1E2F168D,74.133337,Drop,zu,1,61
A_siege_nub,level_1_1,1,18,0x1E2F168D,80.333338,Drop,e_liu,1,62
A_siege_nub,level_1_1,1,18,0x1E2F168D,84.866671,Drop,zqi,1,63
A_siege_nub,level_1_1,1,18,0x1E2F168D,90.866671,Drop,e_lang,3,66
A_siege_nub,level_1_1,1,18,0x1E2F168D,105.866672,Drop,e_lang,3,69
A_siege_nub,level_1_1,1,18,0x1E2F168D,114.866673,Drop,bld_cheng,20,89
A_siege_nub,level_1_1,1,18,0x1E2F168D,114.866673,End,,0,89
A_siege_nub,level_1_1,1,19,0x6327D6B2,0,Start,,0,45
A_siege_nub,level_1_1,1,19,0x6327D6B2,2.633333,Drop,zu,1,46
A_siege_nub,level_1_1,1,19,0x6327D6B2,7.066667,Drop,zu,1,47
A_siege_nub,level_1_1,1,19,0x6327D6B2,11.866667,Drop,zu,1,48
A_siege_nub,level_1_1,1,19,0x6327D6B2,17.500001,Drop,e_liu,1,49
A_siege_nub,level_1_1,1,19,0x6327D6B2,21.200001,Drop,zu,1,50
A_siege_nub,level_1_1,1,19,0x6327D6B2,27.000001,Drop,e_liu,1,51
A_siege_nub,level_1_1,1,19,0x6327D6B2,31.066668,Drop,zu,1,52
A_siege_nub,level_1_1,1,19,0x6327D6B2,36.866669,Drop,e_liu,1,53
A_siege_nub,level_1_1,1,19,0x6327D6B2,40.866669,Drop,zu,1,54
A_siege_nub,level_1_1,1,19,0x6327D6B2,46.866669,Drop,zqi,1,55
A_siege_nub,level_1_1,1,19,0x6327D6B2,50.866669,Drop,e_liu,1,56
A_siege_nub,level_1_1,1,19,0x6327D6B2,54.86667,Drop,zu,1,57
A_siege_nub,level_1_1,1,19,0x6327D6B2,59.86667,Drop,zu,1,58
A_siege_nub,level_1_1,1,19,0x6327D6B2,65.06667,Drop,e_liu,1,59
A_siege_nub,level_1_1,1,19,0x6327D6B2,70.86667,Drop,zqi,1,60
A_siege_nub,level_1_1,1,19,0x6327D6B2,74.866671,Drop,zu,1,61
A_siege_nub,level_1_1,1,19,0x6327D6B2,79.866671,Drop,e_liu,1,62
A_siege_nub,level_1_1,1,19,0x6327D6B2,91.466671,Drop,zqi,1,63
A_siege_nub,level_1_1,1,19,0x6327D6B2,121.166673,Drop,e_lang,3,66
A_siege_nub,level_1_1,1,19,0x6327D6B2,126.166673,Drop,e_lang,3,69
A_siege_nub,level_1_1,1,19,0x6327D6B2,600.000031,End,,0,69
A_siege_nub,level_1_1,1,20,0xA7CA930A,0,Start,,0,45
A_siege_nub,level_1_1,1,20,0xA7CA930A,2.6,Drop,zu,1,46
A_siege_nub,level_1_1,1,20,0xA7CA930A,7.033334,Drop,zu,1,47
A_siege_nub,level_1_1,1,20,0xA7CA930A,11.833334,Drop,zu,1,48
A_siege_nub,level_1_1,1,20,0xA7CA930A,17.633334,Drop,e_liu,1,49
A_siege_nub,level_1_1,1,20,0xA7CA930A,21.333334,Drop,zu,1,50
A_siege_nub,level_1_1,1,20,0xA7CA930A,27.133335,Drop,e_liu,1,51
A_siege_nub,level_1_1,1,20,0xA7CA930A,30.833335,Drop,zu,1,52
A_siege_nub,level_1_1,1,20,0xA7CA930A,36.633335,Drop,e_liu,1,53
A_siege_nub,level_1_1,1,20,0xA7CA930A,40.700002,Drop,zu,1,54
A_siege_nub,level_1_1,1,20,0xA7CA930A,46.700002,Drop,zqi,1,55
A_siege_nub,level_1_1,1,20,0xA7CA930A,51.700003,Drop,e_liu,1,56
A_siege_nub,level_1_1,1,20,0xA7CA930A,55.700003,Drop,zu,1,57
A_siege_nub,level_1_1,1,20,0xA7CA930A,59.700003,Drop,zu,1,58
A_siege_nub,level_1_1,1,20,0xA7CA930A,64.700003,Drop,e_liu,1,59
A_siege_nub,level_1_1,1,20,0xA7CA930A,70.700004,Drop,zqi,1,60
A_siege_nub,level_1_1,1,20,0xA7CA930A,74.300004,Drop,zu,1,61
A_siege_nub,level_1_1,1,20,0xA7CA930A,79.700004,Drop,e_liu,1,62
A_siege_nub,level_1_1,1,20,0xA7CA930A,156.166675,End,,0,62
A_siege_nub,level_1_1,1,21,0x40DE923F,0,Start,,0,45
A_siege_nub,level_1_1,1,21,0x40DE923F,2.633333,Drop,zu,1,46
A_siege_nub,level_1_1,1,21,0x40DE923F,7.066667,Drop,zu,1,47
A_siege_nub,level_1_1,1,21,0x40DE923F,11.866667,Drop,zu,1,48
A_siege_nub,level_1_1,1,21,0x40DE923F,17.500001,Drop,e_liu,1,49
A_siege_nub,level_1_1,1,21,0x40DE923F,21.433334,Drop,zu,1,50
A_siege_nub,level_1_1,1,21,0x40DE923F,27.866668,Drop,e_liu,1,51
A_siege_nub,level_1_1,1,21,0x40DE923F,30.866668,Drop,zu,1,52
A_siege_nub,level_1_1,1,21,0x40DE923F,36.866669,Drop,e_liu,1,53
A_siege_nub,level_1_1,1,21,0x40DE923F,40.866669,Drop,zu,1,54
A_siege_nub,level_1_1,1,21,0x40DE923F,46.866669,Drop,zqi,1,55
A_siege_nub,level_1_1,1,21,0x40DE923F,51.700003,Drop,e_liu,1,56
A_siege_nub,level_1_1,1,21,0x40DE923F,55.86667,Drop,zu,1,57
A_siege_nub,level_1_1,1,21,0x40DE923F,60.86667,Drop,zu,1,58
A_siege_nub,level_1_1,1,21,0x40DE923F,65.86667,Drop,e_liu,1,59
A_siege_nub,level_1_1,1,21,0x40DE923F,70.86667,Drop,zqi,1,60
A_siege_nub,level_1_1,1,21,0x40DE923F,74.800004,Drop,zu,1,61
A_siege_nub,level_1_1,1,21,0x40DE923F,79.533337,Drop,e_liu,1,62
A_siege_nub,level_1_1,1,21,0x40DE923F,156.200008,End,,0,62
A_siege_nub,level_1_1,1,22,0xC1BE5513,0,Start,,0,45
A_siege_nub,level_1_1,1,22,0xC1BE5513,2.733333,Drop,zu,1,46
A_siege_nub,level_1_1,1,22,0xC1BE5513,6.8,Drop,zu,1,47
A_siege_nub,level_1_1,1,22,0xC1BE5513,11.600001,Drop,zu,1,48
A_siege_nub,level_1_1,1,22,0xC1BE5513,17.400001,Drop,e_liu,1,49
A_siege_nub,level_1_1,1,22,0xC1BE5513,21.466668,Drop,zu,1,50
A_siege_nub,level_1_1,1,22,0xC1BE5513,27.266668,Drop,e_liu,1,51
A_siege_nub,level_1_1,1,22,0xC1BE5513,30.966668,Drop,zu,1,52
A_siege_nub,level_1_1,1,22,0xC1BE5513,36.766669,Drop,e_liu,1,53
A_siege_nub,level_1_1,1,22,0xC1BE5513,40.466669,Drop,zu,1,54
A_siege_nub,level_1_1,1,22,0xC1BE5513,46.266669,Drop,zqi,1,55
A_siege_nub,level_1_1,1,22,0xC1BE5513,51.333336,Drop,e_liu,1,56
A_siege_nub,level_1_1,1,22,0xC1BE5513,55.46667,Drop,zu,1,57
A_siege_nub,level_1_1,1,22,0xC1BE5513,60.000003,Drop,zu,1,58
A_siege_nub,level_1_1,1,22,0xC1BE5513,65.900003,Drop,e_liu,1,59
A_siege_nub,level_1_1,1,22,0xC1BE5513,71.000004,Drop,zqi,1,60
A_siege_nub,level_1_1,1,22,0xC1BE5513,74.000004,Drop,zu,1,61
A_siege_nub,level_1_1,1,22,0xC1BE5513,80.000004,Drop,e_liu,1,62
A_siege_nub,level_1_1,1,22,0xC1BE5513,85.000004,Drop,zqi,1,63
A_siege_nub,level_1_1,1,22,0xC1BE5513,91.000005,Drop,e_lang,3,66
A_siege_nub,level_1_1,1,22,0xC1BE5513,114.000006,Drop,bld_cheng,20,86
A_siege_nub,level_1_1,1,22,0xC1BE5513,114.000006,End,,0,86
A_siege_nub,level_1_1,1,23,0x689A233D,0,Start,,0,45
A_siege_nub,level_1_1,1,23,0x689A233D,2.666667,Drop,zu,1,46
A_siege_nub,level_1_1,1,23,0x689A233D,7.1,Drop,zu,1,47
A_siege_nub,level_1_1,1,23,0x689A233D,11.900001,Drop,zu,1,48
A_siege_nub,level_1_1,1,23,0x689A233D,17.533334,Drop,e_liu,1,49
A_siege_nub,level_1_1,1,23,0x689A233D,21.233334,Drop,zu,1,50
A_siege_nub,level_1_1,1,23,0x689A233D,27.033335,Drop,e_liu,1,51
A_siege_nub,level_1_1,1,23,0x689A233D,31.100002,Drop,zu,1,52
A_siege_nub,level_1_1,1,23,0x689A233D,36.900002,Drop,e_liu,1,53
A_siege_nub,level_1_1,1,23,0x689A233D,40.600002,Drop,zu,1,54
A_siege_nub,level_1_1,1,23,0x689A233D,46.400002,Drop,zqi,1,55
A_siege_nub,level_1_1,1,23,0x689A233D,51.400003,Drop,e_liu,1,56
A_siege_nub,level_1_1,1,23,0x689A233D,55.400003,Drop,zu,1,57
A_siege_nub,level_1_1,1,23,0x689A233D,60.400003,Drop,zu,1,58
A_siege_nub,level_1_1,1,23,0x689A233D,65.400003,Drop,e_liu,1,59
A_siege_nub,level_1_1,1,23,0x689A233D,71.400004,Drop,zqi,1,60
A_siege_nub,level_1_1,1,23,0x689A233D,74.400004,Drop,zu,1,61
A_siege_nub,level_1_1,1,23,0x689A233D,80.400004,Drop,e_liu,1,62
A_siege_nub,level_1_1,1,23,0x689A233D,88.133338,Drop,zqi,1,63
A_siege_nub,level_1_1,1,23,0x689A233D,90.400005,Drop,e_lang,3,66
A_siege_nub,level_1_1,1,23,0x689A233D,105.400005,Drop,e_lang,3,69
A_siege_nub,level_1_1,1,23,0x689A233D,600.000031,End,,0,69
A_siege_nub,level_1_1,1,24,0xB34F3D23,0,Start,,0,45
A_siege_nub,level_1_1,1,24,0xB34F3D23,2.7,Drop,zu,1,46
A_siege_nub,level_1_1,1,24,0xB34F3D23,7.133334,Drop,zu,1,47
A_siege_nub,level_1_1,1,24,0xB34F3D23,11.933334,Drop,zu,1,48
A_siege_nub,level_1_1,1,24,0xB34F3D23,17.533334,Drop,e_liu,1,49
A_siege_nub,level_1_1,1,24,0xB34F3D23,21.233334,Drop,zu,1,50
A_siege_nub,level_1_1,1,24,0xB34F3D23,27.033335,Drop,e_liu,1,51
A_siege_nub,level_1_1,1,24,0xB34F3D23,31.100002,Drop,zu,1,52
A_siege_nub,level_1_1,1,24,0xB34F3D23,36.900002,Drop,e_liu,1,53
A_siege_nub,level_1_1,1,24,0xB34F3D23,40.600002,Drop,zu,1,54
A_siege_nub,level_1_1,1,24,0xB34F3D23,46.400002,Drop,zqi,1,55
A_siege_nub,level_1_1,1,24,0xB34F3D23,51.100003,Drop,e_liu,1,56
A_siege_nub,level_1_1,1,24,0xB34F3D23,54.800003,Drop,zu,1,57
A_siege_nub,level_1_1,1,24,0xB34F3D23,59.600003,Drop,zu,1,58
A_siege_nub,level_1_1,1,24,0xB34F3D23,65.100003,Drop,e_liu,1,59
A_siege_nub,level_1_1,1,24,0xB34F3D23,70.533337,Drop,zqi,1,60
A_siege_nub,level_1_1,1,24,0xB34F3D23,74.366671,Drop,zu,1,61
A_siege_nub,level_1_1,1,24,0xB34F3D23,79.533337,Drop,e_liu,1,62
A_siege_nub,level_1_1,1,24,0xB34F3D23,85.533338,Drop,zqi,1,63
A_siege_nub,level_1_1,1,24,0xB34F3D23,90.533338,Drop,e_lang,3,66
A_siege_nub,level_1_1,1,24,0xB34F3D23,105.400005,Drop,e_lang,3,69
A_siege_nub,level_1_1,1,24,0xB34F3D23,113.400006,Drop,bld_cheng,20,89
A_siege_nub,level_1_1,1,24,0xB34F3D23,113.400006,End,,0,89
A_siege_nub,level_1_1,1,25,0xC9859D96,0,Start,,0,45
A_siege_nub,level_1_1,1,25,0xC9859D96,2.6,Drop,zu,1,46
A_siege_nub,level_1_1,1,25,0xC9859D96,7.033334,Drop,zu,1,47
A_siege_nub,level_1_1,1,25,0xC9859D96,11.833334,Drop,zu,1,48
A_siege_nub,level_1_1,1,25,0xC9859D96,17.633334,Drop,e_liu,1,49
A_siege_nub,level_1_1,1,25,0xC9859D96,21.333334,Drop,zu,1,50
A_siege_nub,level_1_1,1,25,0xC9859D96,27.333335,Drop,e_liu,1,51
A_siege_nub,level_1_1,1,25,0xC9859D96,31.333335,Drop,zu,1,52
A_siege_nub,level_1_1,1,25,0xC9859D96,37.333335,Drop,e_liu,1,53
A_siege_nub,level_1_1,1,25,0xC9859D96,41.333335,Drop,zu,1,54
A_siege_nub,level_1_1,1,25,0xC9859D96,47.333336,Drop,zqi,1,55
A_siege_nub,level_1_1,1,25,0xC9859D96,51.333336,Drop,e_liu,1,56
A_siege_nub,level_1_1,1,25,0xC9859D96,55.333336,Drop,zu,1,57
A_siege_nub,level_1_1,1,25,0xC9859D96,60.333336,Drop,zu,1,58
A_siege_nub,level_1_1,1,25,0xC9859D96,65.333337,Drop,e_liu,1,59
A_siege_nub,level_1_1,1,25,0xC9859D96,70.333337,Drop,zqi,1,60
A_siege_nub,level_1_1,1,25,0xC9859D96,74.333337,Drop,zu,1,61
A_siege_nub,level_1_1,1,25,0xC9859D96,80.066671,Drop,e_liu,1,62
A_siege_nub,level_1_1,1,25,0xC9859D96,85.333338,Drop,zqi,1,63
A_siege_nub,level_1_1,1,25,0xC9859D96,90.333338,Drop,e_lang,3,66
A_siege_nub,level_1_1,1,25,0xC9859D96,113.333339,Drop,bld_cheng,20,86
A_siege_nub,level_1_1,1,25,0xC9859D96,113.333339,End,,0,86
A_siege_nub,level_1_5,5,1,0x3CDB712D,0,Start,,0,45
A_siege_nub,level_1_5,5,1,0x3CDB712D,2.666667,Drop,e_lang,1,46
A_siege_nub,level_1_5,5,1,0x3CDB712D,4.9,Drop,e_lang,1,47
A_siege_nub,level_1_5,5,1,0x3CDB712D,7.5,Drop,e_lang,1,48
A_siege_nub,level_1_5,5,1,0x3CDB712D,11.100001,Drop,e_liu,1,49
A_siege_nub,level_1_5,5,1,0x3CDB712D,12.600001,Drop,e_lang,1,50
A_siege_nub,level_1_5,5,1,0x3CDB712D,16.200001,Drop,e_liu,1,51
A_siege_nub,level_1_5,5,1,0x3CDB712D,17.900001,Drop,e_lang,1,52
A_siege_nub,level_1_5,5,1,0x3CDB712D,21.500001,Drop,e_liu,1,53
A_siege_nub,level_1_5,5,1,0x3CDB712D,23.000001,Drop,e_lang,1,54
A_siege_nub,level_1_5,5,1,0x3CDB712D,26.600001,Drop,zqi,1,55
A_siege_nub,level_1_5,5,1,0x3CDB712D,28.600001,Drop,e_liu,1,56
A_siege_nub,level_1_5,5,1,0x3CDB712D,31.600002,Drop,e_lang,1,57
A_siege_nub,level_1_5,5,1,0x3CDB712D,34.133335,Drop,e_lang,1,58
A_siege_nub,level_1_5,5,1,0x3CDB712D,37.133335,Drop,e_liu,1,59
A_siege_nub,level_1_5,5,1,0x3CDB712D,40.133335,Drop,zqi,1,60
A_siege_nub,level_1_5,5,1,0x3CDB712D,42.133336,Drop,e_lang,1,61
A_siege_nub,level_1_5,5,1,0x3CDB712D,45.133336,Drop,e_liu,1,62
A_siege_nub,level_1_5,5,1,0x3CDB712D,57.26667,Drop,e_lang,3,65
A_siege_nub,level_1_5,5,1,0x3CDB712D,301.166682,End,,0,65
A_siege_nub,level_1_5,5,2,0x0D21F212,0,Start,,0,45
A_siege_nub,level_1_5,5,2,0x0D21F212,2.666667,Drop,e_lang,1,46
A_siege_nub,level_1_5,5,2,0x0D21F212,4.9,Drop,e_lang,1,47
A_siege_nub,level_1_5,5,2,0x0D21F212,7.5,Drop,e_lang,1,48
A_siege_nub,level_1_5,5,2,0x0D21F212,11.100001,Drop,e_liu,1,49
A_siege_nub,level_1_5,5,2,0x0D21F212,12.600001,Drop,e_lang,1,50
A_siege_nub,level_1_5,5,2,0x0D21F212,16.200001,Drop,e_liu,1,51
A_siege_nub,level_1_5,5,2,0x0D21F212,17.700001,Drop,e_lang,1,52
A_siege_nub,level_1_5,5,2,0x0D21F212,20.700001,Drop,e_liu,1,53
A_siege_nub,level_1_5,5,2,0x0D21F212,23.400001,Drop,e_lang,1,54
A_siege_nub,level_1_5,5,2,0x0D21F212,27.400001,Drop,zqi,1,55
A_siege_nub,level_1_5,5,2,0x0D21F212,28.400001,Drop,e_liu,1,56
A_siege_nub,level_1_5,5,2,0x0D21F212,31.400002,Drop,e_lang,1,57
A_siege_nub,level_1_5,5,2,0x0D21F212,34.100002,Drop,e_lang,1,58
A_siege_nub,level_1_5,5,2,0x0D21F212,37.400002,Drop,e_liu,1,59
A_siege_nub,level_1_5,5,2,0x0D21F212,107.733339,End,,0,59
A_siege_nub,level_1_5,5,3,0x5F16DFC3,0,Start,,0,45
A_siege_nub,level_1_5,5,3,0x5F16DFC3,2.666667,Drop,e_lang,1,46
A_siege_nub,level_1_5,5,3,0x5F16DFC3,4.9,Drop,e_lang,1,47
A_siege_nub,level_1_5,5,3,0x5F16DFC3,7.5,Drop,e_lang,1,48
A_siege_nub,level_1_5,5,3,0x5F16DFC3,11.100001,Drop,e_liu,1,49
A_siege_nub,level_1_5,5,3,0x5F16DFC3,12.600001,Drop,e_lang,1,50
A_siege_nub,level_1_5,5,3,0x5F16DFC3,16.300001,Drop,e_liu,1,51
A_siege_nub,level_1_5,5,3,0x5F16DFC3,18.133334,Drop,e_lang,1,52
A_siege_nub,level_1_5,5,3,0x5F16DFC3,20.733334,Drop,e_liu,1,53
A_siege_nub,level_1_5,5,3,0x5F16DFC3,23.600001,Drop,e_lang,1,54
A_siege_nub,level_1_5,5,3,0x5F16DFC3,26.600001,Drop,zqi,1,55
A_siege_nub,level_1_5,5,3,0x5F16DFC3,28.600001,Drop,e_liu,1,56
A_siege_nub,level_1_5,5,3,0x5F16DFC3,31.600002,Drop,e_lang,1,57
A_siege_nub,level_1_5,5,3,0x5F16DFC3,33.600002,Drop,e_lang,1,58
A_siege_nub,level_1_5,5,3,0x5F16DFC3,36.600002,Drop,e_liu,1,59
A_siege_nub,level_1_5,5,3,0x5F16DFC3,39.600002,Drop,zqi,1,60
A_siege_nub,level_1_5,5,3,0x5F16DFC3,41.800002,Drop,e_lang,1,61
A_siege_nub,level_1_5,5,3,0x5F16DFC3,45.600002,Drop,e_liu,1,62
A_siege_nub,level_1_5,5,3,0x5F16DFC3,100.033339,End,,0,62
A_siege_nub,level_1_5,5,4,0x19314B34,0,Start,,0,45
A_siege_nub,level_1_5,5,4,0x19314B34,2.666667,Drop,e_lang,1,46
A_siege_nub,level_1_5,5,4,0x19314B34,4.9,Drop,e_lang,1,47
A_siege_nub,level_1_5,5,4,0x19314B34,7.5,Drop,e_lang,1,48
A_siege_nub,level_1_5,5,4,0x19314B34,11.100001,Drop,e_liu,1,49
A_siege_nub,level_1_5,5,4,0x19314B34,12.600001,Drop,e_lang,1,50
A_siege_nub,level_1_5,5,4,0x19314B34,16.200001,Drop,e_liu,1,51
A_siege_nub,level_1_5,5,4,0x19314B34,17.700001,Drop,e_lang,1,52
A_siege_nub,level_1_5,5,4,0x19314B34,21.300001,Drop,e_liu,1,53
A_siege_nub,level_1_5,5,4,0x19314B34,23.500001,Drop,e_lang,1,54
A_siege_nub,level_1_5,5,4,0x19314B34,26.700001,Drop,zqi,1,55
A_siege_nub,level_1_5,5,4,0x19314B34,28.700001,Drop,e_liu,1,56
A_siege_nub,level_1_5,5,4,0x19314B34,31.700002,Drop,e_lang,1,57
A_siege_nub,level_1_5,5,4,0x19314B34,33.700002,Drop,e_lang,1,58
A_siege_nub,level_1_5,5,4,0x19314B34,37.700002,Drop,e_liu,1,59
A_siege_nub,level_1_5,5,4,0x19314B34,39.700002,Drop,zqi,1,60
A_siege_nub,level_1_5,5,4,0x19314B34,41.700002,Drop,e_lang,1,61
A_siege_nub,level_1_5,5,4,0x19314B34,44.700002,Drop,e_liu,1,62
A_siege_nub,level_1_5,5,4,0x19314B34,54.56667,Drop,zqi,1,63
A_siege_nub,level_1_5,5,4,0x19314B34,116.733339,End,,0,63
A_siege_nub,level_1_5,5,5,0x3AADB0FF,0,Start,,0,45
A_siege_nub,level_1_5,5,5,0x3AADB0FF,2.666667,Drop,e_lang,1,46
A_siege_nub,level_1_5,5,5,0x3AADB0FF,4.9,Drop,e_lang,1,47
A_siege_nub,level_1_5,5,5,0x3AADB0FF,7.5,Drop,e_lang,1,48
A_siege_nub,level_1_5,5,5,0x3AADB0FF,11.100001,Drop,e_liu,1,49
A_siege_nub,level_1_5,5,5,0x3AADB0FF,12.600001,Drop,e_lang,1,50
A_siege_nub,level_1_5,5,5,0x3AADB0FF,16.200001,Drop,e_liu,1,51
A_siege_nub,level_1_5,5,5,0x3AADB0FF,17.900001,Drop,e_lang,1,52
A_siege_nub,level_1_5,5,5,0x3AADB0FF,21.500001,Drop,e_liu,1,53
A_siege_nub,level_1_5,5,5,0x3AADB0FF,23.000001,Drop,e_lang,1,54
A_siege_nub,level_1_5,5,5,0x3AADB0FF,26.600001,Drop,zqi,1,55
A_siege_nub,level_1_5,5,5,0x3AADB0FF,28.900002,Drop,e_liu,1,56
A_siege_nub,level_1_5,5,5,0x3AADB0FF,30.600002,Drop,e_lang,1,57
A_siege_nub,level_1_5,5,5,0x3AADB0FF,33.900002,Drop,e_lang,1,58
A_siege_nub,level_1_5,5,5,0x3AADB0FF,36.900002,Drop,e_liu,1,59
A_siege_nub,level_1_5,5,5,0x3AADB0FF,40.366669,Drop,zqi,1,60
A_siege_nub,level_1_5,5,5,0x3AADB0FF,42.366669,Drop,e_lang,1,61
A_siege_nub,level_1_5,5,5,0x3AADB0FF,44.466669,Drop,e_liu,1,62
A_siege_nub,level_1_5,5,5,0x3AADB0FF,47.366669,Drop,zqi,1,63
A_siege_nub,level_1_5,5,5,0x3AADB0FF,51.366669,Drop,zqi,3,66
A_siege_nub,level_1_5,5,5,0x3AADB0FF,66.36667,Drop,e_lang,3,69
A_siege_nub,level_1_5,5,5,0x3AADB0FF,81.366671,Drop,e_lang,3,72
A_siege_nub,level_1_5,5,5,0x3AADB0FF,92.366671,Drop,bld_cheng,20,92
A_siege_nub,level_1_5,5,5,0x3AADB0FF,92.366671,End,,0,92
A_siege_nub,level_1_5,5,6,0x1AF0C266,0,Start,,0,45
A_siege_nub,level_1_5,5,6,0x1AF0C266,2.666667,Drop,e_lang,1,46
A_siege_nub,level_1_5,5,6,0x1AF0C266,4.9,Drop,e_lang,1,47
A_siege_nub,level_1_5,5,6,0x1AF0C266,7.5,Drop,e_lang,1,48
A_siege_nub,level_1_5,5,6,0x1AF0C266,11.100001,Drop,e_liu,1,49
A_siege_nub,level_1_5,5,6,0x1AF0C266,12.600001,Drop,e_lang,1,50
A_siege_nub,level_1_5,5,6,0x1AF0C266,15.633334,Drop,e_liu,1,51
A_siege_nub,level_1_5,5,6,0x1AF0C266,18.200001,Drop,e_lang,1,52
A_siege_nub,level_1_5,5,6,0x1AF0C266,21.200001,Drop,e_liu,1,53
A_siege_nub,level_1_5,5,6,0x1AF0C266,23.200001,Drop,e_lang,1,54
A_siege_nub,level_1_5,5,6,0x1AF0C266,27.200001,Drop,zqi,1,55
A_siege_nub,level_1_5,5,6,0x1AF0C266,29.200002,Drop,e_liu,1,56
A_siege_nub,level_1_5,5,6,0x1AF0C266,31.200002,Drop,e_lang,1,57
A_siege_nub,level_1_5,5,6,0x1AF0C266,34.200002,Drop,e_lang,1,58
A_siege_nub,level_1_5,5,6,0x1AF0C266,36.200002,Drop,e_liu,1,59
A_siege_nub,level_1_5,5,6,0x1AF0C266,40.200002,Drop,zqi,1,60
A_siege_nub,level_1_5,5,6,0x1AF0C266,42.200002,Drop,e_lang,1,61
A_siege_nub,level_1_5,5,6,0x1AF0C266,45.200002,Drop,e_liu,1,62
A_siege_nub,level_1_5,5,6,0x1AF0C266,116.600006,End,,0,62
A_siege_nub,level_1_5,5,7,0x553C6438,0,Start,,0,45
A_siege_nub,level_1_5,5,7,0x553C6438,2.666667,Drop,e_lang,1,46
A_siege_nub,level_1_5,5,7,0x553C6438,4.9,Drop,e_lang,1,47
A_siege_nub,level_1_5,5,7,0x553C6438,7.5,Drop,e_lang,1,48
A_siege_nub,level_1_5,5,7,0x553C6438,11.100001,Drop,e_liu,1,49
A_siege_nub,level_1_5,5,7,0x553C6438,12.600001,Drop,e_lang,1,50
A_siege_nub,level_1_5,5,7,0x553C6438,16.200001,Drop,e_liu,1,51
A_siege_nub,level_1_5,5,7,0x553C6438,17.900001,Drop,e_lang,1,52
A_siege_nub,level_1_5,5,7,0x553C6438,21.500001,Drop,e_liu,1,53
A_siege_nub,level_1_5,5,7,0x553C6438,23.300001,Drop,e_lang,1,54
A_siege_nub,level_1_5,5,7,0x553C6438,26.500001,Drop,zqi,1,55
A_siege_nub,level_1_5,5,7,0x553C6438,29.500002,Drop,e_liu,1,56
A_siege_nub,level_1_5,5,7,0x553C6438,31.233335,Drop,e_lang,1,57
A_siege_nub,level_1_5,5,7,0x553C6438,33.666668,Drop,e_lang,1,58
A_siege_nub,level_1_5,5,7,0x553C6438,37.300002,Drop,e_liu,1,59
A_siege_nub,level_1_5,5,7,0x553C6438,39.666669,Drop,zqi,1,60
A_siege_nub,level_1_5,5,7,0x553C6438,42.666669,Drop,e_lang,1,61
A_siege_nub,level_1_5,5,7,0x553C6438,44.166669,Drop,e_liu,1,62
A_siege_nub,level_1_5,5,7,0x553C6438,47.666669,Drop,zqi,1,63
A_siege_nub,level_1_5,5,7,0x553C6438,54.933336,Drop,zqi,3,66
A_siege_nub,level_1_5,5,7,0x553C6438,118.266673,End,,0,66
A_siege_nub,level_1_5,5,8,0xEEDA1445,0,Start,,0,45
A_siege_nub,level_1_5,5,8,0xEEDA1445,2.666667,Drop,e_lang,1,46
A_siege_nub,level_1_5,5,8,0xEEDA1445,4.9,Drop,e_lang,1,47
A_siege_nub,level_1_5,5,8,0xEEDA1445,7.5,Drop,e_lang,1,48
A_siege_nub,level_1_5,5,8,0xEEDA1445,11.100001,Drop,e_liu,1,49
A_siege_nub,level_1_5,5,8,0xEEDA1445,12.600001,Drop,e_lang,1,50
A_siege_nub,level_1_5,5,8,0xEEDA1445,16.200001,Drop,e_liu,1,51
A_siege_nub,level_1_5,5,8,0xEEDA1445,17.700001,Drop,e_lang,1,52
A_siege_nub,level_1_5,5,8,0xEEDA1445,21.300001,Drop,e_liu,1,53
A_siege_nub,level_1_5,5,8,0xEEDA1445,23.300001,Drop,e_lang,1,54
A_siege_nub,level_1_5,5,8,0xEEDA1445,27.300001,Drop,zqi,1,55
A_siege_nub,level_1_5,5,8,0xEEDA1445,29.300002,Drop,e_liu,1,56
A_siege_nub,level_1_5,5,8,0xEEDA1445,31.133335,Drop,e_lang,1,57
A_siege_nub,level_1_5,5,8,0xEEDA1445,34.000002,Drop,e_lang,1,58
A_siege_nub,level_1_5,5,8,0xEEDA1445,36.700002,Drop,e_liu,1,59
A_siege_nub,level_1_5,5,8,0xEEDA1445,40.300002,Drop,zqi,1,60
A_siege_nub,level_1_5,5,8,0xEEDA1445,41.100002,Drop,e_lang,1,61
A_siege_nub,level_1_5,5,8,0xEEDA1445,44.766669,Drop,e_liu,1,62
A_siege_nub,level_1_5,5,8,0xEEDA1445,47.300002,Drop,zqi,1,63
A_siege_nub,level_1_5,5,8,0xEEDA1445,52.300003,Drop,zqi,3,66
A_siege_nub,level_1_5,5,8,0xEEDA1445,65.933337,Drop,e_lang,3,69
A_siege_nub,level_1_5,5,8,0xEEDA1445,90.300005,Drop,bld_cheng,20,89
A_siege_nub,level_1_5,5,8,0xEEDA1445,90.300005,End,,0,89
A_siege_nub,level_1_5,5,9,0x260EAFEC,0,Start,,0,45
A_siege_nub,level_1_5,5,9,0x260EAFEC,2.666667,Drop,e_lang,1,46
A_siege_nub,level_1_5,5,9,0x260EAFEC,4.9,Drop,e_lang,1,47
A_siege_nub,level_1_5,5,9,0x260EAFEC,7.5,Drop,e_lang,1,48
A_siege_nub,level_1_5,5,9,0x260EAFEC,11.100001,Drop,e_liu,1,49
A_siege_nub,level_1_5,5,9,0x260EAFEC,12.600001,Drop,e_lang,1,50
A_siege_nub,level_1_5,5,9,0x260EAFEC,16.200001,Drop,e_liu,1,51
A_siege_nub,level_1_5,5,9,0x260EAFEC,17.900001,Drop,e_lang,1,52
A_siege_nub,level_1_5,5,9,0x260EAFEC,21.633334,Drop,e_liu,1,53
A_siege_nub,level_1_5,5,9,0x260EAFEC,23.300001,Drop,e_lang,1,54
A_siege_nub,level_1_5,5,9,0x260EAFEC,26.533335,Drop,zqi,1,55
A_siege_nub,level_1_5,5,9,0x260EAFEC,28.633335,Drop,e_liu,1,56
A_siege_nub,level_1_5,5,9,0x260EAFEC,31.533335,Drop,e_lang,1,57
A_siege_nub,level_1_5,5,9,0x260EAFEC,33.633335,Drop,e_lang,1,58
A_siege_nub,level_1_5,5,9,0x260EAFEC,36.533335,Drop,e_liu,1,59
A_siege_nub,level_1_5,5,9,0x260EAFEC,39.533335,Drop,zqi,1,60
A_siege_nub,level_1_5,5,9,0x260EAFEC,41.900002,Drop,e_lang,1,61
A_siege_nub,level_1_5,5,9,0x260EAFEC,44.533336,Drop,e_liu,1,62
A_siege_nub,level_1_5,5,9,0x260EAFEC,47.533336,Drop,zqi,1,63
A_siege_nub,level_1_5,5,9,0x260EAFEC,66.900003,Drop,zqi,3,66
A_siege_nub,level_1_5,5,9,0x260EAFEC,116.633339,End,,0,66
A_siege_nub,level_1_5,5,10,0x8D9994B5,0,Start,,0,45
A_siege_nub,level_1_5,5,10,0x8D9994B5,2.7,Drop,e_lang,1,46
A_siege_nub,level_1_5,5,10,0x8D9994B5,4.933334,Drop,e_lang,1,47
A_siege_nub,level_1_5,5,10,0x8D9994B5,7.533334,Drop,e_lang,1,48
A_siege_nub,level_1_5,5,10,0x8D9994B5,11.133334,Drop,e_liu,1,49
A_siege_nub,level_1_5,5,10,0x8D9994B5,12.633334,Drop,e_lang,1,50
A_siege_nub,level_1_5,5,10,0x8D9994B5,16.233334,Drop,e_liu,1,51
A_siege_nub,level_1_5,5,10,0x8D9994B5,17.733334,Drop,e_lang,1,52
A_siege_nub,level_1_5,5,10,0x8D9994B5,21.166668,Drop,e_liu,1,53
A_siege_nub,level_1_5,5,10,0x8D9994B5,23.000001,Drop,e_lang,1,54
A_siege_nub,level_1_5,5,10,0x8D9994B5,26.600001,Drop,zqi,1,55
A_siege_nub,level_1_5,5,10,0x8D9994B5,29.100002,Drop,e_liu,1,56
A_siege_nub,level_1_5,5,10,0x8D9994B5,32.100002,Drop,e_lang,1,57
A_siege_nub,level_1_5,5,10,0x8D9994B5,35.100002,Drop,e_lang,1,58
A_siege_nub,level_1_5,5,10,0x8D9994B5,36.766669,Drop,e_liu,1,59
A_siege_nub,level_1_5,5,10,0x8D9994B5,40.100002,Drop,zqi,1,60
A_siege_nub,level_1_5,5,10,0x8D9994B5,41.166669,Drop,e_lang,1,61
A_siege_nub,level_1_5,5,10,0x8D9994B5,44.100002,Drop,e_liu,1,62
A_siege_nub,level_1_5,5,10,0x8D9994B5,49.966669,Drop,e_lang,3,65
A_siege_nub,level_1_5,5,10,0x8D9994B5,117.900006,End,,0,65
A_siege_nub,level_1_5,5,11,0x5EE20D72,0,Start,,0,45
A_siege_nub,level_1_5,5,11,0x5EE20D72,2.666667,Drop,e_lang,1,46
A_siege_nub,level_1_5,5,11,0x5EE20D72,4.9,Drop,e_lang,1,47
A_siege_nub,level_1_5,5,11,0x5EE20D72,7.5,Drop,e_lang,1,48
A_siege_nub,level_1_5,5,11,0x5EE20D72,11.100001,Drop,e_liu,1,49
A_siege_nub,level_1_5,5,11,0x5EE20D72,12.600001,Drop,e_lang,1,50
A_siege_nub,level_1_5,5,11,0x5EE20D72,16.200001,Drop,e_liu,1,51
A_siege_nub,level_1_5,5,11,0x5EE20D72,17.900001,Drop,e_lang,1,52
A_siege_nub,level_1_5,5,11,0x5EE20D72,21.333334,Drop,e_liu,1,53
A_siege_nub,level_1_5,5,11,0x5EE20D72,23.766668,Drop,e_lang,1,54
A_siege_nub,level_1_5,5,11,0x5EE20D72,26.766668,Drop,zqi,1,55
A_siege_nub,level_1_5,5,11,0x5EE20D72,28.766668,Drop,e_liu,1,56
A_siege_nub,level_1_5,5,11,0x5EE20D72,31.166668,Drop,e_lang,1,57
A_siege_nub,level_1_5,5,11,0x5EE20D72,34.166668,Drop,e_lang,1,58
A_siege_nub,level_1_5,5,11,0x5EE20D72,36.766669,Drop,e_liu,1,59
A_siege_nub,level_1_5,5,11,0x5EE20D72,95.400005,End,,0,59
A_siege_nub,level_1_5,5,12,0xF6C41854,0,Start,,0,45
A_siege_nub,level_1_5,5,12,0xF6C41854,2.7,Drop,e_lang,1,46
A_siege_nub,level_1_5,5,12,0xF6C41854,4.933334,Drop,e_lang,1,47
A_siege_nub,level_1_5,5,12,0xF6C41854,7.533334,Drop,e_lang,1,48
A_siege_nub,level_1_5,5,12,0xF6C41854,11.133334,Drop,e_liu,1,49
A_siege_nub,level_1_5,5,12,0xF6C41854,12.633334,Drop,e_lang,1,50
A_siege_nub,level_1_5,5,12,0xF6C41854,16.233334,Drop,e_liu,1,51
A_siege_nub,level_1_5,5,12,0xF6C41854,18.100001,Drop,e_lang,1,52
A_siege_nub,level_1_5,5,12,0xF6C41854,21.300001,Drop,e_liu,1,53
A_siege_nub,level_1_5,5,12,0xF6C41854,23.300001,Drop,e_lang,1,54
A_siege_nub,level_1_5,5,12,0xF6C41854,26.533335,Drop,zqi,1,55
A_siege_nub,level_1_5,5,12,0xF6C41854,29.533335,Drop,e_liu,1,56
A_siege_nub,level_1_5,5,12,0xF6C41854,31.233335,Drop,e_lang,1,57
A_siege_nub,level_1_5,5,12,0xF6C41854,33.566668,Drop,e_lang,1,58
A_siege_nub,level_1_5,5,12,0xF6C41854,36.566669,Drop,e_liu,1,59
A_siege_nub,level_1_5,5,12,0xF6C41854,39.800002,Drop,zqi,1,60
A_siege_nub,level_1_5,5,12,0xF6C41854,41.166669,Drop,e_lang,1,61
A_siege_nub,level_1_5,5,12,0xF6C41854,44.800002,Drop,e_liu,1,62
A_siege_nub,level_1_5,5,12,0xF6C41854,92.533338,End,,0,62
A_siege_nub,level_1_5,5,13,0xCC1AF4D3,0,Start,,0,45
A_siege_nub,level_1_5,5,13,0xCC1AF4D3,2.666667,Drop,e_lang,1,46
A_siege_nub,level_1_5,5,13,0xCC1AF4D3,4.9,Drop,e_lang,1,47
A_siege_nub,level_1_5,5,13,0xCC1AF4D3,7.5,Drop,e_lang,1,48
A_siege_nub,level_1_5,5,13,0xCC1AF4D3,11.100001,Drop,e_liu,1,49
A_siege_nub,level_1_5,5,13,0xCC1AF4D3,12.600001,Drop,e_lang,1,50
A_siege_nub,level_1_5,5,13,0xCC1AF4D3,15.600001,Drop,e_liu,1,51
A_siege_nub,level_1_5,5,13,0xCC1AF4D3,17.800001,Drop,e_lang,1,52
A_siege_nub,level_1_5,5,13,0xCC1AF4D3,21.000001,Drop,e_liu,1,53
A_siege_nub,level_1_5,5,13,0xCC1AF4D3,22.833335,Drop,e_lang,1,54
A_siege_nub,level_1_5,5,13,0xCC1AF4D3,26.433335,Drop,zqi,1,55
A_siege_nub,level_1_5,5,13,0xCC1AF4D3,28.833335,Drop,e_liu,1,56
A_siege_nub,level_1_5,5,13,0xCC1AF4D3,31.433335,Drop,e_lang,1,57
A_siege_nub,level_1_5,5,13,0xCC1AF4D3,33.833335,Drop,e_lang,1,58
A_siege_nub,level_1_5,5,13,0xCC1AF4D3,37.433335,Drop,e_liu,1,59
A_siege_nub,level_1_5,5,13,0xCC1AF4D3,39.433335,Drop,zqi,1,60
A_siege_nub,level_1_5,5,13,0xCC1AF4D3,42.433336,Drop,e_lang,1,61
A_siege_nub,level_1_5,5,13,0xCC1AF4D3,44.800002,Drop,e_liu,1,62
A_siege_nub,level_1_5,5,13,0xCC1AF4D3,47.433336,Drop,zqi,1,63
A_siege_nub,level_1_5,5,13,0xCC1AF4D3,51.433336,Drop,zqi,3,66
A_siege_nub,level_1_5,5,13,0xCC1AF4D3,66.433337,Drop,e_lang,3,69
A_siege_nub,level_1_5,5,13,0xCC1AF4D3,81.433338,Drop,e_lang,3,72
A_siege_nub,level_1_5,5,13,0xCC1AF4D3,92.433338,Drop,bld_cheng,20,92
A_siege_nub,level_1_5,5,13,0xCC1AF4D3,92.433338,End,,0,92
A_siege_nub,level_1_5,5,14,0xC29B6FF3,0,Start,,0,45
A_siege_nub,level_1_5,5,14,0xC29B6FF3,2.666667,Drop,e_lang,1,46
A_siege_nub,level_1_5,5,14,0xC29B6FF3,4.9,Drop,e_lang,1,47
A_siege_nub,level_1_5,5,14,0xC29B6FF3,7.5,Drop,e_lang,1,48
A_siege_nub,level_1_5,5,14,0xC29B6FF3,11.100001,Drop,e_liu,1,49
A_siege_nub,level_1_5,5,14,0xC29B6FF3,12.600001,Drop,e_lang,1,50
A_siege_nub,level_1_5,5,14,0xC29B6FF3,16.200001,Drop,e_liu,1,51
A_siege_nub,level_1_5,5,14,0xC29B6FF3,17.700001,Drop,e_lang,1,52
A_siege_nub,level_1_5,5,14,0xC29B6FF3,21.300001,Drop,e_liu,1,53
A_siege_nub,level_1_5,5,14,0xC29B6FF3,23.400001,Drop,e_lang,1,54
A_siege_nub,level_1_5,5,14,0xC29B6FF3,26.600001,Drop,zqi,1,55
A_siege_nub,level_1_5,5,14,0xC29B6FF3,29.100002,Drop,e_liu,1,56
A_siege_nub,level_1_5,5,14,0xC29B6FF3,30.733335,Drop,e_lang,1,57
A_siege_nub,level_1_5,5,14,0xC29B6FF3,33.533335,Drop,e_lang,1,58
A_siege_nub,level_1_5,5,14,0xC29B6FF3,36.733335,Drop,e_liu,1,59
A_siege_nub,level_1_5,5,14,0xC29B6FF3,40.133335,Drop,zqi,1,60
A_siege_nub,level_1_5,5,14,0xC29B6FF3,42.133336,Drop,e_lang,1,61
A_siege_nub,level_1_5,5,14,0xC29B6FF3,44.366669,Drop,e_liu,1,62
A_siege_nub,level_1_5,5,14,0xC29B6FF3,99.800005,End,,0,62
A_siege_nub,level_1_5,5,15,0x43CE5061,0,Start,,0,45
A_siege_nub,level_1_5,5,15,0x43CE5061,2.666667,Drop,e_lang,1,46
A_siege_nub,level_1_5,5,15,0x43CE5061,4.9,Drop,e_lang,1,47
A_siege_nub,level_1_5,5,15,0x43CE5061,7.5,Drop,e_lang,1,48
A_siege_nub,level_1_5,5,15,0x43CE5061,11.100001,Drop,e_liu,1,49
A_siege_nub,level_1_5,5,15,0x43CE5061,12.600001,Drop,e_lang,1,50
A_siege_nub,level_1_5,5,15,0x43CE5061,15.666667,Drop,e_liu,1,51
A_siege_nub,level_1_5,5,15,0x43CE5061,18.200001,Drop,e_lang,1,52
A_siege_nub,level_1_5,5,15,0x43CE5061,21.200001,Drop,e_liu,1,53
A_siege_nub,level_1_5,5,15,0x43CE5061,23.200001,Drop,e_lang,1,54
A_siege_nub,level_1_5,5,15,0x43CE5061,27.200001,Drop,zqi,1,55
A_siege_nub,level_1_5,5,15,0x43CE5061,29.200002,Drop,e_liu,1,56
A_siege_nub,level_1_5,5,15,0x43CE5061,31.200002,Drop,e_lang,1,57
A_siege_nub,level_1_5,5,15,0x43CE5061,33.233335,Drop,e_lang,1,58
A_siege_nub,level_1_5,5,15,0x43CE5061,36.200002,Drop,e_liu,1,59
A_siege_nub,level_1_5,5,15,0x43CE5061,40.200002,Drop,zqi,1,60
A_siege_nub,level_1_5,5,15,0x43CE5061,42.200002,Drop,e_lang,1,61
A_siege_nub,level_1_5,5,15,0x43CE5061,44.200002,Drop,e_liu,1,62
A_siege_nub,level_1_5,5,15,0x43CE5061,48.200003,Drop,zqi,1,63
A_siege_nub,level_1_5,5,15,0x43CE5061,51.200003,Drop,zqi,3,66
A_siege_nub,level_1_5,5,15,0x43CE5061,65.56667,Drop,e_lang,3,69
A_siege_nub,level_1_5,5,15,0x43CE5061,80.566671,Drop,e_lang,3,72
A_siege_nub,level_1_5,5,15,0x43CE5061,91.566671,Drop,bld_cheng,20,92
A_siege_nub,level_1_5,5,15,0x43CE5061,91.566671,End,,0,92
A_siege_nub,level_1_5,5,16,0xB184A480,0,Start,,0,45
A_siege_nub,level_1_5,5,16,0xB184A480,2.666667,Drop,e_lang,1,46
A_siege_nub,level_1_5,5,16,0xB184A480,4.9,Drop,e_lang,1,47
A_siege_nub,level_1_5,5,16,0xB184A480,7.5,Drop,e_lang,1,48
A_siege_nub,level_1_5,5,16,0xB184A480,11.100001,Drop,e_liu,1,49
A_siege_nub,level_1_5,5,16,0xB184A480,12.600001,Drop,e_lang,1,50
A_siege_nub,level_1_5,5,16,0xB184A480,16.200001,Drop,e_liu,1,51
A_siege_nub,level_1_5,5,16,0xB184A480,17.700001,Drop,e_lang,1,52
A_siege_nub,level_1_5,5,16,0xB184A480,21.300001,Drop,e_liu,1,53
A_siege_nub,level_1_5,5,16,0xB184A480,22.933335,Drop,e_lang,1,54
A_siege_nub,level_1_5,5,16,0xB184A480,26.533335,Drop,zqi,1,55
A_siege_nub,level_1_5,5,16,0xB184A480,29.033335,Drop,e_liu,1,56
A_siege_nub,level_1_5,5,16,0xB184A480,30.900002,Drop,e_lang,1,57
A_siege_nub,level_1_5,5,16,0xB184A480,33.666668,Drop,e_lang,1,58
A_siege_nub,level_1_5,5,16,0xB184A480,36.666669,Drop,e_liu,1,59
A_siege_nub,level_1_5,5,16,0xB184A480,40.500002,Drop,zqi,1,60
A_siege_nub,level_1_5,5,16,0xB184A480,41.666669,Drop,e_lang,1,61
A_siege_nub,level_1_5,5,16,0xB184A480,44.666669,Drop,e_liu,1,62
A_siege_nub,level_1_5,5,16,0xB184A480,48.500003,Drop,zqi,1,63
A_siege_nub,level_1_5,5,16,0xB184A480,51.500003,Drop,zqi,3,66
A_siege_nub,level_1_5,5,16,0xB184A480,66.500003,Drop,e_lang,3,69
A_siege_nub,level_1_5,5,16,0xB184A480,70.133337,Drop,e_lang,3,72
A_siege_nub,level_1_5,5,16,0xB184A480,81.500004,Drop,e_lang,3,75
A_siege_nub,level_1_5,5,16,0xB184A480,92.500005,Drop,bld_cheng,20,95
A_siege_nub,level_1_5,5,16,0xB184A480,92.500005,End,,0,95
A_siege_nub,level_1_5,5,17,0x8782774A,0,Start,,0,45
A_siege_nub,level_1_5,5,17,0x8782774A,2.666667,Drop,e_lang,1,46
A_siege_nub,level_1_5,5,17,0x8782774A,4.9,Drop,e_lang,1,47
A_siege_nub,level_1_5,5,17,0x8782774A,7.5,Drop,e_lang,1,48
A_siege_nub,level_1_5,5,17,0x8782774A,11.100001,Drop,e_liu,1,49
A_siege_nub,level_1_5,5,17,0x8782774A,12.700001,Drop,e_lang,1,50
A_siege_nub,level_1_5,5,17,0x8782774A,16.300001,Drop,e_liu,1,51
A_siege_nub,level_1_5,5,17,0x8782774A,17.800001,Drop,e_lang,1,52
A_siege_nub,level_1_5,5,17,0x8782774A,21.166668,Drop,e_liu,1,53
A_siege_nub,level_1_5,5,17,0x8782774A,23.933335,Drop,e_lang,1,54
A_siege_nub,level_1_5,5,17,0x8782774A,26.433335,Drop,zqi,1,55
A_siege_nub,level_1_5,5,17,0x8782774A,28.900002,Drop,e_liu,1,56
A_siege_nub,level_1_5,5,17,0x8782774A,31.300002,Drop,e_lang,1,57
A_siege_nub,level_1_5,5,17,0x8782774A,33.900002,Drop,e_lang,1,58
A_siege_nub,level_1_5,5,17,0x8782774A,36.900002,Drop,e_liu,1,59
A_siege_nub,level_1_5,5,17,0x8782774A,40.300002,Drop,zqi,1,60
A_siege_nub,level_1_5,5,17,0x8782774A,41.900002,Drop,e_lang,1,61
A_siege_nub,level_1_5,5,17,0x8782774A,44.566669,Drop,e_liu,1,62
A_siege_nub,level_1_5,5,17,0x8782774A,51.500003,Drop,zqi,1,63
A_siege_nub,level_1_5,5,17,0x8782774A,59.900003,Drop,zqi,3,66
A_siege_nub,level_1_5,5,17,0x8782774A,65.96667,Drop,e_lang,3,69
A_siege_nub,level_1_5,5,17,0x8782774A,95.300005,Drop,e_lang,3,72
A_siege_nub,level_1_5,5,17,0x8782774A,110.300006,Drop,e_lang,3,75
A_siege_nub,level_1_5,5,17,0x8782774A,600.000031,End,,0,75
A_siege_nub,level_1_5,5,18,0xE4012C1F,0,Start,,0,45
A_siege_nub,level_1_5,5,18,0xE4012C1F,2.666667,Drop,e_lang,1,46
A_siege_nub,level_1_5,5,18,0xE4012C1F,4.9,Drop,e_lang,1,47
A_siege_nub,level_1_5,5,18,0xE4012C1F,7.5,Drop,e_lang,1,48
A_siege_nub,level_1_5,5,18,0xE4012C1F,11.100001,Drop,e_liu,1,49
A_siege_nub,level_1_5,5,18,0xE4012C1F,12.600001,Drop,e_lang,1,50
A_siege_nub,level_1_5,5,18,0xE4012C1F,16.200001,Drop,e_liu,1,51
A_siege_nub,level_1_5,5,18,0xE4012C1F,17.700001,Drop,e_lang,1,52
A_siege_nub,level_1_5,5,18,0xE4012C1F,21.100001,Drop,e_liu,1,53
A_siege_nub,level_1_5,5,18,0xE4012C1F,23.300001,Drop,e_lang,1,54
A_siege_nub,level_1_5,5,18,0xE4012C1F,26.500001,Drop,zqi,1,55
A_siege_nub,level_1_5,5,18,0xE4012C1F,29.000002,Drop,e_liu,1,56
A_siege_nub,level_1_5,5,18,0xE4012C1F,31.200002,Drop,e_lang,1,57
A_siege_nub,level_1_5,5,18,0xE4012C1F,33.533335,Drop,e_lang,1,58
A_siege_nub,level_1_5,5,18,0xE4012C1F,37.400002,Drop,e_liu,1,59
A_siege_nub,level_1_5,5,18,0xE4012C1F,40.400002,Drop,zqi,1,60
A_siege_nub,level_1_5,5,18,0xE4012C1F,41.500002,Drop,e_lang,1,61
A_siege_nub,level_1_5,5,18,0xE4012C1F,45.233336,Drop,e_liu,1,62
A_siege_nub,level_1_5,5,18,0xE4012C1F,47.400002,Drop,zqi,1,63
A_siege_nub,level_1_5,5,18,0xE4012C1F,116.566673,End,,0,63
A_siege_nub,level_1_5,5,19,0xF1D7371E,0,Start,,0,45
A_siege_nub,level_1_5,5,19,0xF1D7371E,2.666667,Drop,e_lang,1,46
A_siege_nub,level_1_5,5,19,0xF1D7371E,4.9,Drop,e_lang,1,47
A_siege_nub,level_1_5,5,19,0xF1D7371E,7.5,Drop,e_lang,1,48
A_siege_nub,level_1_5,5,19,0xF1D7371E,11.100001,Drop,e_liu,1,49
A_siege_nub,level_1_5,5,19,0xF1D7371E,12.600001,Drop,e_lang,1,50
A_siege_nub,level_1_5,5,19,0xF1D7371E,15.633334,Drop,e_liu,1,51
A_siege_nub,level_1_5,5,19,0xF1D7371E,18.200001,Drop,e_lang,1,52
A_siege_nub,level_1_5,5,19,0xF1D7371E,21.200001,Drop,e_liu,1,53
A_siege_nub,level_1_5,5,19,0xF1D7371E,23.200001,Drop,e_lang,1,54
A_siege_nub,level_1_5,5,19,0xF1D7371E,27.200001,Drop,zqi,1,55
A_siege_nub,level_1_5,5,19,0xF1D7371E,29.200002,Drop,e_liu,1,56
A_siege_nub,level_1_5,5,19,0xF1D7371E,31.666668,Drop,e_lang,1,57
A_siege_nub,level_1_5,5,19,0xF1D7371E,33.666668,Drop,e_lang,1,58
A_siege_nub,level_1_5,5,19,0xF1D7371E,36.533335,Drop,e_liu,1,59
A_siege_nub,level_1_5,5,19,0xF1D7371E,39.533335,Drop,zqi,1,60
A_siege_nub,level_1_5,5,19,0xF1D7371E,41.666669,Drop,e_lang,1,61
A_siege_nub,level_1_5,5,19,0xF1D7371E,45.533336,Drop,e_liu,1,62
A_siege_nub,level_1_5,5,19,0xF1D7371E,47.533336,Drop,zqi,1,63
A_siege_nub,level_1_5,5,19,0xF1D7371E,62.833337,Drop,zqi,3,66
A_siege_nub,level_1_5,5,19,0xF1D7371E,71.633337,Drop,e_lang,3,69
A_siege_nub,level_1_5,5,19,0xF1D7371E,72.633337,Drop,e_lang,3,72
A_siege_nub,level_1_5,5,19,0xF1D7371E,127.03334,End,,0,72
A_siege_nub,level_1_5,5,20,0xF1AB6C04,0,Start,,0,45
A_siege_nub,level_1_5,5,20,0xF1AB6C04,2.666667,Drop,e_lang,1,46
A_siege_nub,level_1_5,5,20,0xF1AB6C04,4.9,Drop,e_lang,1,47
A_siege_nub,level_1_5,5,20,0xF1AB6C04,7.5,Drop,e_lang,1,48
A_siege_nub,level_1_5,5,20,0xF1AB6C04,11.100001,Drop,e_liu,1,49
A_siege_nub,level_1_5,5,20,0xF1AB6C04,12.566667,Drop,e_lang,1,50
A_siege_nub,level_1_5,5,20,0xF1AB6C04,16.166668,Drop,e_liu,1,51
A_siege_nub,level_1_5,5,20,0xF1AB6C04,17.766668,Drop,e_lang,1,52
A_siege_nub,level_1_5,5,20,0xF1AB6C04,20.733334,Drop,e_liu,1,53
A_siege_nub,level_1_5,5,20,0xF1AB6C04,22.933335,Drop,e_lang,1,54
A_siege_nub,level_1_5,5,20,0xF1AB6C04,26.533335,Drop,zqi,1,55
A_siege_nub,level_1_5,5,20,0xF1AB6C04,28.366668,Drop,e_liu,1,56
A_siege_nub,level_1_5,5,20,0xF1AB6C04,30.933335,Drop,e_lang,1,57
A_siege_nub,level_1_5,5,20,0xF1AB6C04,33.533335,Drop,e_lang,1,58
A_siege_nub,level_1_5,5,20,0xF1AB6C04,36.433335,Drop,e_liu,1,59
A_siege_nub,level_1_5,5,20,0xF1AB6C04,39.633335,Drop,zqi,1,60
A_siege_nub,level_1_5,5,20,0xF1AB6C04,42.633336,Drop,e_lang,1,61
A_siege_nub,level_1_5,5,20,0xF1AB6C04,45.133336,Drop,e_liu,1,62
A_siege_nub,level_1_5,5,20,0xF1AB6C04,47.633336,Drop,zqi,1,63
A_siege_nub,level_1_5,5,20,0xF1AB6C04,52.633336,Drop,zqi,3,66
A_siege_nub,level_1_5,5,20,0xF1AB6C04,66.633337,Drop,e_lang,3,69
A_siege_nub,level_1_5,5,20,0xF1AB6C04,81.633338,Drop,e_lang,3,72
A_siege_nub,level_1_5,5,20,0xF1AB6C04,92.633338,Drop,bld_cheng,20,92
A_siege_nub,level_1_5,5,20,0xF1AB6C04,92.633338,End,,0,92
A_siege_nub,level_1_5,5,21,0x195FE031,0,Start,,0,45
A_siege_nub,level_1_5,5,21,0x195FE031,2.666667,Drop,e_lang,1,46
A_siege_nub,level_1_5,5,21,0x195FE031,4.9,Drop,e_lang,1,47
A_siege_nub,level_1_5,5,21,0x195FE031,7.5,Drop,e_lang,1,48
A_siege_nub,level_1_5,5,21,0x195FE031,11.100001,Drop,e_liu,1,49
A_siege_nub,level_1_5,5,21,0x195FE031,12.600001,Drop,e_lang,1,50
A_siege_nub,level_1_5,5,21,0x195FE031,16.200001,Drop,e_liu,1,51
A_siege_nub,level_1_5,5,21,0x195FE031,17.700001,Drop,e_lang,1,52
A_siege_nub,level_1_5,5,21,0x195FE031,21.300001,Drop,e_liu,1,53
A_siege_nub,level_1_5,5,21,0x195FE031,23.266668,Drop,e_lang,1,54
A_siege_nub,level_1_5,5,21,0x195FE031,26.500001,Drop,zqi,1,55
A_siege_nub,level_1_5,5,21,0x195FE031,29.000002,Drop,e_liu,1,56
A_siege_nub,level_1_5,5,21,0x195FE031,31.166668,Drop,e_lang,1,57
A_siege_nub,level_1_5,5,21,0x195FE031,33.366668,Drop,e_lang,1,58
A_siege_nub,level_1_5,5,21,0x195FE031,36.566669,Drop,e_liu,1,59
A_siege_nub,level_1_5,5,21,0x195FE031,40.000002,Drop,zqi,1,60
A_siege_nub,level_1_5,5,21,0x195FE031,43.000002,Drop,e_lang,1,61
A_siege_nub,level_1_5,5,21,0x195FE031,45.000002,Drop,e_liu,1,62
A_siege_nub,level_1_5,5,21,0x195FE031,48.000003,Drop,zqi,1,63
A_siege_nub,level_1_5,5,21,0x195FE031,52.000003,Drop,zqi,3,66
A_siege_nub,level_1_5,5,21,0x195FE031,66.000003,Drop,e_lang,3,69
A_siege_nub,level_1_5,5,21,0x195FE031,91.000005,Drop,bld_cheng,20,89
A_siege_nub,level_1_5,5,21,0x195FE031,91.000005,End,,0,89
A_siege_nub,level_1_5,5,22,0x4E6FE13D,0,Start,,0,45
A_siege_nub,level_1_5,5,22,0x4E6FE13D,2.666667,Drop,e_lang,1,46
A_siege_nub,level_1_5,5,22,0x4E6FE13D,4.9,Drop,e_lang,1,47
A_siege_nub,level_1_5,5,22,0x4E6FE13D,7.5,Drop,e_lang,1,48
A_siege_nub,level_1_5,5,22,0x4E6FE13D,11.100001,Drop,e_liu,1,49
A_siege_nub,level_1_5,5,22,0x4E6FE13D,12.600001,Drop,e_lang,1,50
A_siege_nub,level_1_5,5,22,0x4E6FE13D,16.200001,Drop,e_liu,1,51
A_siege_nub,level_1_5,5,22,0x4E6FE13D,17.700001,Drop,e_lang,1,52
A_siege_nub,level_1_5,5,22,0x4E6FE13D,21.300001,Drop,e_liu,1,53
A_siege_nub,level_1_5,5,22,0x4E6FE13D,23.266668,Drop,e_lang,1,54
A_siege_nub,level_1_5,5,22,0x4E6FE13D,27.133335,Drop,zqi,1,55
A_siege_nub,level_1_5,5,22,0x4E6FE13D,29.133335,Drop,e_liu,1,56
A_siege_nub,level_1_5,5,22,0x4E6FE13D,31.300002,Drop,e_lang,1,57
A_siege_nub,level_1_5,5,22,0x4E6FE13D,34.300002,Drop,e_lang,1,58
A_siege_nub,level_1_5,5,22,0x4E6FE13D,36.300002,Drop,e_liu,1,59
A_siege_nub,level_1_5,5,22,0x4E6FE13D,40.133335,Drop,zqi,1,60
A_siege_nub,level_1_5,5,22,0x4E6FE13D,43.133336,Drop,e_lang,1,61
A_siege_nub,level_1_5,5,22,0x4E6FE13D,45.000002,Drop,e_liu,1,62
A_siege_nub,level_1_5,5,22,0x4E6FE13D,117.666673,End,,0,62
A_siege_nub,level_1_5,5,23,0xFB4B1B39,0,Start,,0,45
A_siege_nub,level_1_5,5,23,0xFB4B1B39,2.666667,Drop,e_lang,1,46
A_siege_nub,level_1_5,5,23,0xFB4B1B39,4.9,Drop,e_lang,1,47
A_siege_nub,level_1_5,5,23,0xFB4B1B39,7.5,Drop,e_lang,1,48
A_siege_nub,level_1_5,5,23,0xFB4B1B39,11.100001,Drop,e_liu,1,49
A_siege_nub,level_1_5,5,23,0xFB4B1B39,12.600001,Drop,e_lang,1,50
A_siege_nub,level_1_5,5,23,0xFB4B1B39,16.300001,Drop,e_liu,1,51
A_siege_nub,level_1_5,5,23,0xFB4B1B39,18.233334,Drop,e_lang,1,52
A_siege_nub,level_1_5,5,23,0xFB4B1B39,21.333334,Drop,e_liu,1,53
A_siege_nub,level_1_5,5,23,0xFB4B1B39,23.566668,Drop,e_lang,1,54
A_siege_nub,level_1_5,5,23,0xFB4B1B39,26.600001,Drop,zqi,1,55
A_siege_nub,level_1_5,5,23,0xFB4B1B39,29.600002,Drop,e_liu,1,56
A_siege_nub,level_1_5,5,23,0xFB4B1B39,31.100002,Drop,e_lang,1,57
A_siege_nub,level_1_5,5,23,0xFB4B1B39,33.600002,Drop,e_lang,1,58
A_siege_nub,level_1_5,5,23,0xFB4B1B39,37.433335,Drop,e_liu,1,59
A_siege_nub,level_1_5,5,23,0xFB4B1B39,39.600002,Drop,zqi,1,60
A_siege_nub,level_1_5,5,23,0xFB4B1B39,42.600002,Drop,e_lang,1,61
A_siege_nub,level_1_5,5,23,0xFB4B1B39,44.600002,Drop,e_liu,1,62
A_siege_nub,level_1_5,5,23,0xFB4B1B39,47.600002,Drop,zqi,1,63
A_siege_nub,level_1_5,5,23,0xFB4B1B39,51.600003,Drop,zqi,3,66
A_siege_nub,level_1_5,5,23,0xFB4B1B39,66.700003,Drop,e_lang,3,69
A_siege_nub,level_1_5,5,23,0xFB4B1B39,81.700004,Drop,e_lang,3,72
A_siege_nub,level_1_5,5,23,0xFB4B1B39,92.700005,Drop,bld_cheng,20,92
A_siege_nub,level_1_5,5,23,0xFB4B1B39,92.700005,End,,0,92
A_siege_nub,level_1_5,5,24,0x9DA292CF,0,Start,,0,45
A_siege_nub,level_1_5,5,24,0x9DA292CF,2.666667,Drop,e_lang,1,46
A_siege_nub,level_1_5,5,24,0x9DA292CF,4.9,Drop,e_lang,1,47
A_siege_nub,level_1_5,5,24,0x9DA292CF,7.5,Drop,e_lang,1,48
A_siege_nub,level_1_5,5,24,0x9DA292CF,11.100001,Drop,e_liu,1,49
A_siege_nub,level_1_5,5,24,0x9DA292CF,12.600001,Drop,e_lang,1,50
A_siege_nub,level_1_5,5,24,0x9DA292CF,16.200001,Drop,e_liu,1,51
A_siege_nub,level_1_5,5,24,0x9DA292CF,17.900001,Drop,e_lang,1,52
A_siege_nub,level_1_5,5,24,0x9DA292CF,21.500001,Drop,e_liu,1,53
A_siege_nub,level_1_5,5,24,0x9DA292CF,23.333335,Drop,e_lang,1,54
A_siege_nub,level_1_5,5,24,0x9DA292CF,26.900001,Drop,zqi,1,55
A_siege_nub,level_1_5,5,24,0x9DA292CF,29.900002,Drop,e_liu,1,56
A_siege_nub,level_1_5,5,24,0x9DA292CF,30.900002,Drop,e_lang,1,57
A_siege_nub,level_1_5,5,24,0x9DA292CF,33.833335,Drop,e_lang,1,58
A_siege_nub,level_1_5,5,24,0x9DA292CF,37.033335,Drop,e_liu,1,59
A_siege_nub,level_1_5,5,24,0x9DA292CF,40.033335,Drop,zqi,1,60
A_siege_nub,level_1_5,5,24,0x9DA292CF,41.533335,Drop,e_lang,1,61
A_siege_nub,level_1_5,5,24,0x9DA292CF,44.433336,Drop,e_liu,1,62
A_siege_nub,level_1_5,5,24,0x9DA292CF,48.033336,Drop,zqi,1,63
A_siege_nub,level_1_5,5,24,0x9DA292CF,51.033336,Drop,e_lang,3,66
A_siege_nub,level_1_5,5,24,0x9DA292CF,53.033336,Drop,zqi,3,69
A_siege_nub,level_1_5,5,24,0x9DA292CF,65.56667,Drop,e_lang,3,72
A_siege_nub,level_1_5,5,24,0x9DA292CF,80.566671,Drop,e_lang,3,75
A_siege_nub,level_1_5,5,24,0x9DA292CF,92.033338,Drop,bld_cheng,20,95
A_siege_nub,level_1_5,5,24,0x9DA292CF,92.033338,End,,0,95
A_siege_nub,level_1_5,5,25,0x3099B372,0,Start,,0,45
A_siege_nub,level_1_5,5,25,0x3099B372,2.666667,Drop,e_lang,1,46
A_siege_nub,level_1_5,5,25,0x3099B372,4.9,Drop,e_lang,1,47
A_siege_nub,level_1_5,5,25,0x3099B372,7.5,Drop,e_lang,1,48
A_siege_nub,level_1_5,5,25,0x3099B372,11.100001,Drop,e_liu,1,49
A_siege_nub,level_1_5,5,25,0x3099B372,12.600001,Drop,e_lang,1,50
A_siege_nub,level_1_5,5,25,0x3099B372,16.200001,Drop,e_liu,1,51
A_siege_nub,level_1_5,5,25,0x3099B372,17.700001,Drop,e_lang,1,52
A_siege_nub,level_1_5,5,25,0x3099B372,21.300001,Drop,e_liu,1,53
A_siege_nub,level_1_5,5,25,0x3099B372,22.900001,Drop,e_lang,1,54
A_siege_nub,level_1_5,5,25,0x3099B372,26.500001,Drop,zqi,1,55
A_siege_nub,level_1_5,5,25,0x3099B372,29.000002,Drop,e_liu,1,56
A_siege_nub,level_1_5,5,25,0x3099B372,31.033335,Drop,e_lang,1,57
A_siege_nub,level_1_5,5,25,0x3099B372,34.033335,Drop,e_lang,1,58
A_siege_nub,level_1_5,5,25,0x3099B372,36.366669,Drop,e_liu,1,59
A_siege_nub,level_1_5,5,25,0x3099B372,40.000002,Drop,zqi,1,60
A_siege_nub,level_1_5,5,25,0x3099B372,42.000002,Drop,e_lang,1,61
A_siege_nub,level_1_5,5,25,0x3099B372,44.033336,Drop,e_liu,1,62
A_siege_nub,level_1_5,5,25,0x3099B372,48.000003,Drop,zqi,1,63
A_siege_nub,level_1_5,5,25,0x3099B372,51.000003,Drop,zqi,3,66
A_siege_nub,level_1_5,5,25,0x3099B372,52.000003,Drop,e_lang,3,69
A_siege_nub,level_1_5,5,25,0x3099B372,66.000003,Drop,e_lang,3,72
A_siege_nub,level_1_5,5,25,0x3099B372,91.000005,Drop,bld_cheng,20,92
A_siege_nub,level_1_5,5,25,0x3099B372,91.000005,End,,0,92
B_no_siege,level_1_1,1,1,0xD809F129,0,Start,,0,45
B_no_siege,level_1_1,1,1,0xD809F129,2.633333,Drop,zu,1,46
B_no_siege,level_1_1,1,1,0xD809F129,7.466667,Drop,zu,1,47
B_no_siege,level_1_1,1,1,0xD809F129,12.466667,Drop,zu,1,48
B_no_siege,level_1_1,1,1,0xD809F129,22.000001,Drop,e_liu,1,49
B_no_siege,level_1_1,1,1,0xD809F129,23.466668,Drop,zu,1,50
B_no_siege,level_1_1,1,1,0xD809F129,27.900001,Drop,e_liu,1,51
B_no_siege,level_1_1,1,1,0xD809F129,30.900002,Drop,zu,1,52
B_no_siege,level_1_1,1,1,0xD809F129,37.166669,Drop,e_liu,1,53
B_no_siege,level_1_1,1,1,0xD809F129,40.500002,Drop,zu,1,54
B_no_siege,level_1_1,1,1,0xD809F129,62.033337,Drop,zqi,1,55
B_no_siege,level_1_1,1,1,0xD809F129,153.500008,End,,0,55
B_no_siege,level_1_1,1,2,0x23B8E5DF,0,Start,,0,45
B_no_siege,level_1_1,1,2,0x23B8E5DF,2.666667,Drop,zu,1,46
B_no_siege,level_1_1,1,2,0x23B8E5DF,7.466667,Drop,zu,1,47
B_no_siege,level_1_1,1,2,0x23B8E5DF,12.400001,Drop,zu,1,48
B_no_siege,level_1_1,1,2,0x23B8E5DF,20.466668,Drop,e_liu,1,49
B_no_siege,level_1_1,1,2,0x23B8E5DF,21.466668,Drop,zu,1,50
B_no_siege,level_1_1,1,2,0x23B8E5DF,32.466668,Drop,zu,1,51
B_no_siege,level_1_1,1,2,0x23B8E5DF,33.466668,Drop,e_liu,1,52
B_no_siege,level_1_1,1,2,0x23B8E5DF,41.400002,Drop,zu,1,53
B_no_siege,level_1_1,1,2,0x23B8E5DF,41.433335,Drop,e_liu,1,54
B_no_siege,level_1_1,1,2,0x23B8E5DF,51.800003,Drop,e_liu,1,55
B_no_siege,level_1_1,1,2,0x23B8E5DF,55.133336,Drop,zu,1,56
B_no_siege,level_1_1,1,2,0x23B8E5DF,59.933336,Drop,zu,1,57
B_no_siege,level_1_1,1,2,0x23B8E5DF,232.000012,End,,0,57
B_no_siege,level_1_1,1,3,0xDF60519E,0,Start,,0,45
B_no_siege,level_1_1,1,3,0xDF60519E,2.6,Drop,zu,1,46
B_no_siege,level_1_1,1,3,0xDF60519E,7.4,Drop,zu,1,47
B_no_siege,level_1_1,1,3,0xDF60519E,12.400001,Drop,zu,1,48
B_no_siege,level_1_1,1,3,0xDF60519E,20.533334,Drop,e_liu,1,49
B_no_siege,level_1_1,1,3,0xDF60519E,21.400001,Drop,zu,1,50
B_no_siege,level_1_1,1,3,0xDF60519E,29.966668,Drop,e_liu,1,51
B_no_siege,level_1_1,1,3,0xDF60519E,31.100002,Drop,zu,1,52
B_no_siege,level_1_1,1,3,0xDF60519E,37.566669,Drop,e_liu,1,53
B_no_siege,level_1_1,1,3,0xDF60519E,41.366669,Drop,zu,1,54
B_no_siege,level_1_1,1,3,0xDF60519E,52.366669,Drop,e_liu,1,55
B_no_siege,level_1_1,1,3,0xDF60519E,56.033336,Drop,zu,1,56
B_no_siege,level_1_1,1,3,0xDF60519E,60.433336,Drop,zu,1,57
B_no_siege,level_1_1,1,3,0xDF60519E,200.733344,End,,0,57
B_no_siege,level_1_1,1,4,0x7F2C9DD7,0,Start,,0,45
B_no_siege,level_1_1,1,4,0x7F2C9DD7,2.6,Drop,zu,1,46
B_no_siege,level_1_1,1,4,0x7F2C9DD7,7.433334,Drop,zu,1,47
B_no_siege,level_1_1,1,4,0x7F2C9DD7,12.433334,Drop,zu,1,48
B_no_siege,level_1_1,1,4,0x7F2C9DD7,20.466668,Drop,e_liu,1,49
B_no_siege,level_1_1,1,4,0x7F2C9DD7,21.466668,Drop,zu,1,50
B_no_siege,level_1_1,1,4,0x7F2C9DD7,27.400001,Drop,e_liu,1,51
B_no_siege,level_1_1,1,4,0x7F2C9DD7,31.233335,Drop,zu,1,52
B_no_siege,level_1_1,1,4,0x7F2C9DD7,37.166669,Drop,e_liu,1,53
B_no_siege,level_1_1,1,4,0x7F2C9DD7,40.933335,Drop,zu,1,54
B_no_siege,level_1_1,1,4,0x7F2C9DD7,477.600025,End,,0,54
B_no_siege,level_1_1,1,5,0x7E57781C,0,Start,,0,45
B_no_siege,level_1_1,1,5,0x7E57781C,2.6,Drop,zu,1,46
B_no_siege,level_1_1,1,5,0x7E57781C,7.4,Drop,zu,1,47
B_no_siege,level_1_1,1,5,0x7E57781C,12.400001,Drop,zu,1,48
B_no_siege,level_1_1,1,5,0x7E57781C,18.933334,Drop,e_liu,1,49
B_no_siege,level_1_1,1,5,0x7E57781C,21.533334,Drop,zu,1,50
B_no_siege,level_1_1,1,5,0x7E57781C,27.400001,Drop,e_liu,1,51
B_no_siege,level_1_1,1,5,0x7E57781C,31.533335,Drop,zu,1,52
B_no_siege,level_1_1,1,5,0x7E57781C,37.400002,Drop,e_liu,1,53
B_no_siege,level_1_1,1,5,0x7E57781C,41.300002,Drop,zu,1,54
B_no_siege,level_1_1,1,5,0x7E57781C,51.933336,Drop,e_liu,1,55
B_no_siege,level_1_1,1,5,0x7E57781C,54.86667,Drop,zqi,1,56
B_no_siege,level_1_1,1,5,0x7E57781C,55.600003,Drop,zu,1,57
B_no_siege,level_1_1,1,5,0x7E57781C,60.133336,Drop,zu,1,58
B_no_siege,level_1_1,1,5,0x7E57781C,66.533337,Drop,e_liu,1,59
B_no_siege,level_1_1,1,5,0x7E57781C,486.633359,End,,0,59
B_no_siege,level_1_1,1,6,0xBBC2A676,0,Start,,0,45
B_no_siege,level_1_1,1,6,0xBBC2A676,2.666667,Drop,zu,1,46
B_no_siege,level_1_1,1,6,0xBBC2A676,7.466667,Drop,zu,1,47
B_no_siege,level_1_1,1,6,0xBBC2A676,12.466667,Drop,zu,1,48
B_no_siege,level_1_1,1,6,0xBBC2A676,20.466668,Drop,e_liu,1,49
B_no_siege,level_1_1,1,6,0xBBC2A676,21.466668,Drop,zu,1,50
B_no_siege,level_1_1,1,6,0xBBC2A676,32.466668,Drop,e_liu,1,51
B_no_siege,level_1_1,1,6,0xBBC2A676,33.466668,Drop,zu,1,52
B_no_siege,level_1_1,1,6,0xBBC2A676,41.400002,Drop,zu,1,53
B_no_siege,level_1_1,1,6,0xBBC2A676,43.466669,Drop,e_liu,1,54
B_no_siege,level_1_1,1,6,0xBBC2A676,54.66667,Drop,zqi,1,55
B_no_siege,level_1_1,1,6,0xBBC2A676,62.400003,Drop,zu,1,56
B_no_siege,level_1_1,1,6,0xBBC2A676,71.400004,Drop,e_liu,1,57
B_no_siege,level_1_1,1,6,0xBBC2A676,319.73335,End,,0,57
B_no_siege,level_1_1,1,7,0x0E8E2FF0,0,Start,,0,45
B_no_siege,level_1_1,1,7,0x0E8E2FF0,2.6,Drop,zu,1,46
B_no_siege,level_1_1,1,7,0x0E8E2FF0,7.533334,Drop,zu,1,47
B_no_siege,level_1_1,1,7,0x0E8E2FF0,12.533334,Drop,zu,1,48
B_no_siege,level_1_1,1,7,0x0E8E2FF0,19.900001,Drop,e_liu,1,49
B_no_siege,level_1_1,1,7,0x0E8E2FF0,22.533335,Drop,zu,1,50
B_no_siege,level_1_1,1,7,0x0E8E2FF0,27.700001,Drop,e_liu,1,51
B_no_siege,level_1_1,1,7,0x0E8E2FF0,31.133335,Drop,zu,1,52
B_no_siege,level_1_1,1,7,0x0E8E2FF0,37.400002,Drop,e_liu,1,53
B_no_siege,level_1_1,1,7,0x0E8E2FF0,40.733335,Drop,zu,1,54
B_no_siege,level_1_1,1,7,0x0E8E2FF0,468.933358,End,,0,54
B_no_siege,level_1_1,1,8,0xA5790348,0,Start,,0,45
B_no_siege,level_1_1,1,8,0xA5790348,2.633333,Drop,zu,1,46
B_no_siege,level_1_1,1,8,0xA5790348,7.433334,Drop,zu,1,47
B_no_siege,level_1_1,1,8,0xA5790348,12.433334,Drop,zu,1,48
B_no_siege,level_1_1,1,8,0xA5790348,20.600001,Drop,e_liu,1,49
B_no_siege,level_1_1,1,8,0xA5790348,21.433334,Drop,zu,1,50
B_no_siege,level_1_1,1,8,0xA5790348,30.433335,Drop,e_liu,1,51
B_no_siege,level_1_1,1,8,0xA5790348,31.433335,Drop,zu,1,52
B_no_siege,level_1_1,1,8,0xA5790348,37.333335,Drop,e_liu,1,53
B_no_siege,level_1_1,1,8,0xA5790348,40.666669,Drop,zu,1,54
B_no_siege,level_1_1,1,8,0xA5790348,63.76667,Drop,zu,1,55
B_no_siege,level_1_1,1,8,0xA5790348,66.86667,Drop,zu,1,56
B_no_siege,level_1_1,1,8,0xA5790348,381.833353,End,,0,56
B_no_siege,level_1_1,1,9,0x271879C0,0,Start,,0,45
B_no_siege,level_1_1,1,9,0x271879C0,2.633333,Drop,zu,1,46
B_no_siege,level_1_1,1,9,0x271879C0,7.5,Drop,zu,1,47
B_no_siege,level_1_1,1,9,0x271879C0,12.500001,Drop,zu,1,48
B_no_siege,level_1_1,1,9,0x271879C0,21.400001,Drop,e_liu,1,49
B_no_siege,level_1_1,1,9,0x271879C0,22.400001,Drop,zu,1,50
B_no_siege,level_1_1,1,9,0x271879C0,31.633335,Drop,zu,1,51
B_no_siege,level_1_1,1,9,0x271879C0,33.633335,Drop,e_liu,1,52
B_no_siege,level_1_1,1,9,0x271879C0,41.400002,Drop,zu,1,53
B_no_siege,level_1_1,1,9,0x271879C0,43.633336,Drop,e_liu,1,54
B_no_siege,level_1_1,1,9,0x271879C0,54.400003,Drop,zqi,1,55
B_no_siege,level_1_1,1,9,0x271879C0,61.533337,Drop,zu,1,56
B_no_siege,level_1_1,1,9,0x271879C0,61.633337,Drop,e_liu,1,57
B_no_siege,level_1_1,1,9,0x271879C0,62.26667,Drop,zu,1,58
B_no_siege,level_1_1,1,9,0x271879C0,476.200025,End,,0,58
B_no_siege,level_1_1,1,10,0x2C2DD7D0,0,Start,,0,45
B_no_siege,level_1_1,1,10,0x2C2DD7D0,2.6,Drop,zu,1,46
B_no_siege,level_1_1,1,10,0x2C2DD7D0,7.533334,Drop,zu,1,47
B_no_siege,level_1_1,1,10,0x2C2DD7D0,12.533334,Drop,zu,1,48
B_no_siege,level_1_1,1,10,0x2C2DD7D0,21.400001,Drop,e_liu,1,49
B_no_siege,level_1_1,1,10,0x2C2DD7D0,21.600001,Drop,zu,1,50
B_no_siege,level_1_1,1,10,0x2C2DD7D0,30.533335,Drop,e_liu,1,51
B_no_siege,level_1_1,1,10,0x2C2DD7D0,31.533335,Drop,zu,1,52
B_no_siege,level_1_1,1,10,0x2C2DD7D0,40.533335,Drop,e_liu,1,53
B_no_siege,level_1_1,1,10,0x2C2DD7D0,41.400002,Drop,zu,1,54
B_no_siege,level_1_1,1,10,0x2C2DD7D0,53.533336,Drop,zqi,1,55
B_no_siege,level_1_1,1,10,0x2C2DD7D0,58.400003,Drop,e_liu,1,56
B_no_siege,level_1_1,1,10,0x2C2DD7D0,58.533336,Drop,zu,1,57
B_no_siege,level_1_1,1,10,0x2C2DD7D0,60.533336,Drop,zu,1,58
B_no_siege,level_1_1,1,10,0x2C2DD7D0,69.500004,Drop,e_liu,1,59
B_no_siege,level_1_1,1,10,0x2C2DD7D0,76.533337,Drop,zu,1,60
B_no_siege,level_1_1,1,10,0x2C2DD7D0,79.766671,Drop,zqi,1,61
B_no_siege,level_1_1,1,10,0x2C2DD7D0,484.366692,End,,0,61
B_no_siege,level_1_1,1,11,0x4C240BDB,0,Start,,0,45
B_no_siege,level_1_1,1,11,0x4C240BDB,2.6,Drop,zu,1,46
B_no_siege,level_1_1,1,11,0x4C240BDB,7.4,Drop,zu,1,47
B_no_siege,level_1_1,1,11,0x4C240BDB,12.400001,Drop,zu,1,48
B_no_siege,level_1_1,1,11,0x4C240BDB,18.800001,Drop,e_liu,1,49
B_no_siege,level_1_1,1,11,0x4C240BDB,21.566668,Drop,zu,1,50
B_no_siege,level_1_1,1,11,0x4C240BDB,27.566668,Drop,e_liu,1,51
B_no_siege,level_1_1,1,11,0x4C240BDB,30.900002,Drop,zu,1,52
B_no_siege,level_1_1,1,11,0x4C240BDB,37.266669,Drop,e_liu,1,53
B_no_siege,level_1_1,1,11,0x4C240BDB,41.400002,Drop,zu,1,54
B_no_siege,level_1_1,1,11,0x4C240BDB,57.200003,Drop,zqi,1,55
B_no_siege,level_1_1,1,11,0x4C240BDB,59.56667,Drop,e_liu,1,56
B_no_siege,level_1_1,1,11,0x4C240BDB,61.56667,Drop,zu,1,57
B_no_siege,level_1_1,1,11,0x4C240BDB,63.56667,Drop,zu,1,58
B_no_siege,level_1_1,1,11,0x4C240BDB,207.200011,End,,0,58
B_no_siege,level_1_1,1,12,0x66BEA3F4,0,Start,,0,45
B_no_siege,level_1_1,1,12,0x66BEA3F4,2.633333,Drop,zu,1,46
B_no_siege,level_1_1,1,12,0x66BEA3F4,7.466667,Drop,zu,1,47
B_no_siege,level_1_1,1,12,0x66BEA3F4,12.466667,Drop,zu,1,48
B_no_siege,level_1_1,1,12,0x66BEA3F4,20.466668,Drop,e_liu,1,49
B_no_siege,level_1_1,1,12,0x66BEA3F4,21.466668,Drop,zu,1,50
B_no_siege,level_1_1,1,12,0x66BEA3F4,30.466668,Drop,e_liu,1,51
B_no_siege,level_1_1,1,12,0x66BEA3F4,31.466668,Drop,zu,1,52
B_no_siege,level_1_1,1,12,0x66BEA3F4,40.466669,Drop,e_liu,1,53
B_no_siege,level_1_1,1,12,0x66BEA3F4,40.666669,Drop,zu,1,54
B_no_siege,level_1_1,1,12,0x66BEA3F4,53.166669,Drop,zqi,1,55
B_no_siege,level_1_1,1,12,0x66BEA3F4,54.266669,Drop,e_liu,1,56
B_no_siege,level_1_1,1,12,0x66BEA3F4,55.26667,Drop,zu,1,57
B_no_siege,level_1_1,1,12,0x66BEA3F4,64.100003,Drop,zu,1,58
B_no_siege,level_1_1,1,12,0x66BEA3F4,66.833337,Drop,e_liu,1,59
B_no_siege,level_1_1,1,12,0x66BEA3F4,79.233337,Drop,zqi,1,60
B_no_siege,level_1_1,1,12,0x66BEA3F4,79.700004,Drop,zu,1,61
B_no_siege,level_1_1,1,12,0x66BEA3F4,156.133341,End,,0,61
B_no_siege,level_1_1,1,13,0xEACF2814,0,Start,,0,45
B_no_siege,level_1_1,1,13,0xEACF2814,2.633333,Drop,zu,1,46
B_no_siege,level_1_1,1,13,0xEACF2814,7.4,Drop,zu,1,47
B_no_siege,level_1_1,1,13,0xEACF2814,12.400001,Drop,zu,1,48
B_no_siege,level_1_1,1,13,0xEACF2814,20.600001,Drop,e_liu,1,49
B_no_siege,level_1_1,1,13,0xEACF2814,21.600001,Drop,zu,1,50
B_no_siege,level_1_1,1,13,0xEACF2814,27.433335,Drop,e_liu,1,51
B_no_siege,level_1_1,1,13,0xEACF2814,31.133335,Drop,zu,1,52
B_no_siege,level_1_1,1,13,0xEACF2814,37.400002,Drop,e_liu,1,53
B_no_siege,level_1_1,1,13,0xEACF2814,40.733335,Drop,zu,1,54
B_no_siege,level_1_1,1,13,0xEACF2814,600.000031,End,,0,54
B_no_siege,level_1_1,1,14,0xF67851B2,0,Start,,0,45
B_no_siege,level_1_1,1,14,0xF67851B2,2.6,Drop,zu,1,46
B_no_siege,level_1_1,1,14,0xF67851B2,7.533334,Drop,zu,1,47
B_no_siege,level_1_1,1,14,0xF67851B2,12.533334,Drop,zu,1,48
B_no_siege,level_1_1,1,14,0xF67851B2,21.400001,Drop,e_liu,1,49
B_no_siege,level_1_1,1,14,0xF67851B2,21.633334,Drop,zu,1,50
B_no_siege,level_1_1,1,14,0xF67851B2,28.333335,Drop,e_liu,1,51
B_no_siege,level_1_1,1,14,0xF67851B2,31.533335,Drop,zu,1,52
B_no_siege,level_1_1,1,14,0xF67851B2,37.466669,Drop,e_liu,1,53
B_no_siege,level_1_1,1,14,0xF67851B2,41.133335,Drop,zu,1,54
B_no_siege,level_1_1,1,14,0xF67851B2,52.133336,Drop,e_liu,1,55
B_no_siege,level_1_1,1,14,0xF67851B2,56.400003,Drop,zu,1,56
B_no_siege,level_1_1,1,14,0xF67851B2,61.400003,Drop,zu,1,57
B_no_siege,level_1_1,1,14,0xF67851B2,67.76667,Drop,zqi,1,58
B_no_siege,level_1_1,1,14,0xF67851B2,204.800011,End,,0,58
B_no_siege,level_1_1,1,15,0x75839D35,0,Start,,0,45
B_no_siege,level_1_1,1,15,0x75839D35,2.6,Drop,zu,1,46
B_no_siege,level_1_1,1,15,0x75839D35,7.433334,Drop,zu,1,47
B_no_siege,level_1_1,1,15,0x75839D35,12.433334,Drop,zu,1,48
B_no_siege,level_1_1,1,15,0x75839D35,20.466668,Drop,e_liu,1,49
B_no_siege,level_1_1,1,15,0x75839D35,21.433334,Drop,zu,1,50
B_no_siege,level_1_1,1,15,0x75839D35,30.433335,Drop,e_liu,1,51
B_no_siege,level_1_1,1,15,0x75839D35,31.433335,Drop,zu,1,52
B_no_siege,level_1_1,1,15,0x75839D35,40.433335,Drop,e_liu,1,53
B_no_siege,level_1_1,1,15,0x75839D35,40.633335,Drop,zu,1,54
B_no_siege,level_1_1,1,15,0x75839D35,52.933336,Drop,zqi,1,55
B_no_siege,level_1_1,1,15,0x75839D35,54.300003,Drop,e_liu,1,56
B_no_siege,level_1_1,1,15,0x75839D35,56.200003,Drop,zu,1,57
B_no_siege,level_1_1,1,15,0x75839D35,64.300003,Drop,zu,1,58
B_no_siege,level_1_1,1,15,0x75839D35,66.26667,Drop,e_liu,1,59
B_no_siege,level_1_1,1,15,0x75839D35,80.200004,Drop,zqi,1,60
B_no_siege,level_1_1,1,15,0x75839D35,82.400004,Drop,e_liu,1,61
B_no_siege,level_1_1,1,15,0x75839D35,167.733342,End,,0,61
B_no_siege,level_1_1,1,16,0xC282FAC7,0,Start,,0,45
B_no_siege,level_1_1,1,16,0xC282FAC7,2.6,Drop,zu,1,46
B_no_siege,level_1_1,1,16,0xC282FAC7,7.4,Drop,zu,1,47
B_no_siege,level_1_1,1,16,0xC282FAC7,12.400001,Drop,zu,1,48
B_no_siege,level_1_1,1,16,0xC282FAC7,18.700001,Drop,e_liu,1,49
B_no_siege,level_1_1,1,16,0xC282FAC7,21.533334,Drop,zu,1,50
B_no_siege,level_1_1,1,16,0xC282FAC7,27.400001,Drop,e_liu,1,51
B_no_siege,level_1_1,1,16,0xC282FAC7,31.533335,Drop,zu,1,52
B_no_siege,level_1_1,1,16,0xC282FAC7,37.400002,Drop,e_liu,1,53
B_no_siege,level_1_1,1,16,0xC282FAC7,41.400002,Drop,zu,1,54
B_no_siege,level_1_1,1,16,0xC282FAC7,52.066669,Drop,e_liu,1,55
B_no_siege,level_1_1,1,16,0xC282FAC7,55.733336,Drop,zu,1,56
B_no_siege,level_1_1,1,16,0xC282FAC7,60.86667,Drop,zu,1,57
B_no_siege,level_1_1,1,16,0xC282FAC7,69.700004,Drop,e_liu,1,58
B_no_siege,level_1_1,1,16,0xC282FAC7,313.900016,End,,0,58
B_no_siege,level_1_1,1,17,0x2690D16A,0,Start,,0,45
B_no_siege,level_1_1,1,17,0x2690D16A,2.6,Drop,zu,1,46
B_no_siege,level_1_1,1,17,0x2690D16A,7.4,Drop,zu,1,47
B_no_siege,level_1_1,1,17,0x2690D16A,12.400001,Drop,zu,1,48
B_no_siege,level_1_1,1,17,0x2690D16A,20.566668,Drop,e_liu,1,49
B_no_siege,level_1_1,1,17,0x2690D16A,21.400001,Drop,zu,1,50
B_no_siege,level_1_1,1,17,0x2690D16A,29.566668,Drop,e_liu,1,51
B_no_siege,level_1_1,1,17,0x2690D16A,31.466668,Drop,zu,1,52
B_no_siege,level_1_1,1,17,0x2690D16A,37.366669,Drop,e_liu,1,53
B_no_siege,level_1_1,1,17,0x2690D16A,40.800002,Drop,zu,1,54
B_no_siege,level_1_1,1,17,0x2690D16A,55.76667,Drop,zqi,1,55
B_no_siege,level_1_1,1,17,0x2690D16A,56.500003,Drop,zu,1,56
B_no_siege,level_1_1,1,17,0x2690D16A,58.700003,Drop,e_liu,1,57
B_no_siege,level_1_1,1,17,0x2690D16A,60.200003,Drop,zu,1,58
B_no_siege,level_1_1,1,17,0x2690D16A,66.16667,Drop,e_liu,1,59
B_no_siege,level_1_1,1,17,0x2690D16A,483.733359,End,,0,59
B_no_siege,level_1_1,1,18,0xAB0C69B4,0,Start,,0,45
B_no_siege,level_1_1,1,18,0xAB0C69B4,2.6,Drop,zu,1,46
B_no_siege,level_1_1,1,18,0xAB0C69B4,7.5,Drop,zu,1,47
B_no_siege,level_1_1,1,18,0xAB0C69B4,12.500001,Drop,zu,1,48
B_no_siege,level_1_1,1,18,0xAB0C69B4,22.466668,Drop,e_liu,1,49
B_no_siege,level_1_1,1,18,0xAB0C69B4,23.466668,Drop,zu,1,50
B_no_siege,level_1_1,1,18,0xAB0C69B4,29.466668,Drop,e_liu,1,51
B_no_siege,level_1_1,1,18,0xAB0C69B4,31.400002,Drop,zu,1,52
B_no_siege,level_1_1,1,18,0xAB0C69B4,37.300002,Drop,e_liu,1,53
B_no_siege,level_1_1,1,18,0xAB0C69B4,41.266669,Drop,zu,1,54
B_no_siege,level_1_1,1,18,0xAB0C69B4,600.000031,End,,0,54
B_no_siege,level_1_1,1,19,0xE165AF89,0,Start,,0,45
B_no_siege,level_1_1,1,19,0xE165AF89,2.6,Drop,zu,1,46
B_no_siege,level_1_1,1,19,0xE165AF89,7.566667,Drop,zu,1,47
B_no_siege,level_1_1,1,19,0xE165AF89,12.566667,Drop,zu,1,48
B_no_siege,level_1_1,1,19,0xE165AF89,20.533334,Drop,e_liu,1,49
B_no_siege,level_1_1,1,19,0xE165AF89,21.566668,Drop,zu,1,50
B_no_siege,level_1_1,1,19,0xE165AF89,27.533335,Drop,e_liu,1,51
B_no_siege,level_1_1,1,19,0xE165AF89,31.566668,Drop,zu,1,52
B_no_siege,level_1_1,1,19,0xE165AF89,40.566669,Drop,e_liu,1,53
B_no_siege,level_1_1,1,19,0xE165AF89,41.566669,Drop,zu,1,54
B_no_siege,level_1_1,1,19,0xE165AF89,57.26667,Drop,zqi,1,55
B_no_siege,level_1_1,1,19,0xE165AF89,58.733336,Drop,e_liu,1,56
B_no_siege,level_1_1,1,19,0xE165AF89,59.86667,Drop,zu,1,57
B_no_siege,level_1_1,1,19,0xE165AF89,64.300003,Drop,zu,1,58
B_no_siege,level_1_1,1,19,0xE165AF89,66.500003,Drop,e_liu,1,59
B_no_siege,level_1_1,1,19,0xE165AF89,152.666675,End,,0,59
B_no_siege,level_1_1,1,20,0xC6001DA3,0,Start,,0,45
B_no_siege,level_1_1,1,20,0xC6001DA3,2.633333,Drop,zu,1,46
B_no_siege,level_1_1,1,20,0xC6001DA3,7.433334,Drop,zu,1,47
B_no_siege,level_1_1,1,20,0xC6001DA3,12.433334,Drop,zu,1,48
B_no_siege,level_1_1,1,20,0xC6001DA3,21.400001,Drop,e_liu,1,49
B_no_siege,level_1_1,1,20,0xC6001DA3,22.400001,Drop,zu,1,50
B_no_siege,level_1_1,1,20,0xC6001DA3,27.400001,Drop,e_liu,1,51
B_no_siege,level_1_1,1,20,0xC6001DA3,31.100002,Drop,zu,1,52
B_no_siege,level_1_1,1,20,0xC6001DA3,37.366669,Drop,e_liu,1,53
B_no_siege,level_1_1,1,20,0xC6001DA3,40.700002,Drop,zu,1,54
B_no_siege,level_1_1,1,20,0xC6001DA3,55.800003,Drop,zqi,1,55
B_no_siege,level_1_1,1,20,0xC6001DA3,56.533336,Drop,zu,1,56
B_no_siege,level_1_1,1,20,0xC6001DA3,58.733336,Drop,e_liu,1,57
B_no_siege,level_1_1,1,20,0xC6001DA3,60.233336,Drop,zu,1,58
B_no_siege,level_1_1,1,20,0xC6001DA3,66.133337,Drop,e_liu,1,59
B_no_siege,level_1_1,1,20,0xC6001DA3,483.433359,End,,0,59
B_no_siege,level_1_1,1,21,0x7337F059,0,Start,,0,45
B_no_siege,level_1_1,1,21,0x7337F059,2.633333,Drop,zu,1,46
B_no_siege,level_1_1,1,21,0x7337F059,7.466667,Drop,zu,1,47
B_no_siege,level_1_1,1,21,0x7337F059,12.466667,Drop,zu,1,48
B_no_siege,level_1_1,1,21,0x7337F059,18.700001,Drop,e_liu,1,49
B_no_siege,level_1_1,1,21,0x7337F059,21.566668,Drop,zu,1,50
B_no_siege,level_1_1,1,21,0x7337F059,27.800001,Drop,e_liu,1,51
B_no_siege,level_1_1,1,21,0x7337F059,31.566668,Drop,zu,1,52
B_no_siege,level_1_1,1,21,0x7337F059,37.466669,Drop,e_liu,1,53
B_no_siege,level_1_1,1,21,0x7337F059,40.433335,Drop,zu,1,54
B_no_siege,level_1_1,1,21,0x7337F059,467.633358,End,,0,54
B_no_siege,level_1_1,1,22,0x2AAE4E27,0,Start,,0,45
B_no_siege,level_1_1,1,22,0x2AAE4E27,2.6,Drop,zu,1,46
B_no_siege,level_1_1,1,22,0x2AAE4E27,7.566667,Drop,zu,1,47
B_no_siege,level_1_1,1,22,0x2AAE4E27,12.566667,Drop,zu,1,48
B_no_siege,level_1_1,1,22,0x2AAE4E27,17.700001,Drop,e_liu,1,49
B_no_siege,level_1_1,1,22,0x2AAE4E27,21.566668,Drop,zu,1,50
B_no_siege,level_1_1,1,22,0x2AAE4E27,27.533335,Drop,e_liu,1,51
B_no_siege,level_1_1,1,22,0x2AAE4E27,31.233335,Drop,zu,1,52
B_no_siege,level_1_1,1,22,0x2AAE4E27,37.100002,Drop,e_liu,1,53
B_no_siege,level_1_1,1,22,0x2AAE4E27,41.500002,Drop,zu,1,54
B_no_siege,level_1_1,1,22,0x2AAE4E27,51.800003,Drop,e_liu,1,55
B_no_siege,level_1_1,1,22,0x2AAE4E27,55.46667,Drop,zu,1,56
B_no_siege,level_1_1,1,22,0x2AAE4E27,66.46667,Drop,e_liu,1,57
B_no_siege,level_1_1,1,22,0x2AAE4E27,139.700007,End,,0,57
B_no_siege,level_1_1,1,23,0x8E312DD2,0,Start,,0,45
B_no_siege,level_1_1,1,23,0x8E312DD2,2.633333,Drop,zu,1,46
B_no_siege,level_1_1,1,23,0x8E312DD2,7.466667,Drop,zu,1,47
B_no_siege,level_1_1,1,23,0x8E312DD2,12.466667,Drop,zu,1,48
B_no_siege,level_1_1,1,23,0x8E312DD2,20.500001,Drop,e_liu,1,49
B_no_siege,level_1_1,1,23,0x8E312DD2,21.466668,Drop,zu,1,50
B_no_siege,level_1_1,1,23,0x8E312DD2,30.466668,Drop,e_liu,1,51
B_no_siege,level_1_1,1,23,0x8E312DD2,31.466668,Drop,zu,1,52
B_no_siege,level_1_1,1,23,0x8E312DD2,40.466669,Drop,e_liu,1,53
B_no_siege,level_1_1,1,23,0x8E312DD2,40.700002,Drop,zu,1,54
B_no_siege,level_1_1,1,23,0x8E312DD2,52.833336,Drop,zqi,1,55
B_no_siege,level_1_1,1,23,0x8E312DD2,54.36667,Drop,e_liu,1,56
B_no_siege,level_1_1,1,23,0x8E312DD2,55.433336,Drop,zu,1,57
B_no_siege,level_1_1,1,23,0x8E312DD2,60.233336,Drop,zu,1,58
B_no_siege,level_1_1,1,23,0x8E312DD2,66.133337,Drop,e_liu,1,59
B_no_siege,level_1_1,1,23,0x8E312DD2,488.633359,End,,0,59
B_no_siege,level_1_1,1,24,0xDAEC3AF7,0,Start,,0,45
B_no_siege,level_1_1,1,24,0xDAEC3AF7,2.666667,Drop,zu,1,46
B_no_siege,level_1_1,1,24,0xDAEC3AF7,7.5,Drop,zu,1,47
B_no_siege,level_1_1,1,24,0xDAEC3AF7,12.500001,Drop,zu,1,48
B_no_siege,level_1_1,1,24,0xDAEC3AF7,18.666668,Drop,e_liu,1,49
B_no_siege,level_1_1,1,24,0xDAEC3AF7,21.300001,Drop,zu,1,50
B_no_siege,level_1_1,1,24,0xDAEC3AF7,27.433335,Drop,e_liu,1,51
B_no_siege,level_1_1,1,24,0xDAEC3AF7,31.566668,Drop,zu,1,52
B_no_siege,level_1_1,1,24,0xDAEC3AF7,37.433335,Drop,e_liu,1,53
B_no_siege,level_1_1,1,24,0xDAEC3AF7,41.100002,Drop,zu,1,54
B_no_siege,level_1_1,1,24,0xDAEC3AF7,52.100003,Drop,e_liu,1,55
B_no_siege,level_1_1,1,24,0xDAEC3AF7,55.76667,Drop,zu,1,56
B_no_siege,level_1_1,1,24,0xDAEC3AF7,60.900003,Drop,zu,1,57
B_no_siege,level_1_1,1,24,0xDAEC3AF7,67.06667,Drop,zqi,1,58
B_no_siege,level_1_1,1,24,0xDAEC3AF7,326.966684,End,,0,58
B_no_siege,level_1_1,1,25,0xEBEC71EE,0,Start,,0,45
B_no_siege,level_1_1,1,25,0xEBEC71EE,2.666667,Drop,zu,1,46
B_no_siege,level_1_1,1,25,0xEBEC71EE,7.5,Drop,zu,1,47
B_no_siege,level_1_1,1,25,0xEBEC71EE,12.500001,Drop,zu,1,48
B_no_siege,level_1_1,1,25,0xEBEC71EE,23.500001,Drop,zu,1,49
B_no_siege,level_1_1,1,25,0xEBEC71EE,24.433335,Drop,e_liu,1,50
B_no_siege,level_1_1,1,25,0xEBEC71EE,27.666668,Drop,e_liu,1,51
B_no_siege,level_1_1,1,25,0xEBEC71EE,31.366668,Drop,zu,1,52
B_no_siege,level_1_1,1,25,0xEBEC71EE,37.266669,Drop,e_liu,1,53
B_no_siege,level_1_1,1,25,0xEBEC71EE,40.600002,Drop,zu,1,54
B_no_siege,level_1_1,1,25,0xEBEC71EE,55.36667,Drop,zqi,1,55
B_no_siege,level_1_1,1,25,0xEBEC71EE,56.100003,Drop,zu,1,56
B_no_siege,level_1_1,1,25,0xEBEC71EE,58.300003,Drop,e_liu,1,57
B_no_siege,level_1_1,1,25,0xEBEC71EE,60.533336,Drop,zu,1,58
B_no_siege,level_1_1,1,25,0xEBEC71EE,66.06667,Drop,e_liu,1,59
B_no_siege,level_1_1,1,25,0xEBEC71EE,167.633342,End,,0,59
B_no_siege,level_1_5,5,1,0xDFE1E3C6,0,Start,,0,45
B_no_siege,level_1_5,5,1,0xDFE1E3C6,2.533333,Drop,e_lang,1,46
B_no_siege,level_1_5,5,1,0xDFE1E3C6,5.1,Drop,e_lang,1,47
B_no_siege,level_1_5,5,1,0xDFE1E3C6,7.6,Drop,e_lang,1,48
B_no_siege,level_1_5,5,1,0xDFE1E3C6,13.600001,Drop,e_liu,1,49
B_no_siege,level_1_5,5,1,0xDFE1E3C6,17.666668,Drop,e_lang,1,50
B_no_siege,level_1_5,5,1,0xDFE1E3C6,20.100001,Drop,e_liu,1,51
B_no_siege,level_1_5,5,1,0xDFE1E3C6,20.833334,Drop,e_lang,1,52
B_no_siege,level_1_5,5,1,0xDFE1E3C6,23.366668,Drop,e_liu,1,53
B_no_siege,level_1_5,5,1,0xDFE1E3C6,24.166668,Drop,e_lang,1,54
B_no_siege,level_1_5,5,1,0xDFE1E3C6,245.933346,End,,0,54
B_no_siege,level_1_5,5,2,0x90B3134A,0,Start,,0,45
B_no_siege,level_1_5,5,2,0x90B3134A,2.5,Drop,e_lang,1,46
B_no_siege,level_1_5,5,2,0x90B3134A,5.233334,Drop,e_lang,1,47
B_no_siege,level_1_5,5,2,0x90B3134A,7.466667,Drop,e_lang,1,48
B_no_siege,level_1_5,5,2,0x90B3134A,14.466667,Drop,e_liu,1,49
B_no_siege,level_1_5,5,2,0x90B3134A,17.466668,Drop,e_lang,1,50
B_no_siege,level_1_5,5,2,0x90B3134A,19.300001,Drop,e_lang,1,51
B_no_siege,level_1_5,5,2,0x90B3134A,20.866668,Drop,e_liu,1,52
B_no_siege,level_1_5,5,2,0x90B3134A,23.066668,Drop,e_liu,1,53
B_no_siege,level_1_5,5,2,0x90B3134A,23.800001,Drop,e_lang,1,54
B_no_siege,level_1_5,5,2,0x90B3134A,30.133335,Drop,e_liu,1,55
B_no_siege,level_1_5,5,2,0x90B3134A,35.300002,Drop,zqi,1,56
B_no_siege,level_1_5,5,2,0x90B3134A,82.400004,End,,0,56
B_no_siege,level_1_5,5,3,0xA99F6EC7,0,Start,,0,45
B_no_siege,level_1_5,5,3,0xA99F6EC7,2.533333,Drop,e_lang,1,46
B_no_siege,level_1_5,5,3,0xA99F6EC7,5.2,Drop,e_lang,1,47
B_no_siege,level_1_5,5,3,0xA99F6EC7,7.6,Drop,e_lang,1,48
B_no_siege,level_1_5,5,3,0xA99F6EC7,12.133334,Drop,e_liu,1,49
B_no_siege,level_1_5,5,3,0xA99F6EC7,12.866667,Drop,e_lang,1,50
B_no_siege,level_1_5,5,3,0xA99F6EC7,16.433334,Drop,e_liu,1,51
B_no_siege,level_1_5,5,3,0xA99F6EC7,19.433334,Drop,e_lang,1,52
B_no_siege,level_1_5,5,3,0xA99F6EC7,26.000001,Drop,e_liu,1,53
B_no_siege,level_1_5,5,3,0xA99F6EC7,31.133335,Drop,e_lang,1,54
B_no_siege,level_1_5,5,3,0xA99F6EC7,36.866669,Drop,zqi,1,55
B_no_siege,level_1_5,5,3,0xA99F6EC7,88.900005,End,,0,55
B_no_siege,level_1_5,5,4,0xCCB23064,0,Start,,0,45
B_no_siege,level_1_5,5,4,0xCCB23064,2.533333,Drop,e_lang,1,46
B_no_siege,level_1_5,5,4,0xCCB23064,5.133334,Drop,e_lang,1,47
B_no_siege,level_1_5,5,4,0xCCB23064,7.5,Drop,e_lang,1,48
B_no_siege,level_1_5,5,4,0xCCB23064,12.133334,Drop,e_liu,1,49
B_no_siege,level_1_5,5,4,0xCCB23064,13.466667,Drop,e_lang,1,50
B_no_siege,level_1_5,5,4,0xCCB23064,19.466668,Drop,e_liu,1,51
B_no_siege,level_1_5,5,4,0xCCB23064,21.600001,Drop,e_liu,1,52
B_no_siege,level_1_5,5,4,0xCCB23064,24.833335,Drop,e_lang,1,53
B_no_siege,level_1_5,5,4,0xCCB23064,30.400002,Drop,e_liu,1,54
B_no_siege,level_1_5,5,4,0xCCB23064,37.733335,Drop,e_liu,1,55
B_no_siege,level_1_5,5,4,0xCCB23064,84.333338,End,,0,55
B_no_siege,level_1_5,5,5,0xDD60525B,0,Start,,0,45
B_no_siege,level_1_5,5,5,0xDD60525B,2.533333,Drop,e_lang,1,46
B_no_siege,level_1_5,5,5,0xDD60525B,5.1,Drop,e_lang,1,47
B_no_siege,level_1_5,5,5,0xDD60525B,7.666667,Drop,e_lang,1,48
B_no_siege,level_1_5,5,5,0xDD60525B,13.200001,Drop,e_lang,1,49
B_no_siege,level_1_5,5,5,0xDD60525B,15.466667,Drop,e_liu,1,50
B_no_siege,level_1_5,5,5,0xDD60525B,23.533335,Drop,e_liu,1,51
B_no_siege,level_1_5,5,5,0xDD60525B,26.466668,Drop,e_lang,1,52
B_no_siege,level_1_5,5,5,0xDD60525B,35.666669,Drop,e_lang,1,53
B_no_siege,level_1_5,5,5,0xDD60525B,37.866669,Drop,e_liu,1,54
B_no_siege,level_1_5,5,5,0xDD60525B,38.600002,Drop,e_lang,1,55
B_no_siege,level_1_5,5,5,0xDD60525B,278.400015,End,,0,55
B_no_siege,level_1_5,5,6,0x3240600E,0,Start,,0,45
B_no_siege,level_1_5,5,6,0x3240600E,2.5,Drop,e_lang,1,46
B_no_siege,level_1_5,5,6,0x3240600E,5.166667,Drop,e_lang,1,47
B_no_siege,level_1_5,5,6,0x3240600E,7.5,Drop,e_lang,1,48
B_no_siege,level_1_5,5,6,0x3240600E,13.500001,Drop,e_liu,1,49
B_no_siege,level_1_5,5,6,0x3240600E,14.066667,Drop,e_lang,1,50
B_no_siege,level_1_5,5,6,0x3240600E,16.666668,Drop,e_liu,1,51
B_no_siege,level_1_5,5,6,0x3240600E,29.866668,Drop,e_liu,1,52
B_no_siege,level_1_5,5,6,0x3240600E,31.333335,Drop,e_liu,1,53
B_no_siege,level_1_5,5,6,0x3240600E,38.266669,Drop,e_liu,1,54
B_no_siege,level_1_5,5,6,0x3240600E,83.500004,End,,0,54
B_no_siege,level_1_5,5,7,0xF6765AEE,0,Start,,0,45
B_no_siege,level_1_5,5,7,0xF6765AEE,2.5,Drop,e_lang,1,46
B_no_siege,level_1_5,5,7,0xF6765AEE,5.366667,Drop,e_lang,1,47
B_no_siege,level_1_5,5,7,0xF6765AEE,7.5,Drop,e_lang,1,48
B_no_siege,level_1_5,5,7,0xF6765AEE,13.033334,Drop,e_lang,1,49
B_no_siege,level_1_5,5,7,0xF6765AEE,13.766667,Drop,e_liu,1,50
B_no_siege,level_1_5,5,7,0xF6765AEE,16.733334,Drop,e_liu,1,51
B_no_siege,level_1_5,5,7,0xF6765AEE,27.366668,Drop,e_liu,1,52
B_no_siege,level_1_5,5,7,0xF6765AEE,29.933335,Drop,e_liu,1,53
B_no_siege,level_1_5,5,7,0xF6765AEE,78.366671,End,,0,53
B_no_siege,level_1_5,5,8,0x985B0B1B,0,Start,,0,45
B_no_siege,level_1_5,5,8,0x985B0B1B,2.533333,Drop,e_lang,1,46
B_no_siege,level_1_5,5,8,0x985B0B1B,5.233334,Drop,e_lang,1,47
B_no_siege,level_1_5,5,8,0x985B0B1B,7.5,Drop,e_lang,1,48
B_no_siege,level_1_5,5,8,0x985B0B1B,12.133334,Drop,e_liu,1,49
B_no_siege,level_1_5,5,8,0x985B0B1B,12.866667,Drop,e_lang,1,50
B_no_siege,level_1_5,5,8,0x985B0B1B,16.466668,Drop,e_liu,1,51
B_no_siege,level_1_5,5,8,0x985B0B1B,19.300001,Drop,e_lang,1,52
B_no_siege,level_1_5,5,8,0x985B0B1B,21.566668,Drop,e_liu,1,53
B_no_siege,level_1_5,5,8,0x985B0B1B,24.300001,Drop,e_lang,1,54
B_no_siege,level_1_5,5,8,0x985B0B1B,97.266672,End,,0,54
B_no_siege,level_1_5,5,9,0xDE3AE767,0,Start,,0,45
B_no_siege,level_1_5,5,9,0xDE3AE767,2.5,Drop,e_lang,1,46
B_no_siege,level_1_5,5,9,0xDE3AE767,5.2,Drop,e_lang,1,47
B_no_siege,level_1_5,5,9,0xDE3AE767,7.5,Drop,e_lang,1,48
B_no_siege,level_1_5,5,9,0xDE3AE767,12.066667,Drop,e_liu,1,49
B_no_siege,level_1_5,5,9,0xDE3AE767,12.800001,Drop,e_lang,1,50
B_no_siege,level_1_5,5,9,0xDE3AE767,16.333334,Drop,e_liu,1,51
B_no_siege,level_1_5,5,9,0xDE3AE767,19.100001,Drop,e_lang,1,52
B_no_siege,level_1_5,5,9,0xDE3AE767,21.500001,Drop,e_liu,1,53
B_no_siege,level_1_5,5,9,0xDE3AE767,23.500001,Drop,e_lang,1,54
B_no_siege,level_1_5,5,9,0xDE3AE767,29.600002,Drop,e_liu,1,55
B_no_siege,level_1_5,5,9,0xDE3AE767,34.766668,Drop,zqi,1,56
B_no_siege,level_1_5,5,9,0xDE3AE767,38.066669,Drop,e_liu,1,57
B_no_siege,level_1_5,5,9,0xDE3AE767,90.200005,End,,0,57
B_no_siege,level_1_5,5,10,0xD81E878C,0,Start,,0,45
B_no_siege,level_1_5,5,10,0xD81E878C,2.5,Drop,e_lang,1,46
B_no_siege,level_1_5,5,10,0xD81E878C,5.166667,Drop,e_lang,1,47
B_no_siege,level_1_5,5,10,0xD81E878C,7.5,Drop,e_lang,1,48
B_no_siege,level_1_5,5,10,0xD81E878C,14.500001,Drop,e_liu,1,49
B_no_siege,level_1_5,5,10,0xD81E878C,14.833334,Drop,e_lang,1,50
B_no_siege,level_1_5,5,10,0xD81E878C,17.266668,Drop,e_liu,1,51
B_no_siege,level_1_5,5,10,0xD81E878C,19.066668,Drop,e_lang,1,52
B_no_siege,level_1_5,5,10,0xD81E878C,21.766668,Drop,e_liu,1,53
B_no_siege,level_1_5,5,10,0xD81E878C,24.100001,Drop,e_lang,1,54
B_no_siege,level_1_5,5,10,0xD81E878C,29.866668,Drop,e_liu,1,55
B_no_siege,level_1_5,5,10,0xD81E878C,31.000002,Drop,e_lang,1,56
B_no_siege,level_1_5,5,10,0xD81E878C,84.100004,End,,0,56
B_no_siege,level_1_5,5,11,0x150F7C9B,0,Start,,0,45
B_no_siege,level_1_5,5,11,0x150F7C9B,2.5,Drop,e_lang,1,46
B_no_siege,level_1_5,5,11,0x150F7C9B,5.266667,Drop,e_lang,1,47
B_no_siege,level_1_5,5,11,0x150F7C9B,7.5,Drop,e_lang,1,48
B_no_siege,level_1_5,5,11,0x150F7C9B,14.500001,Drop,e_liu,1,49
B_no_siege,level_1_5,5,11,0x150F7C9B,14.833334,Drop,e_lang,1,50
B_no_siege,level_1_5,5,11,0x150F7C9B,17.266668,Drop,e_liu,1,51
B_no_siege,level_1_5,5,11,0x150F7C9B,18.000001,Drop,e_lang,1,52
B_no_siege,level_1_5,5,11,0x150F7C9B,21.633334,Drop,e_liu,1,53
B_no_siege,level_1_5,5,11,0x150F7C9B,24.266668,Drop,e_lang,1,54
B_no_siege,level_1_5,5,11,0x150F7C9B,30.433335,Drop,e_liu,1,55
B_no_siege,level_1_5,5,11,0x150F7C9B,90.933338,End,,0,55
B_no_siege,level_1_5,5,12,0xA9105B75,0,Start,,0,45
B_no_siege,level_1_5,5,12,0xA9105B75,2.5,Drop,e_lang,1,46
B_no_siege,level_1_5,5,12,0xA9105B75,5.2,Drop,e_lang,1,47
B_no_siege,level_1_5,5,12,0xA9105B75,7.5,Drop,e_lang,1,48
B_no_siege,level_1_5,5,12,0xA9105B75,13.500001,Drop,e_liu,1,49
B_no_siege,level_1_5,5,12,0xA9105B75,14.066667,Drop,e_lang,1,50
B_no_siege,level_1_5,5,12,0xA9105B75,16.666668,Drop,e_liu,1,51
B_no_siege,level_1_5,5,12,0xA9105B75,22.366668,Drop,e_liu,1,52
B_no_siege,level_1_5,5,12,0xA9105B75,29.866668,Drop,e_liu,1,53
B_no_siege,level_1_5,5,12,0xA9105B75,83.700004,End,,0,53
B_no_siege,level_1_5,5,13,0xEDABE30A,0,Start,,0,45
B_no_siege,level_1_5,5,13,0xEDABE30A,2.5,Drop,e_lang,1,46
B_no_siege,level_1_5,5,13,0xEDABE30A,5.2,Drop,e_lang,1,47
B_no_siege,level_1_5,5,13,0xEDABE30A,7.533334,Drop,e_lang,1,48
B_no_siege,level_1_5,5,13,0xEDABE30A,13.066667,Drop,e_lang,1,49
B_no_siege,level_1_5,5,13,0xEDABE30A,14.133334,Drop,e_liu,1,50
B_no_siege,level_1_5,5,13,0xEDABE30A,16.966668,Drop,e_liu,1,51
B_no_siege,level_1_5,5,13,0xEDABE30A,19.566668,Drop,e_lang,1,52
B_no_siege,level_1_5,5,13,0xEDABE30A,22.166668,Drop,e_liu,1,53
B_no_siege,level_1_5,5,13,0xEDABE30A,32.666668,Drop,e_liu,1,54
B_no_siege,level_1_5,5,13,0xEDABE30A,37.466669,Drop,e_liu,1,55
B_no_siege,level_1_5,5,13,0xEDABE30A,71.033337,End,,0,55
B_no_siege,level_1_5,5,14,0xA897960F,0,Start,,0,45
B_no_siege,level_1_5,5,14,0xA897960F,2.466667,Drop,e_lang,1,46
B_no_siege,level_1_5,5,14,0xA897960F,5.333334,Drop,e_lang,1,47
B_no_siege,level_1_5,5,14,0xA897960F,7.5,Drop,e_lang,1,48
B_no_siege,level_1_5,5,14,0xA897960F,15.333334,Drop,e_liu,1,49
B_no_siege,level_1_5,5,14,0xA897960F,16.066668,Drop,e_lang,1,50
B_no_siege,level_1_5,5,14,0xA897960F,18.266668,Drop,e_liu,1,51
B_no_siege,level_1_5,5,14,0xA897960F,19.000001,Drop,e_lang,1,52
B_no_siege,level_1_5,5,14,0xA897960F,21.966668,Drop,e_liu,1,53
B_no_siege,level_1_5,5,14,0xA897960F,78.600004,End,,0,53
B_no_siege,level_1_5,5,15,0x109D3FA4,0,Start,,0,45
B_no_siege,level_1_5,5,15,0x109D3FA4,2.533333,Drop,e_lang,1,46
B_no_siege,level_1_5,5,15,0x109D3FA4,5.1,Drop,e_lang,1,47
B_no_siege,level_1_5,5,15,0x109D3FA4,7.7,Drop,e_lang,1,48
B_no_siege,level_1_5,5,15,0x109D3FA4,12.933334,Drop,e_lang,1,49
B_no_siege,level_1_5,5,15,0x109D3FA4,14.700001,Drop,e_liu,1,50
B_no_siege,level_1_5,5,15,0x109D3FA4,20.466668,Drop,e_liu,1,51
B_no_siege,level_1_5,5,15,0x109D3FA4,22.266668,Drop,e_liu,1,52
B_no_siege,level_1_5,5,15,0x109D3FA4,23.200001,Drop,e_lang,1,53
B_no_siege,level_1_5,5,15,0x109D3FA4,29.466668,Drop,e_liu,1,54
B_no_siege,level_1_5,5,15,0x109D3FA4,30.600002,Drop,e_lang,1,55
B_no_siege,level_1_5,5,15,0x109D3FA4,77.966671,End,,0,55
B_no_siege,level_1_5,5,16,0x5A556610,0,Start,,0,45
B_no_siege,level_1_5,5,16,0x5A556610,2.566667,Drop,e_lang,1,46
B_no_siege,level_1_5,5,16,0x5A556610,5.1,Drop,e_lang,1,47
B_no_siege,level_1_5,5,16,0x5A556610,7.6,Drop,e_lang,1,48
B_no_siege,level_1_5,5,16,0x5A556610,12.100001,Drop,e_liu,1,49
B_no_siege,level_1_5,5,16,0x5A556610,12.833334,Drop,e_lang,1,50
B_no_siege,level_1_5,5,16,0x5A556610,16.333334,Drop,e_liu,1,51
B_no_siege,level_1_5,5,16,0x5A556610,18.833334,Drop,e_lang,1,52
B_no_siege,level_1_5,5,16,0x5A556610,21.533334,Drop,e_liu,1,53
B_no_siege,level_1_5,5,16,0x5A556610,30.266668,Drop,e_liu,1,54
B_no_siege,level_1_5,5,16,0x5A556610,31.633335,Drop,e_lang,1,55
B_no_siege,level_1_5,5,16,0x5A556610,36.266669,Drop,zqi,1,56
B_no_siege,level_1_5,5,16,0x5A556610,37.833335,Drop,e_liu,1,57
B_no_siege,level_1_5,5,16,0x5A556610,89.566671,End,,0,57
B_no_siege,level_1_5,5,17,0x2474B63B,0,Start,,0,45
B_no_siege,level_1_5,5,17,0x2474B63B,2.533333,Drop,e_lang,1,46
B_no_siege,level_1_5,5,17,0x2474B63B,5.2,Drop,e_lang,1,47
B_no_siege,level_1_5,5,17,0x2474B63B,7.5,Drop,e_lang,1,48
B_no_siege,level_1_5,5,17,0x2474B63B,13.500001,Drop,e_liu,1,49
B_no_siege,level_1_5,5,17,0x2474B63B,14.066667,Drop,e_lang,1,50
B_no_siege,level_1_5,5,17,0x2474B63B,16.666668,Drop,e_liu,1,51
B_no_siege,level_1_5,5,17,0x2474B63B,22.533335,Drop,e_liu,1,52
B_no_siege,level_1_5,5,17,0x2474B63B,27.500001,Drop,e_lang,1,53
B_no_siege,level_1_5,5,17,0x2474B63B,32.500002,Drop,e_lang,1,54
B_no_siege,level_1_5,5,17,0x2474B63B,261.133347,End,,0,54
B_no_siege,level_1_5,5,18,0xE4C26322,0,Start,,0,45
B_no_siege,level_1_5,5,18,0xE4C26322,2.566667,Drop,e_lang,1,46
B_no_siege,level_1_5,5,18,0xE4C26322,5.2,Drop,e_lang,1,47
B_no_siege,level_1_5,5,18,0xE4C26322,7.566667,Drop,e_lang,1,48
B_no_siege,level_1_5,5,18,0xE4C26322,14.566667,Drop,e_liu,1,49
B_no_siege,level_1_5,5,18,0xE4C26322,17.266668,Drop,e_liu,1,50
B_no_siege,level_1_5,5,18,0xE4C26322,18.100001,Drop,e_lang,1,51
B_no_siege,level_1_5,5,18,0xE4C26322,22.066668,Drop,e_liu,1,52
B_no_siege,level_1_5,5,18,0xE4C26322,24.066668,Drop,e_lang,1,53
B_no_siege,level_1_5,5,18,0xE4C26322,30.333335,Drop,e_liu,1,54
B_no_siege,level_1_5,5,18,0xE4C26322,66.333337,End,,0,54
B_no_siege,level_1_5,5,19,0xBC689951,0,Start,,0,45
B_no_siege,level_1_5,5,19,0xBC689951,2.533333,Drop,e_lang,1,46
B_no_siege,level_1_5,5,19,0xBC689951,5.233334,Drop,e_lang,1,47
B_no_siege,level_1_5,5,19,0xBC689951,7.5,Drop,e_lang,1,48
B_no_siege,level_1_5,5,19,0xBC689951,12.066667,Drop,e_liu,1,49
B_no_siege,level_1_5,5,19,0xBC689951,12.833334,Drop,e_lang,1,50
B_no_siege,level_1_5,5,19,0xBC689951,16.900001,Drop,e_liu,1,51
B_no_siege,level_1_5,5,19,0xBC689951,18.900001,Drop,e_lang,1,52
B_no_siege,level_1_5,5,19,0xBC689951,21.900001,Drop,e_liu,1,53
B_no_siege,level_1_5,5,19,0xBC689951,23.566668,Drop,e_lang,1,54
B_no_siege,level_1_5,5,19,0xBC689951,90.800005,End,,0,54
B_no_siege,level_1_5,5,20,0x471F30F0,0,Start,,0,45
B_no_siege,level_1_5,5,20,0x471F30F0,2.533333,Drop,e_lang,1,46
B_no_siege,level_1_5,5,20,0x471F30F0,5.133334,Drop,e_lang,1,47
B_no_siege,level_1_5,5,20,0x471F30F0,7.566667,Drop,e_lang,1,48
B_no_siege,level_1_5,5,20,0x471F30F0,14.066667,Drop,e_liu,1,49
B_no_siege,level_1_5,5,20,0x471F30F0,14.800001,Drop,e_lang,1,50
B_no_siege,level_1_5,5,20,0x471F30F0,17.000001,Drop,e_liu,1,51
B_no_siege,level_1_5,5,20,0x471F30F0,22.400001,Drop,e_liu,1,52
B_no_siege,level_1_5,5,20,0x471F30F0,23.600001,Drop,e_lang,1,53
B_no_siege,level_1_5,5,20,0x471F30F0,26.600001,Drop,e_lang,1,54
B_no_siege,level_1_5,5,20,0x471F30F0,99.100005,End,,0,54
B_no_siege,level_1_5,5,21,0x812D6E70,0,Start,,0,45
B_no_siege,level_1_5,5,21,0x812D6E70,2.5,Drop,e_lang,1,46
B_no_siege,level_1_5,5,21,0x812D6E70,5.6,Drop,e_lang,1,47
B_no_siege,level_1_5,5,21,0x812D6E70,7.6,Drop,e_lang,1,48
B_no_siege,level_1_5,5,21,0x812D6E70,13.933334,Drop,e_liu,1,49
B_no_siege,level_1_5,5,21,0x812D6E70,14.033334,Drop,e_lang,1,50
B_no_siege,level_1_5,5,21,0x812D6E70,16.633334,Drop,e_liu,1,51
B_no_siege,level_1_5,5,21,0x812D6E70,17.766668,Drop,e_lang,1,52
B_no_siege,level_1_5,5,21,0x812D6E70,21.833334,Drop,e_liu,1,53
B_no_siege,level_1_5,5,21,0x812D6E70,22.966668,Drop,e_lang,1,54
B_no_siege,level_1_5,5,21,0x812D6E70,30.300002,Drop,e_liu,1,55
B_no_siege,level_1_5,5,21,0x812D6E70,31.033335,Drop,e_lang,1,56
B_no_siege,level_1_5,5,21,0x812D6E70,35.466669,Drop,zqi,1,57
B_no_siege,level_1_5,5,21,0x812D6E70,100.000005,End,,0,57
B_no_siege,level_1_5,5,22,0xB08C7821,0,Start,,0,45
B_no_siege,level_1_5,5,22,0xB08C7821,2.466667,Drop,e_lang,1,46
B_no_siege,level_1_5,5,22,0xB08C7821,5.166667,Drop,e_lang,1,47
B_no_siege,level_1_5,5,22,0xB08C7821,7.5,Drop,e_lang,1,48
B_no_siege,level_1_5,5,22,0xB08C7821,13.400001,Drop,e_lang,1,49
B_no_siege,level_1_5,5,22,0xB08C7821,14.500001,Drop,e_liu,1,50
B_no_siege,level_1_5,5,22,0xB08C7821,19.500001,Drop,e_liu,1,51
B_no_siege,level_1_5,5,22,0xB08C7821,19.733334,Drop,e_lang,1,52
B_no_siege,level_1_5,5,22,0xB08C7821,21.966668,Drop,e_liu,1,53
B_no_siege,level_1_5,5,22,0xB08C7821,24.166668,Drop,e_lang,1,54
B_no_siege,level_1_5,5,22,0xB08C7821,35.500002,Drop,zqi,1,55
B_no_siege,level_1_5,5,22,0xB08C7821,38.133335,Drop,e_liu,1,56
B_no_siege,level_1_5,5,22,0xB08C7821,87.966671,End,,0,56
B_no_siege,level_1_5,5,23,0xCE80BB45,0,Start,,0,45
B_no_siege,level_1_5,5,23,0xCE80BB45,2.5,Drop,e_lang,1,46
B_no_siege,level_1_5,5,23,0xCE80BB45,5.566667,Drop,e_lang,1,47
B_no_siege,level_1_5,5,23,0xCE80BB45,7.566667,Drop,e_lang,1,48
B_no_siege,level_1_5,5,23,0xCE80BB45,12.066667,Drop,e_liu,1,49
B_no_siege,level_1_5,5,23,0xCE80BB45,12.800001,Drop,e_lang,1,50
B_no_siege,level_1_5,5,23,0xCE80BB45,16.233334,Drop,e_liu,1,51
B_no_siege,level_1_5,5,23,0xCE80BB45,19.033334,Drop,e_lang,1,52
B_no_siege,level_1_5,5,23,0xCE80BB45,21.833334,Drop,e_liu,1,53
B_no_siege,level_1_5,5,23,0xCE80BB45,24.033335,Drop,e_lang,1,54
B_no_siege,level_1_5,5,23,0xCE80BB45,37.233335,Drop,zqi,1,55
B_no_siege,level_1_5,5,23,0xCE80BB45,87.966671,End,,0,55
B_no_siege,level_1_5,5,24,0xE4E68191,0,Start,,0,45
B_no_siege,level_1_5,5,24,0xE4E68191,2.5,Drop,e_lang,1,46
B_no_siege,level_1_5,5,24,0xE4E68191,5.233334,Drop,e_lang,1,47
B_no_siege,level_1_5,5,24,0xE4E68191,7.466667,Drop,e_lang,1,48
B_no_siege,level_1_5,5,24,0xE4E68191,14.466667,Drop,e_liu,1,49
B_no_siege,level_1_5,5,24,0xE4E68191,14.800001,Drop,e_lang,1,50
B_no_siege,level_1_5,5,24,0xE4E68191,18.266668,Drop,e_lang,1,51
B_no_siege,level_1_5,5,24,0xE4E68191,19.466668,Drop,e_liu,1,52
B_no_siege,level_1_5,5,24,0xE4E68191,23.266668,Drop,e_lang,1,53
B_no_siege,level_1_5,5,24,0xE4E68191,24.466668,Drop,e_liu,1,54
B_no_siege,level_1_5,5,24,0xE4E68191,32.666668,Drop,e_lang,1,55
B_no_siege,level_1_5,5,24,0xE4E68191,34.133335,Drop,zqi,1,56
B_no_siege,level_1_5,5,24,0xE4E68191,37.466669,Drop,e_liu,1,57
B_no_siege,level_1_5,5,24,0xE4E68191,76.700004,End,,0,57
B_no_siege,level_1_5,5,25,0xAE43C49B,0,Start,,0,45
B_no_siege,level_1_5,5,25,0xAE43C49B,2.533333,Drop,e_lang,1,46
B_no_siege,level_1_5,5,25,0xAE43C49B,5.1,Drop,e_lang,1,47
B_no_siege,level_1_5,5,25,0xAE43C49B,7.533334,Drop,e_lang,1,48
B_no_siege,level_1_5,5,25,0xAE43C49B,13.233334,Drop,e_lang,1,49
B_no_siege,level_1_5,5,25,0xAE43C49B,14.433334,Drop,e_liu,1,50
B_no_siege,level_1_5,5,25,0xAE43C49B,18.233334,Drop,e_lang,1,51
B_no_siege,level_1_5,5,25,0xAE43C49B,19.533334,Drop,e_liu,1,52
B_no_siege,level_1_5,5,25,0xAE43C49B,22.400001,Drop,e_liu,1,53
B_no_siege,level_1_5,5,25,0xAE43C49B,23.133335,Drop,e_lang,1,54
B_no_siege,level_1_5,5,25,0xAE43C49B,29.900002,Drop,e_liu,1,55
B_no_siege,level_1_5,5,25,0xAE43C49B,35.633335,Drop,e_lang,1,56
B_no_siege,level_1_5,5,25,0xAE43C49B,38.200002,Drop,e_liu,1,57
B_no_siege,level_1_5,5,25,0xAE43C49B,43.366669,Drop,zqi,1,58
B_no_siege,level_1_5,5,25,0xAE43C49B,97.400005,End,,0,58
B_fair_s1,level_1_1,1,1,0x0CC93193,0,Start,,0,45
B_fair_s1,level_1_1,1,1,0x0CC93193,2.2,Drop,zu,1,46
B_fair_s1,level_1_1,1,1,0x0CC93193,7.033334,Drop,zu,1,47
B_fair_s1,level_1_1,1,1,0x0CC93193,11.733334,Drop,zu,1,48
B_fair_s1,level_1_1,1,1,0x0CC93193,17.533334,Drop,e_liu,1,49
B_fair_s1,level_1_1,1,1,0x0CC93193,21.300001,Drop,zu,1,50
B_fair_s1,level_1_1,1,1,0x0CC93193,27.133335,Drop,e_liu,1,51
B_fair_s1,level_1_1,1,1,0x0CC93193,30.900002,Drop,zu,1,52
B_fair_s1,level_1_1,1,1,0x0CC93193,36.600002,Drop,e_liu,1,53
B_fair_s1,level_1_1,1,1,0x0CC93193,40.400002,Drop,zu,1,54
B_fair_s1,level_1_1,1,1,0x0CC93193,65.400003,Drop,zqi,1,55
B_fair_s1,level_1_1,1,1,0x0CC93193,452.633357,End,,0,55
B_fair_s1,level_1_1,1,2,0x7593D92E,0,Start,,0,45
B_fair_s1,level_1_1,1,2,0x7593D92E,2.1,Drop,zu,1,46
B_fair_s1,level_1_1,1,2,0x7593D92E,6.8,Drop,zu,1,47
B_fair_s1,level_1_1,1,2,0x7593D92E,11.800001,Drop,zu,1,48
B_fair_s1,level_1_1,1,2,0x7593D92E,17.533334,Drop,e_liu,1,49
B_fair_s1,level_1_1,1,2,0x7593D92E,21.300001,Drop,zu,1,50
B_fair_s1,level_1_1,1,2,0x7593D92E,27.000001,Drop,e_liu,1,51
B_fair_s1,level_1_1,1,2,0x7593D92E,31.033335,Drop,zu,1,52
B_fair_s1,level_1_1,1,2,0x7593D92E,36.833335,Drop,e_liu,1,53
B_fair_s1,level_1_1,1,2,0x7593D92E,40.633335,Drop,zu,1,54
B_fair_s1,level_1_1,1,2,0x7593D92E,53.233336,Drop,zqi,1,55
B_fair_s1,level_1_1,1,2,0x7593D92E,57.300003,Drop,e_liu,1,56
B_fair_s1,level_1_1,1,2,0x7593D92E,58.300003,Drop,zu,1,57
B_fair_s1,level_1_1,1,2,0x7593D92E,60.96667,Drop,zu,1,58
B_fair_s1,level_1_1,1,2,0x7593D92E,67.06667,Drop,e_liu,1,59
B_fair_s1,level_1_1,1,2,0x7593D92E,89.666671,Drop,zqi,1,60
B_fair_s1,level_1_1,1,2,0x7593D92E,600.000031,End,,0,60
B_fair_s1,level_1_1,1,3,0xD875D0D5,0,Start,,0,45
B_fair_s1,level_1_1,1,3,0xD875D0D5,2.033333,Drop,zu,1,46
B_fair_s1,level_1_1,1,3,0xD875D0D5,6.933334,Drop,zu,1,47
B_fair_s1,level_1_1,1,3,0xD875D0D5,11.733334,Drop,zu,1,48
B_fair_s1,level_1_1,1,3,0xD875D0D5,17.433334,Drop,e_liu,1,49
B_fair_s1,level_1_1,1,3,0xD875D0D5,21.466668,Drop,zu,1,50
B_fair_s1,level_1_1,1,3,0xD875D0D5,27.000001,Drop,e_liu,1,51
B_fair_s1,level_1_1,1,3,0xD875D0D5,31.166668,Drop,zu,1,52
B_fair_s1,level_1_1,1,3,0xD875D0D5,36.800002,Drop,e_liu,1,53
B_fair_s1,level_1_1,1,3,0xD875D0D5,40.533335,Drop,zu,1,54
B_fair_s1,level_1_1,1,3,0xD875D0D5,77.233337,Drop,zqi,1,55
B_fair_s1,level_1_1,1,3,0xD875D0D5,224.666678,End,,0,55
B_fair_s1,level_1_1,1,4,0x2F877DA2,0,Start,,0,45
B_fair_s1,level_1_1,1,4,0x2F877DA2,2.033333,Drop,zu,1,46
B_fair_s1,level_1_1,1,4,0x2F877DA2,6.966667,Drop,zu,1,47
B_fair_s1,level_1_1,1,4,0x2F877DA2,11.733334,Drop,zu,1,48
B_fair_s1,level_1_1,1,4,0x2F877DA2,17.533334,Drop,e_liu,1,49
B_fair_s1,level_1_1,1,4,0x2F877DA2,21.300001,Drop,zu,1,50
B_fair_s1,level_1_1,1,4,0x2F877DA2,27.000001,Drop,e_liu,1,51
B_fair_s1,level_1_1,1,4,0x2F877DA2,30.933335,Drop,zu,1,52
B_fair_s1,level_1_1,1,4,0x2F877DA2,36.733335,Drop,e_liu,1,53
B_fair_s1,level_1_1,1,4,0x2F877DA2,40.400002,Drop,zu,1,54
B_fair_s1,level_1_1,1,4,0x2F877DA2,53.200003,Drop,zqi,1,55
B_fair_s1,level_1_1,1,4,0x2F877DA2,140.500007,End,,0,55
B_fair_s1,level_1_1,1,5,0xC658EADB,0,Start,,0,45
B_fair_s1,level_1_1,1,5,0xC658EADB,2.033333,Drop,zu,1,46
B_fair_s1,level_1_1,1,5,0xC658EADB,6.933334,Drop,zu,1,47
B_fair_s1,level_1_1,1,5,0xC658EADB,11.733334,Drop,zu,1,48
B_fair_s1,level_1_1,1,5,0xC658EADB,17.466668,Drop,e_liu,1,49
B_fair_s1,level_1_1,1,5,0xC658EADB,21.800001,Drop,zu,1,50
B_fair_s1,level_1_1,1,5,0xC658EADB,26.166668,Drop,e_liu,1,51
B_fair_s1,level_1_1,1,5,0xC658EADB,30.966668,Drop,zu,1,52
B_fair_s1,level_1_1,1,5,0xC658EADB,35.800002,Drop,e_liu,1,53
B_fair_s1,level_1_1,1,5,0xC658EADB,40.400002,Drop,zu,1,54
B_fair_s1,level_1_1,1,5,0xC658EADB,55.46667,Drop,zu,1,55
B_fair_s1,level_1_1,1,5,0xC658EADB,61.633337,Drop,zu,1,56
B_fair_s1,level_1_1,1,5,0xC658EADB,465.533358,End,,0,56
B_fair_s1,level_1_1,1,6,0xBB7F0C1A,0,Start,,0,45
B_fair_s1,level_1_1,1,6,0xBB7F0C1A,2.066667,Drop,zu,1,46
B_fair_s1,level_1_1,1,6,0xBB7F0C1A,6.966667,Drop,zu,1,47
B_fair_s1,level_1_1,1,6,0xBB7F0C1A,11.766667,Drop,zu,1,48
B_fair_s1,level_1_1,1,6,0xBB7F0C1A,17.533334,Drop,e_liu,1,49
B_fair_s1,level_1_1,1,6,0xBB7F0C1A,21.233334,Drop,zu,1,50
B_fair_s1,level_1_1,1,6,0xBB7F0C1A,26.266668,Drop,e_liu,1,51
B_fair_s1,level_1_1,1,6,0xBB7F0C1A,30.800002,Drop,zu,1,52
B_fair_s1,level_1_1,1,6,0xBB7F0C1A,36.633335,Drop,e_liu,1,53
B_fair_s1,level_1_1,1,6,0xBB7F0C1A,40.700002,Drop,zu,1,54
B_fair_s1,level_1_1,1,6,0xBB7F0C1A,54.833336,Drop,zqi,1,55
B_fair_s1,level_1_1,1,6,0xBB7F0C1A,55.033336,Drop,zu,1,56
B_fair_s1,level_1_1,1,6,0xBB7F0C1A,70.46667,Drop,e_liu,1,57
B_fair_s1,level_1_1,1,6,0xBB7F0C1A,83.333338,Drop,zqi,1,58
B_fair_s1,level_1_1,1,6,0xBB7F0C1A,145.266674,End,,0,58
B_fair_s1,level_1_1,1,7,0x05704DE4,0,Start,,0,45
B_fair_s1,level_1_1,1,7,0x05704DE4,2.1,Drop,zu,1,46
B_fair_s1,level_1_1,1,7,0x05704DE4,7.033334,Drop,zu,1,47
B_fair_s1,level_1_1,1,7,0x05704DE4,11.800001,Drop,zu,1,48
B_fair_s1,level_1_1,1,7,0x05704DE4,18.500001,Drop,e_liu,1,49
B_fair_s1,level_1_1,1,7,0x05704DE4,21.266668,Drop,zu,1,50
B_fair_s1,level_1_1,1,7,0x05704DE4,28.433335,Drop,e_liu,1,51
B_fair_s1,level_1_1,1,7,0x05704DE4,30.800002,Drop,zu,1,52
B_fair_s1,level_1_1,1,7,0x05704DE4,37.200002,Drop,e_liu,1,53
B_fair_s1,level_1_1,1,7,0x05704DE4,40.566669,Drop,zu,1,54
B_fair_s1,level_1_1,1,7,0x05704DE4,54.333336,Drop,e_liu,1,55
B_fair_s1,level_1_1,1,7,0x05704DE4,57.333336,Drop,zu,1,56
B_fair_s1,level_1_1,1,7,0x05704DE4,61.06667,Drop,zu,1,57
B_fair_s1,level_1_1,1,7,0x05704DE4,62.300003,Drop,zqi,1,58
B_fair_s1,level_1_1,1,7,0x05704DE4,157.366675,End,,0,58
B_fair_s1,level_1_1,1,8,0x9555BBC2,0,Start,,0,45
B_fair_s1,level_1_1,1,8,0x9555BBC2,2.1,Drop,zu,1,46
B_fair_s1,level_1_1,1,8,0x9555BBC2,6.9,Drop,zu,1,47
B_fair_s1,level_1_1,1,8,0x9555BBC2,11.833334,Drop,zu,1,48
B_fair_s1,level_1_1,1,8,0x9555BBC2,17.633334,Drop,e_liu,1,49
B_fair_s1,level_1_1,1,8,0x9555BBC2,22.000001,Drop,zu,1,50
B_fair_s1,level_1_1,1,8,0x9555BBC2,27.100001,Drop,e_liu,1,51
B_fair_s1,level_1_1,1,8,0x9555BBC2,31.200002,Drop,zu,1,52
B_fair_s1,level_1_1,1,8,0x9555BBC2,36.900002,Drop,e_liu,1,53
B_fair_s1,level_1_1,1,8,0x9555BBC2,40.433335,Drop,zu,1,54
B_fair_s1,level_1_1,1,8,0x9555BBC2,52.633336,Drop,zqi,1,55
B_fair_s1,level_1_1,1,8,0x9555BBC2,56.433336,Drop,e_liu,1,56
B_fair_s1,level_1_1,1,8,0x9555BBC2,57.76667,Drop,zu,1,57
B_fair_s1,level_1_1,1,8,0x9555BBC2,60.733337,Drop,zu,1,58
B_fair_s1,level_1_1,1,8,0x9555BBC2,66.96667,Drop,e_liu,1,59
B_fair_s1,level_1_1,1,8,0x9555BBC2,77.433337,Drop,zqi,1,60
B_fair_s1,level_1_1,1,8,0x9555BBC2,79.766671,Drop,zu,1,61
B_fair_s1,level_1_1,1,8,0x9555BBC2,83.066671,Drop,e_liu,1,62
B_fair_s1,level_1_1,1,8,0x9555BBC2,93.233338,Drop,zqi,1,63
B_fair_s1,level_1_1,1,8,0x9555BBC2,96.533338,Drop,e_lang,3,66
B_fair_s1,level_1_1,1,8,0x9555BBC2,105.300005,Drop,e_lang,3,69
B_fair_s1,level_1_1,1,8,0x9555BBC2,600.000031,End,,0,69
B_fair_s1,level_1_1,1,9,0x6790B054,0,Start,,0,45
B_fair_s1,level_1_1,1,9,0x6790B054,2.033333,Drop,zu,1,46
B_fair_s1,level_1_1,1,9,0x6790B054,7,Drop,zu,1,47
B_fair_s1,level_1_1,1,9,0x6790B054,11.733334,Drop,zu,1,48
B_fair_s1,level_1_1,1,9,0x6790B054,17.433334,Drop,e_liu,1,49
B_fair_s1,level_1_1,1,9,0x6790B054,21.366668,Drop,zu,1,50
B_fair_s1,level_1_1,1,9,0x6790B054,27.133335,Drop,e_liu,1,51
B_fair_s1,level_1_1,1,9,0x6790B054,30.933335,Drop,zu,1,52
B_fair_s1,level_1_1,1,9,0x6790B054,36.700002,Drop,e_liu,1,53
B_fair_s1,level_1_1,1,9,0x6790B054,40.500002,Drop,zu,1,54
B_fair_s1,level_1_1,1,9,0x6790B054,65.200003,Drop,zqi,1,55
B_fair_s1,level_1_1,1,9,0x6790B054,310.300016,End,,0,55
B_fair_s1,level_1_1,1,10,0x42DB1BB9,0,Start,,0,45
B_fair_s1,level_1_1,1,10,0x42DB1BB9,2.033333,Drop,zu,1,46
B_fair_s1,level_1_1,1,10,0x42DB1BB9,6.933334,Drop,zu,1,47
B_fair_s1,level_1_1,1,10,0x42DB1BB9,11.733334,Drop,zu,1,48
B_fair_s1,level_1_1,1,10,0x42DB1BB9,17.433334,Drop,e_liu,1,49
B_fair_s1,level_1_1,1,10,0x42DB1BB9,21.466668,Drop,zu,1,50
B_fair_s1,level_1_1,1,10,0x42DB1BB9,27.933335,Drop,e_liu,1,51
B_fair_s1,level_1_1,1,10,0x42DB1BB9,31.100002,Drop,zu,1,52
B_fair_s1,level_1_1,1,10,0x42DB1BB9,35.700002,Drop,e_liu,1,53
B_fair_s1,level_1_1,1,10,0x42DB1BB9,40.400002,Drop,zu,1,54
B_fair_s1,level_1_1,1,10,0x42DB1BB9,54.733336,Drop,zqi,1,55
B_fair_s1,level_1_1,1,10,0x42DB1BB9,72.833337,Drop,e_liu,1,56
B_fair_s1,level_1_1,1,10,0x42DB1BB9,74.833337,Drop,zu,1,57
B_fair_s1,level_1_1,1,10,0x42DB1BB9,267.066681,End,,0,57
B_fair_s1,level_1_1,1,11,0x1429468F,0,Start,,0,45
B_fair_s1,level_1_1,1,11,0x1429468F,2.033333,Drop,zu,1,46
B_fair_s1,level_1_1,1,11,0x1429468F,6.966667,Drop,zu,1,47
B_fair_s1,level_1_1,1,11,0x1429468F,11.733334,Drop,zu,1,48
B_fair_s1,level_1_1,1,11,0x1429468F,17.533334,Drop,e_liu,1,49
B_fair_s1,level_1_1,1,11,0x1429468F,21.233334,Drop,zu,1,50
B_fair_s1,level_1_1,1,11,0x1429468F,27.266668,Drop,e_liu,1,51
B_fair_s1,level_1_1,1,11,0x1429468F,31.100002,Drop,zu,1,52
B_fair_s1,level_1_1,1,11,0x1429468F,37.200002,Drop,e_liu,1,53
B_fair_s1,level_1_1,1,11,0x1429468F,40.600002,Drop,zu,1,54
B_fair_s1,level_1_1,1,11,0x1429468F,52.200003,Drop,zqi,1,55
B_fair_s1,level_1_1,1,11,0x1429468F,53.366669,Drop,e_liu,1,56
B_fair_s1,level_1_1,1,11,0x1429468F,54.96667,Drop,zu,1,57
B_fair_s1,level_1_1,1,11,0x1429468F,59.76667,Drop,zu,1,58
B_fair_s1,level_1_1,1,11,0x1429468F,65.833337,Drop,e_liu,1,59
B_fair_s1,level_1_1,1,11,0x1429468F,79.133337,Drop,zqi,1,60
B_fair_s1,level_1_1,1,11,0x1429468F,151.300008,End,,0,60
B_fair_s1,level_1_1,1,12,0xA3EFA693,0,Start,,0,45
B_fair_s1,level_1_1,1,12,0xA3EFA693,2.033333,Drop,zu,1,46
B_fair_s1,level_1_1,1,12,0xA3EFA693,7.033334,Drop,zu,1,47
B_fair_s1,level_1_1,1,12,0xA3EFA693,11.733334,Drop,zu,1,48
B_fair_s1,level_1_1,1,12,0xA3EFA693,17.500001,Drop,e_liu,1,49
B_fair_s1,level_1_1,1,12,0xA3EFA693,21.566668,Drop,zu,1,50
B_fair_s1,level_1_1,1,12,0xA3EFA693,27.300001,Drop,e_liu,1,51
B_fair_s1,level_1_1,1,12,0xA3EFA693,31.000002,Drop,zu,1,52
B_fair_s1,level_1_1,1,12,0xA3EFA693,36.666669,Drop,e_liu,1,53
B_fair_s1,level_1_1,1,12,0xA3EFA693,40.633335,Drop,zu,1,54
B_fair_s1,level_1_1,1,12,0xA3EFA693,54.266669,Drop,zqi,1,55
B_fair_s1,level_1_1,1,12,0xA3EFA693,68.833337,Drop,e_liu,1,56
B_fair_s1,level_1_1,1,12,0xA3EFA693,69.833337,Drop,zu,1,57
B_fair_s1,level_1_1,1,12,0xA3EFA693,70.833337,Drop,zu,1,58
B_fair_s1,level_1_1,1,12,0xA3EFA693,230.200012,End,,0,58
B_fair_s1,level_1_1,1,13,0xB0804CAD,0,Start,,0,45
B_fair_s1,level_1_1,1,13,0xB0804CAD,2.1,Drop,zu,1,46
B_fair_s1,level_1_1,1,13,0xB0804CAD,6.8,Drop,zu,1,47
B_fair_s1,level_1_1,1,13,0xB0804CAD,11.733334,Drop,zu,1,48
B_fair_s1,level_1_1,1,13,0xB0804CAD,17.500001,Drop,e_liu,1,49
B_fair_s1,level_1_1,1,13,0xB0804CAD,22.233334,Drop,zu,1,50
B_fair_s1,level_1_1,1,13,0xB0804CAD,27.100001,Drop,e_liu,1,51
B_fair_s1,level_1_1,1,13,0xB0804CAD,30.800002,Drop,zu,1,52
B_fair_s1,level_1_1,1,13,0xB0804CAD,36.133335,Drop,e_liu,1,53
B_fair_s1,level_1_1,1,13,0xB0804CAD,40.433335,Drop,zu,1,54
B_fair_s1,level_1_1,1,13,0xB0804CAD,54.233336,Drop,zqi,1,55
B_fair_s1,level_1_1,1,13,0xB0804CAD,59.800003,Drop,e_liu,1,56
B_fair_s1,level_1_1,1,13,0xB0804CAD,60.800003,Drop,zu,1,57
B_fair_s1,level_1_1,1,13,0xB0804CAD,62.26667,Drop,zu,1,58
B_fair_s1,level_1_1,1,13,0xB0804CAD,67.300004,Drop,e_liu,1,59
B_fair_s1,level_1_1,1,13,0xB0804CAD,77.666671,Drop,zqi,1,60
B_fair_s1,level_1_1,1,13,0xB0804CAD,80.133338,Drop,zu,1,61
B_fair_s1,level_1_1,1,13,0xB0804CAD,83.466671,Drop,e_liu,1,62
B_fair_s1,level_1_1,1,13,0xB0804CAD,93.333338,Drop,zqi,1,63
B_fair_s1,level_1_1,1,13,0xB0804CAD,96.700005,Drop,e_lang,3,66
B_fair_s1,level_1_1,1,13,0xB0804CAD,105.533339,Drop,e_lang,3,69
B_fair_s1,level_1_1,1,13,0xB0804CAD,600.000031,End,,0,69
B_fair_s1,level_1_1,1,14,0x9BA3B4C7,0,Start,,0,45
B_fair_s1,level_1_1,1,14,0x9BA3B4C7,2.1,Drop,zu,1,46
B_fair_s1,level_1_1,1,14,0x9BA3B4C7,6.8,Drop,zu,1,47
B_fair_s1,level_1_1,1,14,0x9BA3B4C7,11.766667,Drop,zu,1,48
B_fair_s1,level_1_1,1,14,0x9BA3B4C7,17.533334,Drop,e_liu,1,49
B_fair_s1,level_1_1,1,14,0x9BA3B4C7,21.600001,Drop,zu,1,50
B_fair_s1,level_1_1,1,14,0x9BA3B4C7,27.266668,Drop,e_liu,1,51
B_fair_s1,level_1_1,1,14,0x9BA3B4C7,31.000002,Drop,zu,1,52
B_fair_s1,level_1_1,1,14,0x9BA3B4C7,37.533335,Drop,e_liu,1,53
B_fair_s1,level_1_1,1,14,0x9BA3B4C7,40.400002,Drop,zu,1,54
B_fair_s1,level_1_1,1,14,0x9BA3B4C7,53.266669,Drop,zqi,1,55
B_fair_s1,level_1_1,1,14,0x9BA3B4C7,57.400003,Drop,e_liu,1,56
B_fair_s1,level_1_1,1,14,0x9BA3B4C7,58.400003,Drop,zu,1,57
B_fair_s1,level_1_1,1,14,0x9BA3B4C7,61.000003,Drop,zu,1,58
B_fair_s1,level_1_1,1,14,0x9BA3B4C7,66.86667,Drop,e_liu,1,59
B_fair_s1,level_1_1,1,14,0x9BA3B4C7,77.566671,Drop,zqi,1,60
B_fair_s1,level_1_1,1,14,0x9BA3B4C7,96.000005,Drop,zqi,1,61
B_fair_s1,level_1_1,1,14,0x9BA3B4C7,364.200019,End,,0,61
B_fair_s1,level_1_1,1,15,0x4A5F691A,0,Start,,0,45
B_fair_s1,level_1_1,1,15,0x4A5F691A,2.066667,Drop,zu,1,46
B_fair_s1,level_1_1,1,15,0x4A5F691A,6.933334,Drop,zu,1,47
B_fair_s1,level_1_1,1,15,0x4A5F691A,11.766667,Drop,zu,1,48
B_fair_s1,level_1_1,1,15,0x4A5F691A,17.500001,Drop,e_liu,1,49
B_fair_s1,level_1_1,1,15,0x4A5F691A,21.200001,Drop,zu,1,50
B_fair_s1,level_1_1,1,15,0x4A5F691A,27.233335,Drop,e_liu,1,51
B_fair_s1,level_1_1,1,15,0x4A5F691A,30.833335,Drop,zu,1,52
B_fair_s1,level_1_1,1,15,0x4A5F691A,36.733335,Drop,e_liu,1,53
B_fair_s1,level_1_1,1,15,0x4A5F691A,40.533335,Drop,zu,1,54
B_fair_s1,level_1_1,1,15,0x4A5F691A,51.900003,Drop,zqi,1,55
B_fair_s1,level_1_1,1,15,0x4A5F691A,53.266669,Drop,e_liu,1,56
B_fair_s1,level_1_1,1,15,0x4A5F691A,54.933336,Drop,zu,1,57
B_fair_s1,level_1_1,1,15,0x4A5F691A,59.900003,Drop,zu,1,58
B_fair_s1,level_1_1,1,15,0x4A5F691A,65.533337,Drop,e_liu,1,59
B_fair_s1,level_1_1,1,15,0x4A5F691A,321.13335,End,,0,59
B_fair_s1,level_1_1,1,16,0x48F32E24,0,Start,,0,45
B_fair_s1,level_1_1,1,16,0x48F32E24,2.033333,Drop,zu,1,46
B_fair_s1,level_1_1,1,16,0x48F32E24,7.033334,Drop,zu,1,47
B_fair_s1,level_1_1,1,16,0x48F32E24,11.800001,Drop,zu,1,48
B_fair_s1,level_1_1,1,16,0x48F32E24,17.566668,Drop,e_liu,1,49
B_fair_s1,level_1_1,1,16,0x48F32E24,21.433334,Drop,zu,1,50
B_fair_s1,level_1_1,1,16,0x48F32E24,27.866668,Drop,e_liu,1,51
B_fair_s1,level_1_1,1,16,0x48F32E24,30.866668,Drop,zu,1,52
B_fair_s1,level_1_1,1,16,0x48F32E24,36.700002,Drop,e_liu,1,53
B_fair_s1,level_1_1,1,16,0x48F32E24,40.666669,Drop,zu,1,54
B_fair_s1,level_1_1,1,16,0x48F32E24,52.733336,Drop,zqi,1,55
B_fair_s1,level_1_1,1,16,0x48F32E24,56.933336,Drop,e_liu,1,56
B_fair_s1,level_1_1,1,16,0x48F32E24,58.06667,Drop,zu,1,57
B_fair_s1,level_1_1,1,16,0x48F32E24,60.86667,Drop,zu,1,58
B_fair_s1,level_1_1,1,16,0x48F32E24,66.933337,Drop,e_liu,1,59
B_fair_s1,level_1_1,1,16,0x48F32E24,77.566671,Drop,zqi,1,60
B_fair_s1,level_1_1,1,16,0x48F32E24,96.000005,Drop,zqi,1,61
B_fair_s1,level_1_1,1,16,0x48F32E24,101.300005,Drop,zu,1,62
B_fair_s1,level_1_1,1,16,0x48F32E24,104.300005,Drop,e_liu,1,63
B_fair_s1,level_1_1,1,16,0x48F32E24,105.300005,Drop,e_lang,3,66
B_fair_s1,level_1_1,1,16,0x48F32E24,106.400006,Drop,e_lang,3,69
B_fair_s1,level_1_1,1,16,0x48F32E24,600.000031,End,,0,69
B_fair_s1,level_1_1,1,17,0x8BC0AF5F,0,Start,,0,45
B_fair_s1,level_1_1,1,17,0x8BC0AF5F,2.1,Drop,zu,1,46
B_fair_s1,level_1_1,1,17,0x8BC0AF5F,6.8,Drop,zu,1,47
B_fair_s1,level_1_1,1,17,0x8BC0AF5F,11.733334,Drop,zu,1,48
B_fair_s1,level_1_1,1,17,0x8BC0AF5F,17.500001,Drop,e_liu,1,49
B_fair_s1,level_1_1,1,17,0x8BC0AF5F,21.200001,Drop,zu,1,50
B_fair_s1,level_1_1,1,17,0x8BC0AF5F,27.233335,Drop,e_liu,1,51
B_fair_s1,level_1_1,1,17,0x8BC0AF5F,31.400002,Drop,zu,1,52
B_fair_s1,level_1_1,1,17,0x8BC0AF5F,36.633335,Drop,e_liu,1,53
B_fair_s1,level_1_1,1,17,0x8BC0AF5F,40.466669,Drop,zu,1,54
B_fair_s1,level_1_1,1,17,0x8BC0AF5F,53.500003,Drop,zqi,1,55
B_fair_s1,level_1_1,1,17,0x8BC0AF5F,57.733336,Drop,e_liu,1,56
B_fair_s1,level_1_1,1,17,0x8BC0AF5F,58.733336,Drop,zu,1,57
B_fair_s1,level_1_1,1,17,0x8BC0AF5F,61.033337,Drop,zu,1,58
B_fair_s1,level_1_1,1,17,0x8BC0AF5F,66.900003,Drop,e_liu,1,59
B_fair_s1,level_1_1,1,17,0x8BC0AF5F,81.266671,Drop,zu,1,60
B_fair_s1,level_1_1,1,17,0x8BC0AF5F,83.500004,Drop,e_liu,1,61
B_fair_s1,level_1_1,1,17,0x8BC0AF5F,86.800005,Drop,zqi,1,62
B_fair_s1,level_1_1,1,17,0x8BC0AF5F,114.366673,Drop,zqi,1,63
B_fair_s1,level_1_1,1,17,0x8BC0AF5F,156.166675,End,,0,63
B_fair_s1,level_1_1,1,18,0x5B4B090A,0,Start,,0,45
B_fair_s1,level_1_1,1,18,0x5B4B090A,2.033333,Drop,zu,1,46
B_fair_s1,level_1_1,1,18,0x5B4B090A,7,Drop,zu,1,47
B_fair_s1,level_1_1,1,18,0x5B4B090A,11.733334,Drop,zu,1,48
B_fair_s1,level_1_1,1,18,0x5B4B090A,17.533334,Drop,e_liu,1,49
B_fair_s1,level_1_1,1,18,0x5B4B090A,21.633334,Drop,zu,1,50
B_fair_s1,level_1_1,1,18,0x5B4B090A,27.333335,Drop,e_liu,1,51
B_fair_s1,level_1_1,1,18,0x5B4B090A,31.100002,Drop,zu,1,52
B_fair_s1,level_1_1,1,18,0x5B4B090A,36.833335,Drop,e_liu,1,53
B_fair_s1,level_1_1,1,18,0x5B4B090A,40.466669,Drop,zu,1,54
B_fair_s1,level_1_1,1,18,0x5B4B090A,65.333337,Drop,zqi,1,55
B_fair_s1,level_1_1,1,18,0x5B4B090A,452.600024,End,,0,55
B_fair_s1,level_1_1,1,19,0x7720D3DF,0,Start,,0,45
B_fair_s1,level_1_1,1,19,0x7720D3DF,2.033333,Drop,zu,1,46
B_fair_s1,level_1_1,1,19,0x7720D3DF,6.966667,Drop,zu,1,47
B_fair_s1,level_1_1,1,19,0x7720D3DF,11.800001,Drop,zu,1,48
B_fair_s1,level_1_1,1,19,0x7720D3DF,17.600001,Drop,e_liu,1,49
B_fair_s1,level_1_1,1,19,0x7720D3DF,21.433334,Drop,zu,1,50
B_fair_s1,level_1_1,1,19,0x7720D3DF,27.200001,Drop,e_liu,1,51
B_fair_s1,level_1_1,1,19,0x7720D3DF,30.833335,Drop,zu,1,52
B_fair_s1,level_1_1,1,19,0x7720D3DF,36.933335,Drop,e_liu,1,53
B_fair_s1,level_1_1,1,19,0x7720D3DF,40.600002,Drop,zu,1,54
B_fair_s1,level_1_1,1,19,0x7720D3DF,53.266669,Drop,zqi,1,55
B_fair_s1,level_1_1,1,19,0x7720D3DF,57.36667,Drop,e_liu,1,56
B_fair_s1,level_1_1,1,19,0x7720D3DF,58.36667,Drop,zu,1,57
B_fair_s1,level_1_1,1,19,0x7720D3DF,60.96667,Drop,zu,1,58
B_fair_s1,level_1_1,1,19,0x7720D3DF,66.933337,Drop,e_liu,1,59
B_fair_s1,level_1_1,1,19,0x7720D3DF,89.666671,Drop,zqi,1,60
B_fair_s1,level_1_1,1,19,0x7720D3DF,600.000031,End,,0,60
B_fair_s1,level_1_1,1,20,0xC63BAB32,0,Start,,0,45
B_fair_s1,level_1_1,1,20,0xC63BAB32,2.033333,Drop,zu,1,46
B_fair_s1,level_1_1,1,20,0xC63BAB32,7,Drop,zu,1,47
B_fair_s1,level_1_1,1,20,0xC63BAB32,11.733334,Drop,zu,1,48
B_fair_s1,level_1_1,1,20,0xC63BAB32,17.533334,Drop,e_liu,1,49
B_fair_s1,level_1_1,1,20,0xC63BAB32,21.633334,Drop,zu,1,50
B_fair_s1,level_1_1,1,20,0xC63BAB32,27.366668,Drop,e_liu,1,51
B_fair_s1,level_1_1,1,20,0xC63BAB32,31.066668,Drop,zu,1,52
B_fair_s1,level_1_1,1,20,0xC63BAB32,36.766669,Drop,e_liu,1,53
B_fair_s1,level_1_1,1,20,0xC63BAB32,40.866669,Drop,zu,1,54
B_fair_s1,level_1_1,1,20,0xC63BAB32,52.000003,Drop,zqi,1,55
B_fair_s1,level_1_1,1,20,0xC63BAB32,53.066669,Drop,e_liu,1,56
B_fair_s1,level_1_1,1,20,0xC63BAB32,55.600003,Drop,zu,1,57
B_fair_s1,level_1_1,1,20,0xC63BAB32,59.96667,Drop,zu,1,58
B_fair_s1,level_1_1,1,20,0xC63BAB32,65.533337,Drop,e_liu,1,59
B_fair_s1,level_1_1,1,20,0xC63BAB32,78.500004,Drop,zqi,1,60
B_fair_s1,level_1_1,1,20,0xC63BAB32,81.466671,Drop,zu,1,61
B_fair_s1,level_1_1,1,20,0xC63BAB32,84.500004,Drop,e_liu,1,62
B_fair_s1,level_1_1,1,20,0xC63BAB32,94.100005,Drop,zqi,1,63
B_fair_s1,level_1_1,1,20,0xC63BAB32,156.266675,End,,0,63
B_fair_s1,level_1_1,1,21,0xD8EBE11C,0,Start,,0,45
B_fair_s1,level_1_1,1,21,0xD8EBE11C,2.033333,Drop,zu,1,46
B_fair_s1,level_1_1,1,21,0xD8EBE11C,7,Drop,zu,1,47
B_fair_s1,level_1_1,1,21,0xD8EBE11C,11.733334,Drop,zu,1,48
B_fair_s1,level_1_1,1,21,0xD8EBE11C,17.500001,Drop,e_liu,1,49
B_fair_s1,level_1_1,1,21,0xD8EBE11C,21.266668,Drop,zu,1,50
B_fair_s1,level_1_1,1,21,0xD8EBE11C,27.233335,Drop,e_liu,1,51
B_fair_s1,level_1_1,1,21,0xD8EBE11C,31.033335,Drop,zu,1,52
B_fair_s1,level_1_1,1,21,0xD8EBE11C,36.833335,Drop,e_liu,1,53
B_fair_s1,level_1_1,1,21,0xD8EBE11C,40.433335,Drop,zu,1,54
B_fair_s1,level_1_1,1,21,0xD8EBE11C,77.800004,Drop,zqi,1,55
B_fair_s1,level_1_1,1,21,0xD8EBE11C,452.633357,End,,0,55
B_fair_s1,level_1_1,1,22,0x3DCE5C78,0,Start,,0,45
B_fair_s1,level_1_1,1,22,0x3DCE5C78,2.066667,Drop,zu,1,46
B_fair_s1,level_1_1,1,22,0x3DCE5C78,6.966667,Drop,zu,1,47
B_fair_s1,level_1_1,1,22,0x3DCE5C78,11.766667,Drop,zu,1,48
B_fair_s1,level_1_1,1,22,0x3DCE5C78,17.466668,Drop,e_liu,1,49
B_fair_s1,level_1_1,1,22,0x3DCE5C78,21.500001,Drop,zu,1,50
B_fair_s1,level_1_1,1,22,0x3DCE5C78,27.166668,Drop,e_liu,1,51
B_fair_s1,level_1_1,1,22,0x3DCE5C78,31.000002,Drop,zu,1,52
B_fair_s1,level_1_1,1,22,0x3DCE5C78,35.733335,Drop,e_liu,1,53
B_fair_s1,level_1_1,1,22,0x3DCE5C78,40.566669,Drop,zu,1,54
B_fair_s1,level_1_1,1,22,0x3DCE5C78,54.166669,Drop,zqi,1,55
B_fair_s1,level_1_1,1,22,0x3DCE5C78,59.06667,Drop,e_liu,1,56
B_fair_s1,level_1_1,1,22,0x3DCE5C78,60.06667,Drop,zu,1,57
B_fair_s1,level_1_1,1,22,0x3DCE5C78,61.700003,Drop,zu,1,58
B_fair_s1,level_1_1,1,22,0x3DCE5C78,67.133337,Drop,e_liu,1,59
B_fair_s1,level_1_1,1,22,0x3DCE5C78,78.800004,Drop,zqi,1,60
B_fair_s1,level_1_1,1,22,0x3DCE5C78,291.633349,End,,0,60
B_fair_s1,level_1_1,1,23,0x3E65CC58,0,Start,,0,45
B_fair_s1,level_1_1,1,23,0x3E65CC58,2.233333,Drop,zu,1,46
B_fair_s1,level_1_1,1,23,0x3E65CC58,7.033334,Drop,zu,1,47
B_fair_s1,level_1_1,1,23,0x3E65CC58,11.733334,Drop,zu,1,48
B_fair_s1,level_1_1,1,23,0x3E65CC58,17.433334,Drop,e_liu,1,49
B_fair_s1,level_1_1,1,23,0x3E65CC58,21.366668,Drop,zu,1,50
B_fair_s1,level_1_1,1,23,0x3E65CC58,27.166668,Drop,e_liu,1,51
B_fair_s1,level_1_1,1,23,0x3E65CC58,30.933335,Drop,zu,1,52
B_fair_s1,level_1_1,1,23,0x3E65CC58,36.900002,Drop,e_liu,1,53
B_fair_s1,level_1_1,1,23,0x3E65CC58,40.666669,Drop,zu,1,54
B_fair_s1,level_1_1,1,23,0x3E65CC58,65.200003,Drop,zqi,1,55
B_fair_s1,level_1_1,1,23,0x3E65CC58,328.300017,End,,0,55
B_fair_s1,level_1_1,1,24,0x7A3F7A4F,0,Start,,0,45
B_fair_s1,level_1_1,1,24,0x7A3F7A4F,2.133333,Drop,zu,1,46
B_fair_s1,level_1_1,1,24,0x7A3F7A4F,6.833334,Drop,zu,1,47
B_fair_s1,level_1_1,1,24,0x7A3F7A4F,11.800001,Drop,zu,1,48
B_fair_s1,level_1_1,1,24,0x7A3F7A4F,17.566668,Drop,e_liu,1,49
B_fair_s1,level_1_1,1,24,0x7A3F7A4F,21.200001,Drop,zu,1,50
B_fair_s1,level_1_1,1,24,0x7A3F7A4F,27.300001,Drop,e_liu,1,51
B_fair_s1,level_1_1,1,24,0x7A3F7A4F,31.833335,Drop,zu,1,52
B_fair_s1,level_1_1,1,24,0x7A3F7A4F,36.500002,Drop,e_liu,1,53
B_fair_s1,level_1_1,1,24,0x7A3F7A4F,40.733335,Drop,zu,1,54
B_fair_s1,level_1_1,1,24,0x7A3F7A4F,52.266669,Drop,e_liu,1,55
B_fair_s1,level_1_1,1,24,0x7A3F7A4F,56.26667,Drop,zu,1,56
B_fair_s1,level_1_1,1,24,0x7A3F7A4F,65.26667,Drop,zqi,1,57
B_fair_s1,level_1_1,1,24,0x7A3F7A4F,144.566674,End,,0,57
B_fair_s1,level_1_1,1,25,0x3BACCE74,0,Start,,0,45
B_fair_s1,level_1_1,1,25,0x3BACCE74,2.066667,Drop,zu,1,46
B_fair_s1,level_1_1,1,25,0x3BACCE74,7,Drop,zu,1,47
B_fair_s1,level_1_1,1,25,0x3BACCE74,11.833334,Drop,zu,1,48
B_fair_s1,level_1_1,1,25,0x3BACCE74,17.600001,Drop,e_liu,1,49
B_fair_s1,level_1_1,1,25,0x3BACCE74,21.300001,Drop,zu,1,50
B_fair_s1,level_1_1,1,25,0x3BACCE74,27.300001,Drop,e_liu,1,51
B_fair_s1,level_1_1,1,25,0x3BACCE74,31.166668,Drop,zu,1,52
B_fair_s1,level_1_1,1,25,0x3BACCE74,36.700002,Drop,e_liu,1,53
B_fair_s1,level_1_1,1,25,0x3BACCE74,40.533335,Drop,zu,1,54
B_fair_s1,level_1_1,1,25,0x3BACCE74,76.200004,Drop,zqi,1,55
B_fair_s1,level_1_1,1,25,0x3BACCE74,453.600024,End,,0,55
B_fair_s1,level_1_5,5,1,0xEE21F7E5,0,Start,,0,45
B_fair_s1,level_1_5,5,1,0xEE21F7E5,2.2,Drop,e_lang,1,46
B_fair_s1,level_1_5,5,1,0xEE21F7E5,4.733334,Drop,e_lang,1,47
B_fair_s1,level_1_5,5,1,0xEE21F7E5,7.2,Drop,e_lang,1,48
B_fair_s1,level_1_5,5,1,0xEE21F7E5,10.900001,Drop,e_liu,1,49
B_fair_s1,level_1_5,5,1,0xEE21F7E5,12.566667,Drop,e_lang,1,50
B_fair_s1,level_1_5,5,1,0xEE21F7E5,16.000001,Drop,e_liu,1,51
B_fair_s1,level_1_5,5,1,0xEE21F7E5,17.833334,Drop,e_lang,1,52
B_fair_s1,level_1_5,5,1,0xEE21F7E5,20.333334,Drop,e_liu,1,53
B_fair_s1,level_1_5,5,1,0xEE21F7E5,22.933335,Drop,e_lang,1,54
B_fair_s1,level_1_5,5,1,0xEE21F7E5,35.100002,Drop,zqi,1,55
B_fair_s1,level_1_5,5,1,0xEE21F7E5,38.466669,Drop,e_lang,1,56
B_fair_s1,level_1_5,5,1,0xEE21F7E5,39.466669,Drop,e_lang,1,57
B_fair_s1,level_1_5,5,1,0xEE21F7E5,51.433336,Drop,zqi,1,58
B_fair_s1,level_1_5,5,1,0xEE21F7E5,64.700003,Drop,zqi,1,59
B_fair_s1,level_1_5,5,1,0xEE21F7E5,95.833338,End,,0,59
B_fair_s1,level_1_5,5,2,0xCB7ACEEB,0,Start,,0,45
B_fair_s1,level_1_5,5,2,0xCB7ACEEB,2.033333,Drop,e_lang,1,46
B_fair_s1,level_1_5,5,2,0xCB7ACEEB,4.9,Drop,e_lang,1,47
B_fair_s1,level_1_5,5,2,0xCB7ACEEB,7.5,Drop,e_lang,1,48
B_fair_s1,level_1_5,5,2,0xCB7ACEEB,10.866667,Drop,e_liu,1,49
B_fair_s1,level_1_5,5,2,0xCB7ACEEB,12.800001,Drop,e_lang,1,50
B_fair_s1,level_1_5,5,2,0xCB7ACEEB,17.033334,Drop,e_liu,1,51
B_fair_s1,level_1_5,5,2,0xCB7ACEEB,22.000001,Drop,e_liu,1,52
B_fair_s1,level_1_5,5,2,0xCB7ACEEB,22.833335,Drop,e_lang,1,53
B_fair_s1,level_1_5,5,2,0xCB7ACEEB,29.833335,Drop,e_lang,1,54
B_fair_s1,level_1_5,5,2,0xCB7ACEEB,35.700002,Drop,zqi,1,55
B_fair_s1,level_1_5,5,2,0xCB7ACEEB,52.066669,Drop,zqi,1,56
B_fair_s1,level_1_5,5,2,0xCB7ACEEB,63.36667,Drop,zqi,1,57
B_fair_s1,level_1_5,5,2,0xCB7ACEEB,98.600005,End,,0,57
B_fair_s1,level_1_5,5,3,0xC65B10B8,0,Start,,0,45
B_fair_s1,level_1_5,5,3,0xC65B10B8,2.033333,Drop,e_lang,1,46
B_fair_s1,level_1_5,5,3,0xC65B10B8,4.733334,Drop,e_lang,1,47
B_fair_s1,level_1_5,5,3,0xC65B10B8,7.266667,Drop,e_lang,1,48
B_fair_s1,level_1_5,5,3,0xC65B10B8,11.100001,Drop,e_liu,1,49
B_fair_s1,level_1_5,5,3,0xC65B10B8,12.666667,Drop,e_lang,1,50
B_fair_s1,level_1_5,5,3,0xC65B10B8,16.366668,Drop,e_liu,1,51
B_fair_s1,level_1_5,5,3,0xC65B10B8,17.600001,Drop,e_lang,1,52
B_fair_s1,level_1_5,5,3,0xC65B10B8,21.500001,Drop,e_liu,1,53
B_fair_s1,level_1_5,5,3,0xC65B10B8,22.866668,Drop,e_lang,1,54
B_fair_s1,level_1_5,5,3,0xC65B10B8,35.100002,Drop,zqi,1,55
B_fair_s1,level_1_5,5,3,0xC65B10B8,35.800002,Drop,e_liu,1,56
B_fair_s1,level_1_5,5,3,0xC65B10B8,43.800002,Drop,e_lang,1,57
B_fair_s1,level_1_5,5,3,0xC65B10B8,44.800002,Drop,e_lang,1,58
B_fair_s1,level_1_5,5,3,0xC65B10B8,45.800002,Drop,e_lang,1,59
B_fair_s1,level_1_5,5,3,0xC65B10B8,48.800003,Drop,e_liu,1,60
B_fair_s1,level_1_5,5,3,0xC65B10B8,86.066671,End,,0,60
B_fair_s1,level_1_5,5,4,0x2DC4115E,0,Start,,0,45
B_fair_s1,level_1_5,5,4,0x2DC4115E,2.033333,Drop,e_lang,1,46
B_fair_s1,level_1_5,5,4,0x2DC4115E,4.9,Drop,e_lang,1,47
B_fair_s1,level_1_5,5,4,0x2DC4115E,7.366667,Drop,e_lang,1,48
B_fair_s1,level_1_5,5,4,0x2DC4115E,10.800001,Drop,e_liu,1,49
B_fair_s1,level_1_5,5,4,0x2DC4115E,12.466667,Drop,e_lang,1,50
B_fair_s1,level_1_5,5,4,0x2DC4115E,16.166668,Drop,e_liu,1,51
B_fair_s1,level_1_5,5,4,0x2DC4115E,18.233334,Drop,e_lang,1,52
B_fair_s1,level_1_5,5,4,0x2DC4115E,22.566668,Drop,e_liu,1,53
B_fair_s1,level_1_5,5,4,0x2DC4115E,29.500002,Drop,e_liu,1,54
B_fair_s1,level_1_5,5,4,0x2DC4115E,31.533335,Drop,e_lang,1,55
B_fair_s1,level_1_5,5,4,0x2DC4115E,37.933335,Drop,e_lang,1,56
B_fair_s1,level_1_5,5,4,0x2DC4115E,38.933335,Drop,e_lang,1,57
B_fair_s1,level_1_5,5,4,0x2DC4115E,94.766672,End,,0,57
B_fair_s1,level_1_5,5,5,0x521F5389,0,Start,,0,45
B_fair_s1,level_1_5,5,5,0x521F5389,2.033333,Drop,e_lang,1,46
B_fair_s1,level_1_5,5,5,0x521F5389,4.733334,Drop,e_lang,1,47
B_fair_s1,level_1_5,5,5,0x521F5389,7.233334,Drop,e_lang,1,48
B_fair_s1,level_1_5,5,5,0x521F5389,11.166667,Drop,e_liu,1,49
B_fair_s1,level_1_5,5,5,0x521F5389,12.866667,Drop,e_lang,1,50
B_fair_s1,level_1_5,5,5,0x521F5389,16.833334,Drop,e_liu,1,51
B_fair_s1,level_1_5,5,5,0x521F5389,17.800001,Drop,e_lang,1,52
B_fair_s1,level_1_5,5,5,0x521F5389,21.500001,Drop,e_liu,1,53
B_fair_s1,level_1_5,5,5,0x521F5389,22.866668,Drop,e_lang,1,54
B_fair_s1,level_1_5,5,5,0x521F5389,35.033335,Drop,zqi,1,55
B_fair_s1,level_1_5,5,5,0x521F5389,36.500002,Drop,e_liu,1,56
B_fair_s1,level_1_5,5,5,0x521F5389,39.500002,Drop,e_liu,1,57
B_fair_s1,level_1_5,5,5,0x521F5389,42.833336,Drop,e_lang,1,58
B_fair_s1,level_1_5,5,5,0x521F5389,43.833336,Drop,e_lang,1,59
B_fair_s1,level_1_5,5,5,0x521F5389,44.833336,Drop,e_lang,1,60
B_fair_s1,level_1_5,5,5,0x521F5389,52.033336,Drop,zqi,1,61
B_fair_s1,level_1_5,5,5,0x521F5389,63.533337,Drop,zqi,1,62
B_fair_s1,level_1_5,5,5,0x521F5389,377.30002,End,,0,62
B_fair_s1,level_1_5,5,6,0xB5ABD87E,0,Start,,0,45
B_fair_s1,level_1_5,5,6,0xB5ABD87E,2.166667,Drop,e_lang,1,46
B_fair_s1,level_1_5,5,6,0xB5ABD87E,4.766667,Drop,e_lang,1,47
B_fair_s1,level_1_5,5,6,0xB5ABD87E,7.2,Drop,e_lang,1,48
B_fair_s1,level_1_5,5,6,0xB5ABD87E,9.933334,Drop,e_liu,1,49
B_fair_s1,level_1_5,5,6,0xB5ABD87E,12.566667,Drop,e_lang,1,50
B_fair_s1,level_1_5,5,6,0xB5ABD87E,16.066668,Drop,e_liu,1,51
B_fair_s1,level_1_5,5,6,0xB5ABD87E,17.600001,Drop,e_lang,1,52
B_fair_s1,level_1_5,5,6,0xB5ABD87E,21.600001,Drop,e_liu,1,53
B_fair_s1,level_1_5,5,6,0xB5ABD87E,22.800001,Drop,e_lang,1,54
B_fair_s1,level_1_5,5,6,0xB5ABD87E,37.866669,Drop,e_lang,1,55
B_fair_s1,level_1_5,5,6,0xB5ABD87E,38.866669,Drop,e_lang,1,56
B_fair_s1,level_1_5,5,6,0xB5ABD87E,261.133347,End,,0,56
B_fair_s1,level_1_5,5,7,0x1A2B9AAC,0,Start,,0,45
B_fair_s1,level_1_5,5,7,0x1A2B9AAC,2.033333,Drop,e_lang,1,46
B_fair_s1,level_1_5,5,7,0x1A2B9AAC,5,Drop,e_lang,1,47
B_fair_s1,level_1_5,5,7,0x1A2B9AAC,7.233334,Drop,e_lang,1,48
B_fair_s1,level_1_5,5,7,0x1A2B9AAC,10.233334,Drop,e_liu,1,49
B_fair_s1,level_1_5,5,7,0x1A2B9AAC,15.766667,Drop,e_lang,1,50
B_fair_s1,level_1_5,5,7,0x1A2B9AAC,16.733334,Drop,e_liu,1,51
B_fair_s1,level_1_5,5,7,0x1A2B9AAC,18.133334,Drop,e_lang,1,52
B_fair_s1,level_1_5,5,7,0x1A2B9AAC,21.500001,Drop,e_liu,1,53
B_fair_s1,level_1_5,5,7,0x1A2B9AAC,22.833335,Drop,e_lang,1,54
B_fair_s1,level_1_5,5,7,0x1A2B9AAC,29.933335,Drop,e_liu,1,55
B_fair_s1,level_1_5,5,7,0x1A2B9AAC,34.333335,Drop,zqi,1,56
B_fair_s1,level_1_5,5,7,0x1A2B9AAC,36.700002,Drop,e_lang,1,57
B_fair_s1,level_1_5,5,7,0x1A2B9AAC,37.000002,Drop,e_lang,1,58
B_fair_s1,level_1_5,5,7,0x1A2B9AAC,40.300002,Drop,e_liu,1,59
B_fair_s1,level_1_5,5,7,0x1A2B9AAC,49.966669,Drop,zqi,1,60
B_fair_s1,level_1_5,5,7,0x1A2B9AAC,63.233337,Drop,zqi,1,61
B_fair_s1,level_1_5,5,7,0x1A2B9AAC,102.866672,End,,0,61
B_fair_s1,level_1_5,5,8,0x46BBEC73,0,Start,,0,45
B_fair_s1,level_1_5,5,8,0x46BBEC73,2.133333,Drop,e_lang,1,46
B_fair_s1,level_1_5,5,8,0x46BBEC73,4.866667,Drop,e_lang,1,47
B_fair_s1,level_1_5,5,8,0x46BBEC73,7.366667,Drop,e_lang,1,48
B_fair_s1,level_1_5,5,8,0x46BBEC73,10.166667,Drop,e_liu,1,49
B_fair_s1,level_1_5,5,8,0x46BBEC73,12.500001,Drop,e_lang,1,50
B_fair_s1,level_1_5,5,8,0x46BBEC73,16.000001,Drop,e_liu,1,51
B_fair_s1,level_1_5,5,8,0x46BBEC73,17.666668,Drop,e_lang,1,52
B_fair_s1,level_1_5,5,8,0x46BBEC73,21.433334,Drop,e_liu,1,53
B_fair_s1,level_1_5,5,8,0x46BBEC73,23.100001,Drop,e_lang,1,54
B_fair_s1,level_1_5,5,8,0x46BBEC73,33.500002,Drop,e_liu,1,55
B_fair_s1,level_1_5,5,8,0x46BBEC73,34.900002,Drop,zqi,1,56
B_fair_s1,level_1_5,5,8,0x46BBEC73,38.100002,Drop,e_lang,1,57
B_fair_s1,level_1_5,5,8,0x46BBEC73,39.100002,Drop,e_lang,1,58
B_fair_s1,level_1_5,5,8,0x46BBEC73,43.500002,Drop,e_liu,1,59
B_fair_s1,level_1_5,5,8,0x46BBEC73,50.866669,Drop,zqi,1,60
B_fair_s1,level_1_5,5,8,0x46BBEC73,64.100003,Drop,zqi,1,61
B_fair_s1,level_1_5,5,8,0x46BBEC73,80.466671,End,,0,61
B_fair_s1,level_1_5,5,9,0x5D87ACC9,0,Start,,0,45
B_fair_s1,level_1_5,5,9,0x5D87ACC9,2.033333,Drop,e_lang,1,46
B_fair_s1,level_1_5,5,9,0x5D87ACC9,4.733334,Drop,e_lang,1,47
B_fair_s1,level_1_5,5,9,0x5D87ACC9,7.333334,Drop,e_lang,1,48
B_fair_s1,level_1_5,5,9,0x5D87ACC9,11.066667,Drop,e_liu,1,49
B_fair_s1,level_1_5,5,9,0x5D87ACC9,13.000001,Drop,e_lang,1,50
B_fair_s1,level_1_5,5,9,0x5D87ACC9,16.700001,Drop,e_liu,1,51
B_fair_s1,level_1_5,5,9,0x5D87ACC9,17.833334,Drop,e_lang,1,52
B_fair_s1,level_1_5,5,9,0x5D87ACC9,22.466668,Drop,e_liu,1,53
B_fair_s1,level_1_5,5,9,0x5D87ACC9,29.266668,Drop,e_liu,1,54
B_fair_s1,level_1_5,5,9,0x5D87ACC9,78.500004,End,,0,54
B_fair_s1,level_1_5,5,10,0xABC5C006,0,Start,,0,45
B_fair_s1,level_1_5,5,10,0xABC5C006,2.2,Drop,e_lang,1,46
B_fair_s1,level_1_5,5,10,0xABC5C006,4.633334,Drop,e_lang,1,47
B_fair_s1,level_1_5,5,10,0xABC5C006,7.5,Drop,e_lang,1,48
B_fair_s1,level_1_5,5,10,0xABC5C006,10.300001,Drop,e_liu,1,49
B_fair_s1,level_1_5,5,10,0xABC5C006,12.833334,Drop,e_lang,1,50
B_fair_s1,level_1_5,5,10,0xABC5C006,16.833334,Drop,e_liu,1,51
B_fair_s1,level_1_5,5,10,0xABC5C006,17.633334,Drop,e_lang,1,52
B_fair_s1,level_1_5,5,10,0xABC5C006,21.000001,Drop,e_liu,1,53
B_fair_s1,level_1_5,5,10,0xABC5C006,22.833335,Drop,e_lang,1,54
B_fair_s1,level_1_5,5,10,0xABC5C006,36.966669,Drop,e_liu,1,55
B_fair_s1,level_1_5,5,10,0xABC5C006,91.600005,End,,0,55
B_fair_s1,level_1_5,5,11,0x6B643564,0,Start,,0,45
B_fair_s1,level_1_5,5,11,0x6B643564,3.233334,Drop,e_lang,1,46
B_fair_s1,level_1_5,5,11,0x6B643564,4.7,Drop,e_lang,1,47
B_fair_s1,level_1_5,5,11,0x6B643564,7.433334,Drop,e_lang,1,48
B_fair_s1,level_1_5,5,11,0x6B643564,9.866667,Drop,e_liu,1,49
B_fair_s1,level_1_5,5,11,0x6B643564,12.866667,Drop,e_lang,1,50
B_fair_s1,level_1_5,5,11,0x6B643564,17.266668,Drop,e_liu,1,51
B_fair_s1,level_1_5,5,11,0x6B643564,20.900001,Drop,e_lang,1,52
B_fair_s1,level_1_5,5,11,0x6B643564,23.033335,Drop,e_lang,1,53
B_fair_s1,level_1_5,5,11,0x6B643564,28.533335,Drop,e_liu,1,54
B_fair_s1,level_1_5,5,11,0x6B643564,31.533335,Drop,e_liu,1,55
B_fair_s1,level_1_5,5,11,0x6B643564,33.533335,Drop,zqi,1,56
B_fair_s1,level_1_5,5,11,0x6B643564,34.066668,Drop,e_lang,1,57
B_fair_s1,level_1_5,5,11,0x6B643564,36.133335,Drop,e_lang,1,58
B_fair_s1,level_1_5,5,11,0x6B643564,38.200002,Drop,e_liu,1,59
B_fair_s1,level_1_5,5,11,0x6B643564,42.500002,Drop,e_lang,1,60
B_fair_s1,level_1_5,5,11,0x6B643564,47.666669,Drop,e_liu,1,61
B_fair_s1,level_1_5,5,11,0x6B643564,56.96667,Drop,zqi,1,62
B_fair_s1,level_1_5,5,11,0x6B643564,114.666673,End,,0,62
B_fair_s1,level_1_5,5,12,0x54D0B380,0,Start,,0,45
B_fair_s1,level_1_5,5,12,0x54D0B380,2.166667,Drop,e_lang,1,46
B_fair_s1,level_1_5,5,12,0x54D0B380,4.6,Drop,e_lang,1,47
B_fair_s1,level_1_5,5,12,0x54D0B380,7.6,Drop,e_lang,1,48
B_fair_s1,level_1_5,5,12,0x54D0B380,10.866667,Drop,e_liu,1,49
B_fair_s1,level_1_5,5,12,0x54D0B380,12.666667,Drop,e_lang,1,50
B_fair_s1,level_1_5,5,12,0x54D0B380,17.366668,Drop,e_liu,1,51
B_fair_s1,level_1_5,5,12,0x54D0B380,17.766668,Drop,e_lang,1,52
B_fair_s1,level_1_5,5,12,0x54D0B380,22.133334,Drop,e_liu,1,53
B_fair_s1,level_1_5,5,12,0x54D0B380,22.966668,Drop,e_lang,1,54
B_fair_s1,level_1_5,5,12,0x54D0B380,30.766668,Drop,e_lang,1,55
B_fair_s1,level_1_5,5,12,0x54D0B380,31.200002,Drop,e_liu,1,56
B_fair_s1,level_1_5,5,12,0x54D0B380,33.400002,Drop,e_lang,1,57
B_fair_s1,level_1_5,5,12,0x54D0B380,107.733339,End,,0,57
B_fair_s1,level_1_5,5,13,0x16B2C8D0,0,Start,,0,45
B_fair_s1,level_1_5,5,13,0x16B2C8D0,2.166667,Drop,e_lang,1,46
B_fair_s1,level_1_5,5,13,0x16B2C8D0,4.633334,Drop,e_lang,1,47
B_fair_s1,level_1_5,5,13,0x16B2C8D0,7.366667,Drop,e_lang,1,48
B_fair_s1,level_1_5,5,13,0x16B2C8D0,10.300001,Drop,e_liu,1,49
B_fair_s1,level_1_5,5,13,0x16B2C8D0,12.433334,Drop,e_lang,1,50
B_fair_s1,level_1_5,5,13,0x16B2C8D0,16.333334,Drop,e_liu,1,51
B_fair_s1,level_1_5,5,13,0x16B2C8D0,17.900001,Drop,e_lang,1,52
B_fair_s1,level_1_5,5,13,0x16B2C8D0,21.633334,Drop,e_liu,1,53
B_fair_s1,level_1_5,5,13,0x16B2C8D0,26.566668,Drop,e_lang,1,54
B_fair_s1,level_1_5,5,13,0x16B2C8D0,31.500002,Drop,e_liu,1,55
B_fair_s1,level_1_5,5,13,0x16B2C8D0,35.466669,Drop,zqi,1,56
B_fair_s1,level_1_5,5,13,0x16B2C8D0,35.600002,Drop,e_lang,1,57
B_fair_s1,level_1_5,5,13,0x16B2C8D0,36.333335,Drop,e_lang,1,58
B_fair_s1,level_1_5,5,13,0x16B2C8D0,39.366669,Drop,e_liu,1,59
B_fair_s1,level_1_5,5,13,0x16B2C8D0,49.800003,Drop,zqi,1,60
B_fair_s1,level_1_5,5,13,0x16B2C8D0,62.96667,Drop,zqi,1,61
B_fair_s1,level_1_5,5,13,0x16B2C8D0,101.266672,End,,0,61
B_fair_s1,level_1_5,5,14,0xBAB50F84,0,Start,,0,45
B_fair_s1,level_1_5,5,14,0xBAB50F84,2.033333,Drop,e_lang,1,46
B_fair_s1,level_1_5,5,14,0xBAB50F84,4.9,Drop,e_lang,1,47
B_fair_s1,level_1_5,5,14,0xBAB50F84,7.233334,Drop,e_lang,1,48
B_fair_s1,level_1_5,5,14,0xBAB50F84,10.933334,Drop,e_liu,1,49
B_fair_s1,level_1_5,5,14,0xBAB50F84,12.466667,Drop,e_lang,1,50
B_fair_s1,level_1_5,5,14,0xBAB50F84,16.366668,Drop,e_liu,1,51
B_fair_s1,level_1_5,5,14,0xBAB50F84,17.600001,Drop,e_lang,1,52
B_fair_s1,level_1_5,5,14,0xBAB50F84,21.333334,Drop,e_liu,1,53
B_fair_s1,level_1_5,5,14,0xBAB50F84,23.033335,Drop,e_lang,1,54
B_fair_s1,level_1_5,5,14,0xBAB50F84,34.500002,Drop,zqi,1,55
B_fair_s1,level_1_5,5,14,0xBAB50F84,52.266669,Drop,zqi,1,56
B_fair_s1,level_1_5,5,14,0xBAB50F84,65.533337,Drop,zqi,1,57
B_fair_s1,level_1_5,5,14,0xBAB50F84,379.866686,End,,0,57
B_fair_s1,level_1_5,5,15,0x73F5C6E6,0,Start,,0,45
B_fair_s1,level_1_5,5,15,0x73F5C6E6,2.166667,Drop,e_lang,1,46
B_fair_s1,level_1_5,5,15,0x73F5C6E6,4.6,Drop,e_lang,1,47
B_fair_s1,level_1_5,5,15,0x73F5C6E6,7.333334,Drop,e_lang,1,48
B_fair_s1,level_1_5,5,15,0x73F5C6E6,10.066667,Drop,e_liu,1,49
B_fair_s1,level_1_5,5,15,0x73F5C6E6,12.866667,Drop,e_lang,1,50
B_fair_s1,level_1_5,5,15,0x73F5C6E6,17.366668,Drop,e_liu,1,51
B_fair_s1,level_1_5,5,15,0x73F5C6E6,21.866668,Drop,e_liu,1,52
B_fair_s1,level_1_5,5,15,0x73F5C6E6,22.900001,Drop,e_lang,1,53
B_fair_s1,level_1_5,5,15,0x73F5C6E6,31.600002,Drop,e_lang,1,54
B_fair_s1,level_1_5,5,15,0x73F5C6E6,33.933335,Drop,zqi,1,55
B_fair_s1,level_1_5,5,15,0x73F5C6E6,36.600002,Drop,e_liu,1,56
B_fair_s1,level_1_5,5,15,0x73F5C6E6,38.133335,Drop,e_liu,1,57
B_fair_s1,level_1_5,5,15,0x73F5C6E6,68.500004,End,,0,57
B_fair_s1,level_1_5,5,16,0xAE050D32,0,Start,,0,45
B_fair_s1,level_1_5,5,16,0xAE050D32,3.333334,Drop,e_lang,1,46
B_fair_s1,level_1_5,5,16,0xAE050D32,4.7,Drop,e_lang,1,47
B_fair_s1,level_1_5,5,16,0xAE050D32,7.3,Drop,e_lang,1,48
B_fair_s1,level_1_5,5,16,0xAE050D32,11.033334,Drop,e_liu,1,49
B_fair_s1,level_1_5,5,16,0xAE050D32,12.933334,Drop,e_lang,1,50
B_fair_s1,level_1_5,5,16,0xAE050D32,16.033334,Drop,e_liu,1,51
B_fair_s1,level_1_5,5,16,0xAE050D32,17.900001,Drop,e_lang,1,52
B_fair_s1,level_1_5,5,16,0xAE050D32,21.366668,Drop,e_liu,1,53
B_fair_s1,level_1_5,5,16,0xAE050D32,26.133335,Drop,e_lang,1,54
B_fair_s1,level_1_5,5,16,0xAE050D32,36.033335,Drop,zqi,1,55
B_fair_s1,level_1_5,5,16,0xAE050D32,36.500002,Drop,e_liu,1,56
B_fair_s1,level_1_5,5,16,0xAE050D32,39.500002,Drop,e_liu,1,57
B_fair_s1,level_1_5,5,16,0xAE050D32,40.100002,Drop,e_lang,1,58
B_fair_s1,level_1_5,5,16,0xAE050D32,41.100002,Drop,e_lang,1,59
B_fair_s1,level_1_5,5,16,0xAE050D32,52.933336,Drop,zqi,1,60
B_fair_s1,level_1_5,5,16,0xAE050D32,66.200003,Drop,zqi,1,61
B_fair_s1,level_1_5,5,16,0xAE050D32,99.333339,End,,0,61
B_fair_s1,level_1_5,5,17,0xFBCA1683,0,Start,,0,45
B_fair_s1,level_1_5,5,17,0xFBCA1683,2.233333,Drop,e_lang,1,46
B_fair_s1,level_1_5,5,17,0xFBCA1683,4.666667,Drop,e_lang,1,47
B_fair_s1,level_1_5,5,17,0xFBCA1683,7.233334,Drop,e_lang,1,48
B_fair_s1,level_1_5,5,17,0xFBCA1683,11.066667,Drop,e_liu,1,49
B_fair_s1,level_1_5,5,17,0xFBCA1683,12.733334,Drop,e_lang,1,50
B_fair_s1,level_1_5,5,17,0xFBCA1683,17.233334,Drop,e_liu,1,51
B_fair_s1,level_1_5,5,17,0xFBCA1683,21.966668,Drop,e_liu,1,52
B_fair_s1,level_1_5,5,17,0xFBCA1683,22.866668,Drop,e_lang,1,53
B_fair_s1,level_1_5,5,17,0xFBCA1683,38.166669,Drop,e_liu,1,54
B_fair_s1,level_1_5,5,17,0xFBCA1683,68.533337,End,,0,54
B_fair_s1,level_1_5,5,18,0x9A5F6BCE,0,Start,,0,45
B_fair_s1,level_1_5,5,18,0x9A5F6BCE,2.2,Drop,e_lang,1,46
B_fair_s1,level_1_5,5,18,0x9A5F6BCE,4.766667,Drop,e_lang,1,47
B_fair_s1,level_1_5,5,18,0x9A5F6BCE,7.7,Drop,e_lang,1,48
B_fair_s1,level_1_5,5,18,0x9A5F6BCE,9.866667,Drop,e_liu,1,49
B_fair_s1,level_1_5,5,18,0x9A5F6BCE,12.866667,Drop,e_lang,1,50
B_fair_s1,level_1_5,5,18,0x9A5F6BCE,16.033334,Drop,e_liu,1,51
B_fair_s1,level_1_5,5,18,0x9A5F6BCE,17.633334,Drop,e_lang,1,52
B_fair_s1,level_1_5,5,18,0x9A5F6BCE,21.133334,Drop,e_liu,1,53
B_fair_s1,level_1_5,5,18,0x9A5F6BCE,38.500002,Drop,e_liu,1,54
B_fair_s1,level_1_5,5,18,0x9A5F6BCE,67.000003,End,,0,54
B_fair_s1,level_1_5,5,19,0x93F49BFD,0,Start,,0,45
B_fair_s1,level_1_5,5,19,0x93F49BFD,2.166667,Drop,e_lang,1,46
B_fair_s1,level_1_5,5,19,0x93F49BFD,4.6,Drop,e_lang,1,47
B_fair_s1,level_1_5,5,19,0x93F49BFD,7.366667,Drop,e_lang,1,48
B_fair_s1,level_1_5,5,19,0x93F49BFD,9.833334,Drop,e_liu,1,49
B_fair_s1,level_1_5,5,19,0x93F49BFD,12.533334,Drop,e_lang,1,50
B_fair_s1,level_1_5,5,19,0x93F49BFD,16.266668,Drop,e_liu,1,51
B_fair_s1,level_1_5,5,19,0x93F49BFD,18.200001,Drop,e_lang,1,52
B_fair_s1,level_1_5,5,19,0x93F49BFD,22.633335,Drop,e_liu,1,53
B_fair_s1,level_1_5,5,19,0x93F49BFD,23.366668,Drop,e_lang,1,54
B_fair_s1,level_1_5,5,19,0x93F49BFD,28.966668,Drop,e_liu,1,55
B_fair_s1,level_1_5,5,19,0x93F49BFD,37.966669,Drop,e_liu,1,56
B_fair_s1,level_1_5,5,19,0x93F49BFD,97.366672,End,,0,56
B_fair_s1,level_1_5,5,20,0x11EC4CB8,0,Start,,0,45
B_fair_s1,level_1_5,5,20,0x11EC4CB8,2.033333,Drop,e_lang,1,46
B_fair_s1,level_1_5,5,20,0x11EC4CB8,4.866667,Drop,e_lang,1,47
B_fair_s1,level_1_5,5,20,0x11EC4CB8,7.2,Drop,e_lang,1,48
B_fair_s1,level_1_5,5,20,0x11EC4CB8,10.966667,Drop,e_liu,1,49
B_fair_s1,level_1_5,5,20,0x11EC4CB8,12.500001,Drop,e_lang,1,50
B_fair_s1,level_1_5,5,20,0x11EC4CB8,16.133334,Drop,e_liu,1,51
B_fair_s1,level_1_5,5,20,0x11EC4CB8,17.666668,Drop,e_lang,1,52
B_fair_s1,level_1_5,5,20,0x11EC4CB8,21.500001,Drop,e_liu,1,53
B_fair_s1,level_1_5,5,20,0x11EC4CB8,22.900001,Drop,e_lang,1,54
B_fair_s1,level_1_5,5,20,0x11EC4CB8,35.066668,Drop,zqi,1,55
B_fair_s1,level_1_5,5,20,0x11EC4CB8,35.500002,Drop,e_liu,1,56
B_fair_s1,level_1_5,5,20,0x11EC4CB8,41.933336,Drop,e_lang,1,57
B_fair_s1,level_1_5,5,20,0x11EC4CB8,42.933336,Drop,e_lang,1,58
B_fair_s1,level_1_5,5,20,0x11EC4CB8,52.700003,Drop,zqi,1,59
B_fair_s1,level_1_5,5,20,0x11EC4CB8,65.96667,Drop,zqi,1,60
B_fair_s1,level_1_5,5,20,0x11EC4CB8,259.933347,End,,0,60
B_fair_s1,level_1_5,5,21,0x971B1025,0,Start,,0,45
B_fair_s1,level_1_5,5,21,0x971B1025,2.2,Drop,e_lang,1,46
B_fair_s1,level_1_5,5,21,0x971B1025,5.066667,Drop,e_lang,1,47
B_fair_s1,level_1_5,5,21,0x971B1025,7.2,Drop,e_lang,1,48
B_fair_s1,level_1_5,5,21,0x971B1025,10.433334,Drop,e_liu,1,49
B_fair_s1,level_1_5,5,21,0x971B1025,12.933334,Drop,e_lang,1,50
B_fair_s1,level_1_5,5,21,0x971B1025,17.300001,Drop,e_liu,1,51
B_fair_s1,level_1_5,5,21,0x971B1025,20.900001,Drop,e_lang,1,52
B_fair_s1,level_1_5,5,21,0x971B1025,23.266668,Drop,e_lang,1,53
B_fair_s1,level_1_5,5,21,0x971B1025,23.666668,Drop,e_liu,1,54
B_fair_s1,level_1_5,5,21,0x971B1025,35.033335,Drop,zqi,1,55
B_fair_s1,level_1_5,5,21,0x971B1025,40.333335,Drop,e_liu,1,56
B_fair_s1,level_1_5,5,21,0x971B1025,41.333335,Drop,e_lang,1,57
B_fair_s1,level_1_5,5,21,0x971B1025,42.333336,Drop,e_lang,1,58
B_fair_s1,level_1_5,5,21,0x971B1025,52.433336,Drop,zqi,1,59
B_fair_s1,level_1_5,5,21,0x971B1025,106.533339,End,,0,59
B_fair_s1,level_1_5,5,22,0x56E69FEA,0,Start,,0,45
B_fair_s1,level_1_5,5,22,0x56E69FEA,2.133333,Drop,e_lang,1,46
B_fair_s1,level_1_5,5,22,0x56E69FEA,5.133334,Drop,e_lang,1,47
B_fair_s1,level_1_5,5,22,0x56E69FEA,7.333334,Drop,e_lang,1,48
B_fair_s1,level_1_5,5,22,0x56E69FEA,10.466667,Drop,e_liu,1,49
B_fair_s1,level_1_5,5,22,0x56E69FEA,12.866667,Drop,e_lang,1,50
B_fair_s1,level_1_5,5,22,0x56E69FEA,15.133334,Drop,e_liu,1,51
B_fair_s1,level_1_5,5,22,0x56E69FEA,17.733334,Drop,e_lang,1,52
B_fair_s1,level_1_5,5,22,0x56E69FEA,21.533334,Drop,e_liu,1,53
B_fair_s1,level_1_5,5,22,0x56E69FEA,22.933335,Drop,e_lang,1,54
B_fair_s1,level_1_5,5,22,0x56E69FEA,35.266669,Drop,zqi,1,55
B_fair_s1,level_1_5,5,22,0x56E69FEA,38.500002,Drop,e_liu,1,56
B_fair_s1,level_1_5,5,22,0x56E69FEA,38.633335,Drop,e_lang,1,57
B_fair_s1,level_1_5,5,22,0x56E69FEA,39.633335,Drop,e_lang,1,58
B_fair_s1,level_1_5,5,22,0x56E69FEA,51.466669,Drop,zqi,1,59
B_fair_s1,level_1_5,5,22,0x56E69FEA,64.733337,Drop,zqi,1,60
B_fair_s1,level_1_5,5,22,0x56E69FEA,408.466688,End,,0,60
B_fair_s1,level_1_5,5,23,0x26683187,0,Start,,0,45
B_fair_s1,level_1_5,5,23,0x26683187,2.033333,Drop,e_lang,1,46
B_fair_s1,level_1_5,5,23,0x26683187,4.9,Drop,e_lang,1,47
B_fair_s1,level_1_5,5,23,0x26683187,7.233334,Drop,e_lang,1,48
B_fair_s1,level_1_5,5,23,0x26683187,10.966667,Drop,e_liu,1,49
B_fair_s1,level_1_5,5,23,0x26683187,12.500001,Drop,e_lang,1,50
B_fair_s1,level_1_5,5,23,0x26683187,16.066668,Drop,e_liu,1,51
B_fair_s1,level_1_5,5,23,0x26683187,17.600001,Drop,e_lang,1,52
B_fair_s1,level_1_5,5,23,0x26683187,22.566668,Drop,e_liu,1,53
B_fair_s1,level_1_5,5,23,0x26683187,23.033335,Drop,e_lang,1,54
B_fair_s1,level_1_5,5,23,0x26683187,30.600002,Drop,e_lang,1,55
B_fair_s1,level_1_5,5,23,0x26683187,96.433338,End,,0,55
B_fair_s1,level_1_5,5,24,0x2B40F4CB,0,Start,,0,45
B_fair_s1,level_1_5,5,24,0x2B40F4CB,2.2,Drop,e_lang,1,46
B_fair_s1,level_1_5,5,24,0x2B40F4CB,4.733334,Drop,e_lang,1,47
B_fair_s1,level_1_5,5,24,0x2B40F4CB,7.5,Drop,e_lang,1,48
B_fair_s1,level_1_5,5,24,0x2B40F4CB,10.666667,Drop,e_liu,1,49
B_fair_s1,level_1_5,5,24,0x2B40F4CB,12.866667,Drop,e_lang,1,50
B_fair_s1,level_1_5,5,24,0x2B40F4CB,16.233334,Drop,e_liu,1,51
B_fair_s1,level_1_5,5,24,0x2B40F4CB,17.633334,Drop,e_lang,1,52
B_fair_s1,level_1_5,5,24,0x2B40F4CB,22.500001,Drop,e_liu,1,53
B_fair_s1,level_1_5,5,24,0x2B40F4CB,23.133335,Drop,e_lang,1,54
B_fair_s1,level_1_5,5,24,0x2B40F4CB,30.833335,Drop,e_liu,1,55
B_fair_s1,level_1_5,5,24,0x2B40F4CB,31.566668,Drop,e_lang,1,56
B_fair_s1,level_1_5,5,24,0x2B40F4CB,34.366668,Drop,e_lang,1,57
B_fair_s1,level_1_5,5,24,0x2B40F4CB,38.600002,Drop,e_liu,1,58
B_fair_s1,level_1_5,5,24,0x2B40F4CB,42.466669,Drop,zqi,1,59
B_fair_s1,level_1_5,5,24,0x2B40F4CB,42.900002,Drop,e_lang,1,60
B_fair_s1,level_1_5,5,24,0x2B40F4CB,48.200003,Drop,e_liu,1,61
B_fair_s1,level_1_5,5,24,0x2B40F4CB,68.800004,Drop,zqi,1,62
B_fair_s1,level_1_5,5,24,0x2B40F4CB,90.300005,Drop,zqi,1,63
B_fair_s1,level_1_5,5,24,0x2B40F4CB,99.733339,End,,0,63
B_fair_s1,level_1_5,5,25,0x8EE84AC7,0,Start,,0,45
B_fair_s1,level_1_5,5,25,0x8EE84AC7,2.166667,Drop,e_lang,1,46
B_fair_s1,level_1_5,5,25,0x8EE84AC7,4.7,Drop,e_lang,1,47
B_fair_s1,level_1_5,5,25,0x8EE84AC7,7.566667,Drop,e_lang,1,48
B_fair_s1,level_1_5,5,25,0x8EE84AC7,10.000001,Drop,e_liu,1,49
B_fair_s1,level_1_5,5,25,0x8EE84AC7,12.800001,Drop,e_lang,1,50
B_fair_s1,level_1_5,5,25,0x8EE84AC7,16.100001,Drop,e_liu,1,51
B_fair_s1,level_1_5,5,25,0x8EE84AC7,17.633334,Drop,e_lang,1,52
B_fair_s1,level_1_5,5,25,0x8EE84AC7,22.366668,Drop,e_liu,1,53
B_fair_s1,level_1_5,5,25,0x8EE84AC7,29.900002,Drop,e_lang,1,54
B_fair_s1,level_1_5,5,25,0x8EE84AC7,30.466668,Drop,e_liu,1,55
B_fair_s1,level_1_5,5,25,0x8EE84AC7,31.300002,Drop,e_lang,1,56
B_fair_s1,level_1_5,5,25,0x8EE84AC7,36.333335,Drop,e_lang,1,57
B_fair_s1,level_1_5,5,25,0x8EE84AC7,45.366669,Drop,e_lang,1,58
B_fair_s1,level_1_5,5,25,0x8EE84AC7,122.300006,End,,0,58
B_fair_s5,level_1_1,1,1,0x71ADCAFF,0,Start,,0,45
B_fair_s5,level_1_1,1,1,0x71ADCAFF,2.033333,Drop,zu,1,46
B_fair_s5,level_1_1,1,1,0x71ADCAFF,6.933334,Drop,zu,1,47
B_fair_s5,level_1_1,1,1,0x71ADCAFF,11.733334,Drop,zu,1,48
B_fair_s5,level_1_1,1,1,0x71ADCAFF,17.566668,Drop,e_liu,1,49
B_fair_s5,level_1_1,1,1,0x71ADCAFF,21.266668,Drop,zu,1,50
B_fair_s5,level_1_1,1,1,0x71ADCAFF,27.033335,Drop,e_liu,1,51
B_fair_s5,level_1_1,1,1,0x71ADCAFF,30.966668,Drop,zu,1,52
B_fair_s5,level_1_1,1,1,0x71ADCAFF,36.066669,Drop,e_liu,1,53
B_fair_s5,level_1_1,1,1,0x71ADCAFF,40.400002,Drop,zu,1,54
B_fair_s5,level_1_1,1,1,0x71ADCAFF,51.966669,Drop,zqi,1,55
B_fair_s5,level_1_1,1,1,0x71ADCAFF,53.933336,Drop,e_liu,1,56
B_fair_s5,level_1_1,1,1,0x71ADCAFF,56.100003,Drop,zu,1,57
B_fair_s5,level_1_1,1,1,0x71ADCAFF,60.633336,Drop,zu,1,58
B_fair_s5,level_1_1,1,1,0x71ADCAFF,66.800003,Drop,e_liu,1,59
B_fair_s5,level_1_1,1,1,0x71ADCAFF,77.166671,Drop,zqi,1,60
B_fair_s5,level_1_1,1,1,0x71ADCAFF,77.233337,Drop,zu,1,61
B_fair_s5,level_1_1,1,1,0x71ADCAFF,82.600004,Drop,e_liu,1,62
B_fair_s5,level_1_1,1,1,0x71ADCAFF,93.366672,Drop,zqi,1,63
B_fair_s5,level_1_1,1,1,0x71ADCAFF,93.633338,Drop,e_lang,3,66
B_fair_s5,level_1_1,1,1,0x71ADCAFF,171.600009,End,,0,66
B_fair_s5,level_1_1,1,2,0xD6BB9E46,0,Start,,0,45
B_fair_s5,level_1_1,1,2,0xD6BB9E46,2.033333,Drop,zu,1,46
B_fair_s5,level_1_1,1,2,0xD6BB9E46,6.933334,Drop,zu,1,47
B_fair_s5,level_1_1,1,2,0xD6BB9E46,11.733334,Drop,zu,1,48
B_fair_s5,level_1_1,1,2,0xD6BB9E46,16.933334,Drop,e_liu,1,49
B_fair_s5,level_1_1,1,2,0xD6BB9E46,21.200001,Drop,zu,1,50
B_fair_s5,level_1_1,1,2,0xD6BB9E46,27.133335,Drop,e_liu,1,51
B_fair_s5,level_1_1,1,2,0xD6BB9E46,30.800002,Drop,zu,1,52
B_fair_s5,level_1_1,1,2,0xD6BB9E46,36.533335,Drop,e_liu,1,53
B_fair_s5,level_1_1,1,2,0xD6BB9E46,40.700002,Drop,zu,1,54
B_fair_s5,level_1_1,1,2,0xD6BB9E46,48.133336,Drop,zqi,1,55
B_fair_s5,level_1_1,1,2,0xD6BB9E46,52.866669,Drop,e_liu,1,56
B_fair_s5,level_1_1,1,2,0xD6BB9E46,55.36667,Drop,zu,1,57
B_fair_s5,level_1_1,1,2,0xD6BB9E46,60.233336,Drop,zu,1,58
B_fair_s5,level_1_1,1,2,0xD6BB9E46,65.933337,Drop,e_liu,1,59
B_fair_s5,level_1_1,1,2,0xD6BB9E46,72.96667,Drop,zqi,1,60
B_fair_s5,level_1_1,1,2,0xD6BB9E46,77.800004,Drop,zu,1,61
B_fair_s5,level_1_1,1,2,0xD6BB9E46,81.400004,Drop,e_liu,1,62
B_fair_s5,level_1_1,1,2,0xD6BB9E46,87.500005,Drop,zqi,1,63
B_fair_s5,level_1_1,1,2,0xD6BB9E46,90.600005,Drop,e_lang,3,66
B_fair_s5,level_1_1,1,2,0xD6BB9E46,109.333339,Drop,e_lang,3,69
B_fair_s5,level_1_1,1,2,0xD6BB9E46,600.000031,End,,0,69
B_fair_s5,level_1_1,1,3,0x0B12931F,0,Start,,0,45
B_fair_s5,level_1_1,1,3,0x0B12931F,2.033333,Drop,zu,1,46
B_fair_s5,level_1_1,1,3,0x0B12931F,6.866667,Drop,zu,1,47
B_fair_s5,level_1_1,1,3,0x0B12931F,11.700001,Drop,zu,1,48
B_fair_s5,level_1_1,1,3,0x0B12931F,16.600001,Drop,e_liu,1,49
B_fair_s5,level_1_1,1,3,0x0B12931F,21.266668,Drop,zu,1,50
B_fair_s5,level_1_1,1,3,0x0B12931F,27.200001,Drop,e_liu,1,51
B_fair_s5,level_1_1,1,3,0x0B12931F,30.866668,Drop,zu,1,52
B_fair_s5,level_1_1,1,3,0x0B12931F,36.100002,Drop,e_liu,1,53
B_fair_s5,level_1_1,1,3,0x0B12931F,40.666669,Drop,zu,1,54
B_fair_s5,level_1_1,1,3,0x0B12931F,48.000003,Drop,zqi,1,55
B_fair_s5,level_1_1,1,3,0x0B12931F,52.900003,Drop,e_liu,1,56
B_fair_s5,level_1_1,1,3,0x0B12931F,55.400003,Drop,zu,1,57
B_fair_s5,level_1_1,1,3,0x0B12931F,60.000003,Drop,zu,1,58
B_fair_s5,level_1_1,1,3,0x0B12931F,65.86667,Drop,e_liu,1,59
B_fair_s5,level_1_1,1,3,0x0B12931F,72.733337,Drop,zqi,1,60
B_fair_s5,level_1_1,1,3,0x0B12931F,75.400004,Drop,zu,1,61
B_fair_s5,level_1_1,1,3,0x0B12931F,81.266671,Drop,e_liu,1,62
B_fair_s5,level_1_1,1,3,0x0B12931F,87.400005,Drop,zqi,1,63
B_fair_s5,level_1_1,1,3,0x0B12931F,90.600005,Drop,e_lang,3,66
B_fair_s5,level_1_1,1,3,0x0B12931F,109.433339,Drop,e_lang,3,69
B_fair_s5,level_1_1,1,3,0x0B12931F,600.000031,End,,0,69
B_fair_s5,level_1_1,1,4,0x775AAB47,0,Start,,0,45
B_fair_s5,level_1_1,1,4,0x775AAB47,2.033333,Drop,zu,1,46
B_fair_s5,level_1_1,1,4,0x775AAB47,6.9,Drop,zu,1,47
B_fair_s5,level_1_1,1,4,0x775AAB47,11.733334,Drop,zu,1,48
B_fair_s5,level_1_1,1,4,0x775AAB47,16.633334,Drop,e_liu,1,49
B_fair_s5,level_1_1,1,4,0x775AAB47,21.266668,Drop,zu,1,50
B_fair_s5,level_1_1,1,4,0x775AAB47,26.000001,Drop,e_liu,1,51
B_fair_s5,level_1_1,1,4,0x775AAB47,30.833335,Drop,zu,1,52
B_fair_s5,level_1_1,1,4,0x775AAB47,35.600002,Drop,e_liu,1,53
B_fair_s5,level_1_1,1,4,0x775AAB47,40.400002,Drop,zu,1,54
B_fair_s5,level_1_1,1,4,0x775AAB47,52.000003,Drop,zqi,1,55
B_fair_s5,level_1_1,1,4,0x775AAB47,53.666669,Drop,e_liu,1,56
B_fair_s5,level_1_1,1,4,0x775AAB47,55.96667,Drop,zu,1,57
B_fair_s5,level_1_1,1,4,0x775AAB47,60.533336,Drop,zu,1,58
B_fair_s5,level_1_1,1,4,0x775AAB47,66.96667,Drop,e_liu,1,59
B_fair_s5,level_1_1,1,4,0x775AAB47,77.333337,Drop,zu,1,60
B_fair_s5,level_1_1,1,4,0x775AAB47,77.333337,Drop,zqi,1,61
B_fair_s5,level_1_1,1,4,0x775AAB47,82.566671,Drop,e_liu,1,62
B_fair_s5,level_1_1,1,4,0x775AAB47,93.333338,Drop,zqi,1,63
B_fair_s5,level_1_1,1,4,0x775AAB47,93.400005,Drop,e_lang,3,66
B_fair_s5,level_1_1,1,4,0x775AAB47,108.600006,Drop,e_lang,3,69
B_fair_s5,level_1_1,1,4,0x775AAB47,600.000031,End,,0,69
B_fair_s5,level_1_1,1,5,0x6479119E,0,Start,,0,45
B_fair_s5,level_1_1,1,5,0x6479119E,2.033333,Drop,zu,1,46
B_fair_s5,level_1_1,1,5,0x6479119E,6.933334,Drop,zu,1,47
B_fair_s5,level_1_1,1,5,0x6479119E,11.766667,Drop,zu,1,48
B_fair_s5,level_1_1,1,5,0x6479119E,17.000001,Drop,e_liu,1,49
B_fair_s5,level_1_1,1,5,0x6479119E,21.200001,Drop,zu,1,50
B_fair_s5,level_1_1,1,5,0x6479119E,27.233335,Drop,e_liu,1,51
B_fair_s5,level_1_1,1,5,0x6479119E,30.966668,Drop,zu,1,52
B_fair_s5,level_1_1,1,5,0x6479119E,35.766669,Drop,e_liu,1,53
B_fair_s5,level_1_1,1,5,0x6479119E,40.400002,Drop,zu,1,54
B_fair_s5,level_1_1,1,5,0x6479119E,53.866669,Drop,e_liu,1,55
B_fair_s5,level_1_1,1,5,0x6479119E,54.533336,Drop,zqi,1,56
B_fair_s5,level_1_1,1,5,0x6479119E,56.36667,Drop,zu,1,57
B_fair_s5,level_1_1,1,5,0x6479119E,60.76667,Drop,zu,1,58
B_fair_s5,level_1_1,1,5,0x6479119E,67.133337,Drop,e_liu,1,59
B_fair_s5,level_1_1,1,5,0x6479119E,77.233337,Drop,zu,1,60
B_fair_s5,level_1_1,1,5,0x6479119E,81.133338,Drop,zqi,1,61
B_fair_s5,level_1_1,1,5,0x6479119E,83.300004,Drop,e_liu,1,62
B_fair_s5,level_1_1,1,5,0x6479119E,94.000005,Drop,e_lang,3,65
B_fair_s5,level_1_1,1,5,0x6479119E,98.800005,Drop,zqi,1,66
B_fair_s5,level_1_1,1,5,0x6479119E,169.300009,End,,0,66
B_fair_s5,level_1_1,1,6,0x8F14A5DB,0,Start,,0,45
B_fair_s5,level_1_1,1,6,0x8F14A5DB,2.033333,Drop,zu,1,46
B_fair_s5,level_1_1,1,6,0x8F14A5DB,6.866667,Drop,zu,1,47
B_fair_s5,level_1_1,1,6,0x8F14A5DB,11.700001,Drop,zu,1,48
B_fair_s5,level_1_1,1,6,0x8F14A5DB,17.600001,Drop,e_liu,1,49
B_fair_s5,level_1_1,1,6,0x8F14A5DB,21.200001,Drop,zu,1,50
B_fair_s5,level_1_1,1,6,0x8F14A5DB,27.133335,Drop,e_liu,1,51
B_fair_s5,level_1_1,1,6,0x8F14A5DB,30.933335,Drop,zu,1,52
B_fair_s5,level_1_1,1,6,0x8F14A5DB,35.600002,Drop,e_liu,1,53
B_fair_s5,level_1_1,1,6,0x8F14A5DB,40.400002,Drop,zu,1,54
B_fair_s5,level_1_1,1,6,0x8F14A5DB,53.900003,Drop,e_liu,1,55
B_fair_s5,level_1_1,1,6,0x8F14A5DB,56.533336,Drop,zu,1,56
B_fair_s5,level_1_1,1,6,0x8F14A5DB,56.733336,Drop,zqi,1,57
B_fair_s5,level_1_1,1,6,0x8F14A5DB,60.600003,Drop,zu,1,58
B_fair_s5,level_1_1,1,6,0x8F14A5DB,67.16667,Drop,e_liu,1,59
B_fair_s5,level_1_1,1,6,0x8F14A5DB,77.566671,Drop,zu,1,60
B_fair_s5,level_1_1,1,6,0x8F14A5DB,83.133338,Drop,e_liu,1,61
B_fair_s5,level_1_1,1,6,0x8F14A5DB,83.666671,Drop,zqi,1,62
B_fair_s5,level_1_1,1,6,0x8F14A5DB,94.266672,Drop,e_lang,3,65
B_fair_s5,level_1_1,1,6,0x8F14A5DB,101.366672,Drop,zqi,1,66
B_fair_s5,level_1_1,1,6,0x8F14A5DB,169.300009,End,,0,66
B_fair_s5,level_1_1,1,7,0x6E56C98C,0,Start,,0,45
B_fair_s5,level_1_1,1,7,0x6E56C98C,2.033333,Drop,zu,1,46
B_fair_s5,level_1_1,1,7,0x6E56C98C,6.866667,Drop,zu,1,47
B_fair_s5,level_1_1,1,7,0x6E56C98C,11.700001,Drop,zu,1,48
B_fair_s5,level_1_1,1,7,0x6E56C98C,17.400001,Drop,e_liu,1,49
B_fair_s5,level_1_1,1,7,0x6E56C98C,21.200001,Drop,zu,1,50
B_fair_s5,level_1_1,1,7,0x6E56C98C,26.000001,Drop,e_liu,1,51
B_fair_s5,level_1_1,1,7,0x6E56C98C,30.800002,Drop,zu,1,52
B_fair_s5,level_1_1,1,7,0x6E56C98C,35.700002,Drop,e_liu,1,53
B_fair_s5,level_1_1,1,7,0x6E56C98C,40.533335,Drop,zu,1,54
B_fair_s5,level_1_1,1,7,0x6E56C98C,53.933336,Drop,e_liu,1,55
B_fair_s5,level_1_1,1,7,0x6E56C98C,54.333336,Drop,zqi,1,56
B_fair_s5,level_1_1,1,7,0x6E56C98C,56.333336,Drop,zu,1,57
B_fair_s5,level_1_1,1,7,0x6E56C98C,60.76667,Drop,zu,1,58
B_fair_s5,level_1_1,1,7,0x6E56C98C,67.06667,Drop,e_liu,1,59
B_fair_s5,level_1_1,1,7,0x6E56C98C,77.333337,Drop,zu,1,60
B_fair_s5,level_1_1,1,7,0x6E56C98C,77.366671,Drop,zqi,1,61
B_fair_s5,level_1_1,1,7,0x6E56C98C,82.633338,Drop,e_liu,1,62
B_fair_s5,level_1_1,1,7,0x6E56C98C,89.466671,Drop,zqi,1,63
B_fair_s5,level_1_1,1,7,0x6E56C98C,91.500005,Drop,e_lang,3,66
B_fair_s5,level_1_1,1,7,0x6E56C98C,104.666672,Drop,e_lang,3,69
B_fair_s5,level_1_1,1,7,0x6E56C98C,600.000031,End,,0,69
B_fair_s5,level_1_1,1,8,0x5B8555DF,0,Start,,0,45
B_fair_s5,level_1_1,1,8,0x5B8555DF,2.1,Drop,zu,1,46
B_fair_s5,level_1_1,1,8,0x5B8555DF,6.933334,Drop,zu,1,47
B_fair_s5,level_1_1,1,8,0x5B8555DF,11.866667,Drop,zu,1,48
B_fair_s5,level_1_1,1,8,0x5B8555DF,17.400001,Drop,e_liu,1,49
B_fair_s5,level_1_1,1,8,0x5B8555DF,21.200001,Drop,zu,1,50
B_fair_s5,level_1_1,1,8,0x5B8555DF,26.266668,Drop,e_liu,1,51
B_fair_s5,level_1_1,1,8,0x5B8555DF,30.833335,Drop,zu,1,52
B_fair_s5,level_1_1,1,8,0x5B8555DF,35.600002,Drop,e_liu,1,53
B_fair_s5,level_1_1,1,8,0x5B8555DF,40.533335,Drop,zu,1,54
B_fair_s5,level_1_1,1,8,0x5B8555DF,48.566669,Drop,zqi,1,55
B_fair_s5,level_1_1,1,8,0x5B8555DF,53.033336,Drop,e_liu,1,56
B_fair_s5,level_1_1,1,8,0x5B8555DF,55.533336,Drop,zu,1,57
B_fair_s5,level_1_1,1,8,0x5B8555DF,60.36667,Drop,zu,1,58
B_fair_s5,level_1_1,1,8,0x5B8555DF,65.86667,Drop,e_liu,1,59
B_fair_s5,level_1_1,1,8,0x5B8555DF,76.566671,Drop,zqi,1,60
B_fair_s5,level_1_1,1,8,0x5B8555DF,76.866671,Drop,zu,1,61
B_fair_s5,level_1_1,1,8,0x5B8555DF,82.633338,Drop,e_liu,1,62
B_fair_s5,level_1_1,1,8,0x5B8555DF,92.766672,Drop,zqi,1,63
B_fair_s5,level_1_1,1,8,0x5B8555DF,93.433338,Drop,e_lang,3,66
B_fair_s5,level_1_1,1,8,0x5B8555DF,104.766672,Drop,e_lang,3,69
B_fair_s5,level_1_1,1,8,0x5B8555DF,600.000031,End,,0,69
B_fair_s5,level_1_1,1,9,0xD6E76540,0,Start,,0,45
B_fair_s5,level_1_1,1,9,0xD6E76540,2.033333,Drop,zu,1,46
B_fair_s5,level_1_1,1,9,0xD6E76540,6.866667,Drop,zu,1,47
B_fair_s5,level_1_1,1,9,0xD6E76540,11.700001,Drop,zu,1,48
B_fair_s5,level_1_1,1,9,0xD6E76540,16.566668,Drop,e_liu,1,49
B_fair_s5,level_1_1,1,9,0xD6E76540,21.266668,Drop,zu,1,50
B_fair_s5,level_1_1,1,9,0xD6E76540,26.833335,Drop,e_liu,1,51
B_fair_s5,level_1_1,1,9,0xD6E76540,30.800002,Drop,zu,1,52
B_fair_s5,level_1_1,1,9,0xD6E76540,35.600002,Drop,e_liu,1,53
B_fair_s5,level_1_1,1,9,0xD6E76540,40.400002,Drop,zu,1,54
B_fair_s5,level_1_1,1,9,0xD6E76540,53.900003,Drop,e_liu,1,55
B_fair_s5,level_1_1,1,9,0xD6E76540,55.000003,Drop,zqi,1,56
B_fair_s5,level_1_1,1,9,0xD6E76540,56.56667,Drop,zu,1,57
B_fair_s5,level_1_1,1,9,0xD6E76540,60.66667,Drop,zu,1,58
B_fair_s5,level_1_1,1,9,0xD6E76540,67.16667,Drop,e_liu,1,59
B_fair_s5,level_1_1,1,9,0xD6E76540,77.266671,Drop,zu,1,60
B_fair_s5,level_1_1,1,9,0xD6E76540,82.200004,Drop,zqi,1,61
B_fair_s5,level_1_1,1,9,0xD6E76540,83.133338,Drop,e_liu,1,62
B_fair_s5,level_1_1,1,9,0xD6E76540,94.466672,Drop,e_lang,3,65
B_fair_s5,level_1_1,1,9,0xD6E76540,99.933339,Drop,zqi,1,66
B_fair_s5,level_1_1,1,9,0xD6E76540,169.400009,End,,0,66
B_fair_s5,level_1_1,1,10,0x73A07487,0,Start,,0,45
B_fair_s5,level_1_1,1,10,0x73A07487,2.066667,Drop,zu,1,46
B_fair_s5,level_1_1,1,10,0x73A07487,6.933334,Drop,zu,1,47
B_fair_s5,level_1_1,1,10,0x73A07487,11.733334,Drop,zu,1,48
B_fair_s5,level_1_1,1,10,0x73A07487,17.166668,Drop,e_liu,1,49
B_fair_s5,level_1_1,1,10,0x73A07487,21.266668,Drop,zu,1,50
B_fair_s5,level_1_1,1,10,0x73A07487,27.233335,Drop,e_liu,1,51
B_fair_s5,level_1_1,1,10,0x73A07487,31.000002,Drop,zu,1,52
B_fair_s5,level_1_1,1,10,0x73A07487,36.766669,Drop,e_liu,1,53
B_fair_s5,level_1_1,1,10,0x73A07487,40.400002,Drop,zu,1,54
B_fair_s5,level_1_1,1,10,0x73A07487,52.333336,Drop,zqi,1,55
B_fair_s5,level_1_1,1,10,0x73A07487,53.866669,Drop,e_liu,1,56
B_fair_s5,level_1_1,1,10,0x73A07487,56.233336,Drop,zu,1,57
B_fair_s5,level_1_1,1,10,0x73A07487,60.633336,Drop,zu,1,58
B_fair_s5,level_1_1,1,10,0x73A07487,67.06667,Drop,e_liu,1,59
B_fair_s5,level_1_1,1,10,0x73A07487,77.233337,Drop,zu,1,60
B_fair_s5,level_1_1,1,10,0x73A07487,77.833337,Drop,zqi,1,61
B_fair_s5,level_1_1,1,10,0x73A07487,82.833338,Drop,e_liu,1,62
B_fair_s5,level_1_1,1,10,0x73A07487,93.600005,Drop,e_lang,3,65
B_fair_s5,level_1_1,1,10,0x73A07487,93.700005,Drop,zqi,1,66
B_fair_s5,level_1_1,1,10,0x73A07487,170.200009,End,,0,66
B_fair_s5,level_1_1,1,11,0xDB25E9FF,0,Start,,0,45
B_fair_s5,level_1_1,1,11,0xDB25E9FF,2.033333,Drop,zu,1,46
B_fair_s5,level_1_1,1,11,0xDB25E9FF,6.866667,Drop,zu,1,47
B_fair_s5,level_1_1,1,11,0xDB25E9FF,11.833334,Drop,zu,1,48
B_fair_s5,level_1_1,1,11,0xDB25E9FF,17.033334,Drop,e_liu,1,49
B_fair_s5,level_1_1,1,11,0xDB25E9FF,21.200001,Drop,zu,1,50
B_fair_s5,level_1_1,1,11,0xDB25E9FF,26.766668,Drop,e_liu,1,51
B_fair_s5,level_1_1,1,11,0xDB25E9FF,31.000002,Drop,zu,1,52
B_fair_s5,level_1_1,1,11,0xDB25E9FF,35.866669,Drop,e_liu,1,53
B_fair_s5,level_1_1,1,11,0xDB25E9FF,40.533335,Drop,zu,1,54
B_fair_s5,level_1_1,1,11,0xDB25E9FF,48.600003,Drop,zqi,1,55
B_fair_s5,level_1_1,1,11,0xDB25E9FF,53.066669,Drop,e_liu,1,56
B_fair_s5,level_1_1,1,11,0xDB25E9FF,55.500003,Drop,zu,1,57
B_fair_s5,level_1_1,1,11,0xDB25E9FF,60.033336,Drop,zu,1,58
B_fair_s5,level_1_1,1,11,0xDB25E9FF,66.600003,Drop,e_liu,1,59
B_fair_s5,level_1_1,1,11,0xDB25E9FF,73.36667,Drop,zqi,1,60
B_fair_s5,level_1_1,1,11,0xDB25E9FF,75.500004,Drop,zu,1,61
B_fair_s5,level_1_1,1,11,0xDB25E9FF,81.333338,Drop,e_liu,1,62
B_fair_s5,level_1_1,1,11,0xDB25E9FF,88.000005,Drop,zqi,1,63
B_fair_s5,level_1_1,1,11,0xDB25E9FF,90.833338,Drop,e_lang,3,66
B_fair_s5,level_1_1,1,11,0xDB25E9FF,104.866672,Drop,e_lang,3,69
B_fair_s5,level_1_1,1,11,0xDB25E9FF,600.000031,End,,0,69
B_fair_s5,level_1_1,1,12,0xA55D64B2,0,Start,,0,45
B_fair_s5,level_1_1,1,12,0xA55D64B2,2.033333,Drop,zu,1,46
B_fair_s5,level_1_1,1,12,0xA55D64B2,6.866667,Drop,zu,1,47
B_fair_s5,level_1_1,1,12,0xA55D64B2,11.700001,Drop,zu,1,48
B_fair_s5,level_1_1,1,12,0xA55D64B2,17.100001,Drop,e_liu,1,49
B_fair_s5,level_1_1,1,12,0xA55D64B2,21.266668,Drop,zu,1,50
B_fair_s5,level_1_1,1,12,0xA55D64B2,26.033335,Drop,e_liu,1,51
B_fair_s5,level_1_1,1,12,0xA55D64B2,30.800002,Drop,zu,1,52
B_fair_s5,level_1_1,1,12,0xA55D64B2,36.733335,Drop,e_liu,1,53
B_fair_s5,level_1_1,1,12,0xA55D64B2,40.633335,Drop,zu,1,54
B_fair_s5,level_1_1,1,12,0xA55D64B2,48.033336,Drop,zqi,1,55
B_fair_s5,level_1_1,1,12,0xA55D64B2,52.866669,Drop,e_liu,1,56
B_fair_s5,level_1_1,1,12,0xA55D64B2,55.300003,Drop,zu,1,57
B_fair_s5,level_1_1,1,12,0xA55D64B2,60.333336,Drop,zu,1,58
B_fair_s5,level_1_1,1,12,0xA55D64B2,66.000003,Drop,e_liu,1,59
B_fair_s5,level_1_1,1,12,0xA55D64B2,70.933337,Drop,zqi,1,60
B_fair_s5,level_1_1,1,12,0xA55D64B2,74.433337,Drop,zu,1,61
B_fair_s5,level_1_1,1,12,0xA55D64B2,80.600004,Drop,e_liu,1,62
B_fair_s5,level_1_1,1,12,0xA55D64B2,85.466671,Drop,zqi,1,63
B_fair_s5,level_1_1,1,12,0xA55D64B2,90.066671,Drop,e_lang,3,66
B_fair_s5,level_1_1,1,12,0xA55D64B2,108.133339,Drop,e_lang,3,69
B_fair_s5,level_1_1,1,12,0xA55D64B2,600.000031,End,,0,69
B_fair_s5,level_1_1,1,13,0x30AF2AB7,0,Start,,0,45
B_fair_s5,level_1_1,1,13,0x30AF2AB7,2.033333,Drop,zu,1,46
B_fair_s5,level_1_1,1,13,0x30AF2AB7,6.866667,Drop,zu,1,47
B_fair_s5,level_1_1,1,13,0x30AF2AB7,11.833334,Drop,zu,1,48
B_fair_s5,level_1_1,1,13,0x30AF2AB7,17.600001,Drop,e_liu,1,49
B_fair_s5,level_1_1,1,13,0x30AF2AB7,21.266668,Drop,zu,1,50
B_fair_s5,level_1_1,1,13,0x30AF2AB7,26.866668,Drop,e_liu,1,51
B_fair_s5,level_1_1,1,13,0x30AF2AB7,30.866668,Drop,zu,1,52
B_fair_s5,level_1_1,1,13,0x30AF2AB7,36.300002,Drop,e_liu,1,53
B_fair_s5,level_1_1,1,13,0x30AF2AB7,40.533335,Drop,zu,1,54
B_fair_s5,level_1_1,1,13,0x30AF2AB7,48.100003,Drop,zqi,1,55
B_fair_s5,level_1_1,1,13,0x30AF2AB7,53.000003,Drop,e_liu,1,56
B_fair_s5,level_1_1,1,13,0x30AF2AB7,55.533336,Drop,zu,1,57
B_fair_s5,level_1_1,1,13,0x30AF2AB7,60.16667,Drop,zu,1,58
B_fair_s5,level_1_1,1,13,0x30AF2AB7,65.800003,Drop,e_liu,1,59
B_fair_s5,level_1_1,1,13,0x30AF2AB7,76.566671,Drop,zqi,1,60
B_fair_s5,level_1_1,1,13,0x30AF2AB7,76.633337,Drop,zu,1,61
B_fair_s5,level_1_1,1,13,0x30AF2AB7,82.333338,Drop,e_liu,1,62
B_fair_s5,level_1_1,1,13,0x30AF2AB7,88.566671,Drop,zqi,1,63
B_fair_s5,level_1_1,1,13,0x30AF2AB7,91.166671,Drop,e_lang,3,66
B_fair_s5,level_1_1,1,13,0x30AF2AB7,104.566672,Drop,e_lang,3,69
B_fair_s5,level_1_1,1,13,0x30AF2AB7,600.000031,End,,0,69
B_fair_s5,level_1_1,1,14,0x6ACDA92B,0,Start,,0,45
B_fair_s5,level_1_1,1,14,0x6ACDA92B,2.066667,Drop,zu,1,46
B_fair_s5,level_1_1,1,14,0x6ACDA92B,6.9,Drop,zu,1,47
B_fair_s5,level_1_1,1,14,0x6ACDA92B,11.833334,Drop,zu,1,48
B_fair_s5,level_1_1,1,14,0x6ACDA92B,17.566668,Drop,e_liu,1,49
B_fair_s5,level_1_1,1,14,0x6ACDA92B,21.200001,Drop,zu,1,50
B_fair_s5,level_1_1,1,14,0x6ACDA92B,26.066668,Drop,e_liu,1,51
B_fair_s5,level_1_1,1,14,0x6ACDA92B,30.833335,Drop,zu,1,52
B_fair_s5,level_1_1,1,14,0x6ACDA92B,36.566669,Drop,e_liu,1,53
B_fair_s5,level_1_1,1,14,0x6ACDA92B,40.400002,Drop,zu,1,54
B_fair_s5,level_1_1,1,14,0x6ACDA92B,47.666669,Drop,zqi,1,55
B_fair_s5,level_1_1,1,14,0x6ACDA92B,56.06667,Drop,zu,1,56
B_fair_s5,level_1_1,1,14,0x6ACDA92B,61.033337,Drop,zu,1,57
B_fair_s5,level_1_1,1,14,0x6ACDA92B,64.033337,Drop,e_liu,1,58
B_fair_s5,level_1_1,1,14,0x6ACDA92B,67.033337,Drop,e_liu,1,59
B_fair_s5,level_1_1,1,14,0x6ACDA92B,72.433337,Drop,zqi,1,60
B_fair_s5,level_1_1,1,14,0x6ACDA92B,75.233337,Drop,zu,1,61
B_fair_s5,level_1_1,1,14,0x6ACDA92B,81.666671,Drop,e_liu,1,62
B_fair_s5,level_1_1,1,14,0x6ACDA92B,86.000004,Drop,zqi,1,63
B_fair_s5,level_1_1,1,14,0x6ACDA92B,89.933338,Drop,e_lang,3,66
B_fair_s5,level_1_1,1,14,0x6ACDA92B,104.833339,Drop,e_lang,3,69
B_fair_s5,level_1_1,1,14,0x6ACDA92B,600.000031,End,,0,69
B_fair_s5,level_1_1,1,15,0x22FC7D3F,0,Start,,0,45
B_fair_s5,level_1_1,1,15,0x22FC7D3F,2.1,Drop,zu,1,46
B_fair_s5,level_1_1,1,15,0x22FC7D3F,6.933334,Drop,zu,1,47
B_fair_s5,level_1_1,1,15,0x22FC7D3F,11.766667,Drop,zu,1,48
B_fair_s5,level_1_1,1,15,0x22FC7D3F,17.266668,Drop,e_liu,1,49
B_fair_s5,level_1_1,1,15,0x22FC7D3F,21.200001,Drop,zu,1,50
B_fair_s5,level_1_1,1,15,0x22FC7D3F,27.033335,Drop,e_liu,1,51
B_fair_s5,level_1_1,1,15,0x22FC7D3F,31.133335,Drop,zu,1,52
B_fair_s5,level_1_1,1,15,0x22FC7D3F,35.933335,Drop,e_liu,1,53
B_fair_s5,level_1_1,1,15,0x22FC7D3F,40.400002,Drop,zu,1,54
B_fair_s5,level_1_1,1,15,0x22FC7D3F,48.900003,Drop,zqi,1,55
B_fair_s5,level_1_1,1,15,0x22FC7D3F,53.200003,Drop,e_liu,1,56
B_fair_s5,level_1_1,1,15,0x22FC7D3F,55.56667,Drop,zu,1,57
B_fair_s5,level_1_1,1,15,0x22FC7D3F,60.16667,Drop,zu,1,58
B_fair_s5,level_1_1,1,15,0x22FC7D3F,66.933337,Drop,e_liu,1,59
B_fair_s5,level_1_1,1,15,0x22FC7D3F,76.966671,Drop,zu,1,60
B_fair_s5,level_1_1,1,15,0x22FC7D3F,77.400004,Drop,zqi,1,61
B_fair_s5,level_1_1,1,15,0x22FC7D3F,82.600004,Drop,e_liu,1,62
B_fair_s5,level_1_1,1,15,0x22FC7D3F,89.833338,Drop,zqi,1,63
B_fair_s5,level_1_1,1,15,0x22FC7D3F,91.800005,Drop,e_lang,3,66
B_fair_s5,level_1_1,1,15,0x22FC7D3F,104.666672,Drop,e_lang,3,69
B_fair_s5,level_1_1,1,15,0x22FC7D3F,600.000031,End,,0,69
B_fair_s5,level_1_1,1,16,0x0622B9D2,0,Start,,0,45
B_fair_s5,level_1_1,1,16,0x0622B9D2,2.1,Drop,zu,1,46
B_fair_s5,level_1_1,1,16,0x0622B9D2,6.933334,Drop,zu,1,47
B_fair_s5,level_1_1,1,16,0x0622B9D2,11.733334,Drop,zu,1,48
B_fair_s5,level_1_1,1,16,0x0622B9D2,16.566668,Drop,e_liu,1,49
B_fair_s5,level_1_1,1,16,0x0622B9D2,21.333334,Drop,zu,1,50
B_fair_s5,level_1_1,1,16,0x0622B9D2,26.266668,Drop,e_liu,1,51
B_fair_s5,level_1_1,1,16,0x0622B9D2,30.800002,Drop,zu,1,52
B_fair_s5,level_1_1,1,16,0x0622B9D2,36.066669,Drop,e_liu,1,53
B_fair_s5,level_1_1,1,16,0x0622B9D2,40.400002,Drop,zu,1,54
B_fair_s5,level_1_1,1,16,0x0622B9D2,53.966669,Drop,e_liu,1,55
B_fair_s5,level_1_1,1,16,0x0622B9D2,55.000003,Drop,zqi,1,56
B_fair_s5,level_1_1,1,16,0x0622B9D2,56.600003,Drop,zu,1,57
B_fair_s5,level_1_1,1,16,0x0622B9D2,60.86667,Drop,zu,1,58
B_fair_s5,level_1_1,1,16,0x0622B9D2,67.16667,Drop,e_liu,1,59
B_fair_s5,level_1_1,1,16,0x0622B9D2,77.633337,Drop,zu,1,60
B_fair_s5,level_1_1,1,16,0x0622B9D2,78.166671,Drop,zqi,1,61
B_fair_s5,level_1_1,1,16,0x0622B9D2,82.900004,Drop,e_liu,1,62
B_fair_s5,level_1_1,1,16,0x0622B9D2,93.700005,Drop,e_lang,3,65
B_fair_s5,level_1_1,1,16,0x0622B9D2,93.700005,Drop,zqi,1,66
B_fair_s5,level_1_1,1,16,0x0622B9D2,170.266676,End,,0,66
B_fair_s5,level_1_1,1,17,0x7202FA9E,0,Start,,0,45
B_fair_s5,level_1_1,1,17,0x7202FA9E,2.066667,Drop,zu,1,46
B_fair_s5,level_1_1,1,17,0x7202FA9E,6.933334,Drop,zu,1,47
B_fair_s5,level_1_1,1,17,0x7202FA9E,11.966667,Drop,zu,1,48
B_fair_s5,level_1_1,1,17,0x7202FA9E,17.533334,Drop,e_liu,1,49
B_fair_s5,level_1_1,1,17,0x7202FA9E,21.200001,Drop,zu,1,50
B_fair_s5,level_1_1,1,17,0x7202FA9E,26.266668,Drop,e_liu,1,51
B_fair_s5,level_1_1,1,17,0x7202FA9E,30.833335,Drop,zu,1,52
B_fair_s5,level_1_1,1,17,0x7202FA9E,36.700002,Drop,e_liu,1,53
B_fair_s5,level_1_1,1,17,0x7202FA9E,40.700002,Drop,zu,1,54
B_fair_s5,level_1_1,1,17,0x7202FA9E,54.200003,Drop,e_liu,1,55
B_fair_s5,level_1_1,1,17,0x7202FA9E,54.833336,Drop,zqi,1,56
B_fair_s5,level_1_1,1,17,0x7202FA9E,56.833336,Drop,zu,1,57
B_fair_s5,level_1_1,1,17,0x7202FA9E,60.700003,Drop,zu,1,58
B_fair_s5,level_1_1,1,17,0x7202FA9E,67.200004,Drop,e_liu,1,59
B_fair_s5,level_1_1,1,17,0x7202FA9E,77.233337,Drop,zu,1,60
B_fair_s5,level_1_1,1,17,0x7202FA9E,81.966671,Drop,zqi,1,61
B_fair_s5,level_1_1,1,17,0x7202FA9E,83.333338,Drop,e_liu,1,62
B_fair_s5,level_1_1,1,17,0x7202FA9E,94.466672,Drop,e_lang,3,65
B_fair_s5,level_1_1,1,17,0x7202FA9E,99.566672,Drop,zqi,1,66
B_fair_s5,level_1_1,1,17,0x7202FA9E,171.266676,End,,0,66
B_fair_s5,level_1_1,1,18,0x8774AAF6,0,Start,,0,45
B_fair_s5,level_1_1,1,18,0x8774AAF6,2.033333,Drop,zu,1,46
B_fair_s5,level_1_1,1,18,0x8774AAF6,6.933334,Drop,zu,1,47
B_fair_s5,level_1_1,1,18,0x8774AAF6,11.766667,Drop,zu,1,48
B_fair_s5,level_1_1,1,18,0x8774AAF6,17.733334,Drop,e_liu,1,49
B_fair_s5,level_1_1,1,18,0x8774AAF6,21.666668,Drop,zu,1,50
B_fair_s5,level_1_1,1,18,0x8774AAF6,26.266668,Drop,e_liu,1,51
B_fair_s5,level_1_1,1,18,0x8774AAF6,31.033335,Drop,zu,1,52
B_fair_s5,level_1_1,1,18,0x8774AAF6,36.166669,Drop,e_liu,1,53
B_fair_s5,level_1_1,1,18,0x8774AAF6,40.466669,Drop,zu,1,54
B_fair_s5,level_1_1,1,18,0x8774AAF6,52.566669,Drop,zqi,1,55
B_fair_s5,level_1_1,1,18,0x8774AAF6,53.900003,Drop,e_liu,1,56
B_fair_s5,level_1_1,1,18,0x8774AAF6,56.16667,Drop,zu,1,57
B_fair_s5,level_1_1,1,18,0x8774AAF6,60.500003,Drop,zu,1,58
B_fair_s5,level_1_1,1,18,0x8774AAF6,67.06667,Drop,e_liu,1,59
B_fair_s5,level_1_1,1,18,0x8774AAF6,76.933337,Drop,zu,1,60
B_fair_s5,level_1_1,1,18,0x8774AAF6,77.566671,Drop,zqi,1,61
B_fair_s5,level_1_1,1,18,0x8774AAF6,82.700004,Drop,e_liu,1,62
B_fair_s5,level_1_1,1,18,0x8774AAF6,89.566671,Drop,zqi,1,63
B_fair_s5,level_1_1,1,18,0x8774AAF6,91.600005,Drop,e_lang,3,66
B_fair_s5,level_1_1,1,18,0x8774AAF6,110.500006,Drop,e_lang,3,69
B_fair_s5,level_1_1,1,18,0x8774AAF6,600.000031,End,,0,69
B_fair_s5,level_1_1,1,19,0x57661F83,0,Start,,0,45
B_fair_s5,level_1_1,1,19,0x57661F83,2.133333,Drop,zu,1,46
B_fair_s5,level_1_1,1,19,0x57661F83,6.966667,Drop,zu,1,47
B_fair_s5,level_1_1,1,19,0x57661F83,11.766667,Drop,zu,1,48
B_fair_s5,level_1_1,1,19,0x57661F83,17.500001,Drop,e_liu,1,49
B_fair_s5,level_1_1,1,19,0x57661F83,21.266668,Drop,zu,1,50
B_fair_s5,level_1_1,1,19,0x57661F83,26.000001,Drop,e_liu,1,51
B_fair_s5,level_1_1,1,19,0x57661F83,30.800002,Drop,zu,1,52
B_fair_s5,level_1_1,1,19,0x57661F83,36.900002,Drop,e_liu,1,53
B_fair_s5,level_1_1,1,19,0x57661F83,40.400002,Drop,zu,1,54
B_fair_s5,level_1_1,1,19,0x57661F83,47.466669,Drop,zqi,1,55
B_fair_s5,level_1_1,1,19,0x57661F83,51.800003,Drop,e_liu,1,56
B_fair_s5,level_1_1,1,19,0x57661F83,55.16667,Drop,zu,1,57
B_fair_s5,level_1_1,1,19,0x57661F83,59.833336,Drop,zu,1,58
B_fair_s5,level_1_1,1,19,0x57661F83,65.76667,Drop,e_liu,1,59
B_fair_s5,level_1_1,1,19,0x57661F83,71.86667,Drop,zqi,1,60
B_fair_s5,level_1_1,1,19,0x57661F83,74.833337,Drop,zu,1,61
B_fair_s5,level_1_1,1,19,0x57661F83,81.566671,Drop,e_liu,1,62
B_fair_s5,level_1_1,1,19,0x57661F83,87.633338,Drop,zqi,1,63
B_fair_s5,level_1_1,1,19,0x57661F83,90.633338,Drop,e_lang,3,66
B_fair_s5,level_1_1,1,19,0x57661F83,104.666672,Drop,e_lang,3,69
B_fair_s5,level_1_1,1,19,0x57661F83,600.000031,End,,0,69
B_fair_s5,level_1_1,1,20,0x06508CC8,0,Start,,0,45
B_fair_s5,level_1_1,1,20,0x06508CC8,2.1,Drop,zu,1,46
B_fair_s5,level_1_1,1,20,0x06508CC8,6.933334,Drop,zu,1,47
B_fair_s5,level_1_1,1,20,0x06508CC8,11.733334,Drop,zu,1,48
B_fair_s5,level_1_1,1,20,0x06508CC8,16.533334,Drop,e_liu,1,49
B_fair_s5,level_1_1,1,20,0x06508CC8,21.200001,Drop,zu,1,50
B_fair_s5,level_1_1,1,20,0x06508CC8,26.000001,Drop,e_liu,1,51
B_fair_s5,level_1_1,1,20,0x06508CC8,30.833335,Drop,zu,1,52
B_fair_s5,level_1_1,1,20,0x06508CC8,36.333335,Drop,e_liu,1,53
B_fair_s5,level_1_1,1,20,0x06508CC8,40.466669,Drop,zu,1,54
B_fair_s5,level_1_1,1,20,0x06508CC8,53.933336,Drop,e_liu,1,55
B_fair_s5,level_1_1,1,20,0x06508CC8,54.96667,Drop,zqi,1,56
B_fair_s5,level_1_1,1,20,0x06508CC8,56.66667,Drop,zu,1,57
B_fair_s5,level_1_1,1,20,0x06508CC8,60.633336,Drop,zu,1,58
B_fair_s5,level_1_1,1,20,0x06508CC8,67.233337,Drop,e_liu,1,59
B_fair_s5,level_1_1,1,20,0x06508CC8,77.566671,Drop,zu,1,60
B_fair_s5,level_1_1,1,20,0x06508CC8,82.233338,Drop,zqi,1,61
B_fair_s5,level_1_1,1,20,0x06508CC8,83.133338,Drop,e_liu,1,62
B_fair_s5,level_1_1,1,20,0x06508CC8,94.133338,Drop,e_lang,3,65
B_fair_s5,level_1_1,1,20,0x06508CC8,99.933339,Drop,zqi,1,66
B_fair_s5,level_1_1,1,20,0x06508CC8,170.433342,End,,0,66
B_fair_s5,level_1_1,1,21,0xEEF962AC,0,Start,,0,45
B_fair_s5,level_1_1,1,21,0xEEF962AC,2.3,Drop,zu,1,46
B_fair_s5,level_1_1,1,21,0xEEF962AC,6.933334,Drop,zu,1,47
B_fair_s5,level_1_1,1,21,0xEEF962AC,11.766667,Drop,zu,1,48
B_fair_s5,level_1_1,1,21,0xEEF962AC,17.633334,Drop,e_liu,1,49
B_fair_s5,level_1_1,1,21,0xEEF962AC,21.266668,Drop,zu,1,50
B_fair_s5,level_1_1,1,21,0xEEF962AC,27.066668,Drop,e_liu,1,51
B_fair_s5,level_1_1,1,21,0xEEF962AC,30.900002,Drop,zu,1,52
B_fair_s5,level_1_1,1,21,0xEEF962AC,36.700002,Drop,e_liu,1,53
B_fair_s5,level_1_1,1,21,0xEEF962AC,40.500002,Drop,zu,1,54
B_fair_s5,level_1_1,1,21,0xEEF962AC,48.200003,Drop,zqi,1,55
B_fair_s5,level_1_1,1,21,0xEEF962AC,52.933336,Drop,e_liu,1,56
B_fair_s5,level_1_1,1,21,0xEEF962AC,55.300003,Drop,zu,1,57
B_fair_s5,level_1_1,1,21,0xEEF962AC,59.833336,Drop,zu,1,58
B_fair_s5,level_1_1,1,21,0xEEF962AC,66.66667,Drop,e_liu,1,59
B_fair_s5,level_1_1,1,21,0xEEF962AC,72.300004,Drop,zqi,1,60
B_fair_s5,level_1_1,1,21,0xEEF962AC,75.066671,Drop,zu,1,61
B_fair_s5,level_1_1,1,21,0xEEF962AC,81.200004,Drop,e_liu,1,62
B_fair_s5,level_1_1,1,21,0xEEF962AC,87.033338,Drop,zqi,1,63
B_fair_s5,level_1_1,1,21,0xEEF962AC,90.433338,Drop,e_lang,3,66
B_fair_s5,level_1_1,1,21,0xEEF962AC,111.600006,Drop,e_lang,3,69
B_fair_s5,level_1_1,1,21,0xEEF962AC,600.000031,End,,0,69
B_fair_s5,level_1_1,1,22,0x973CFCBA,0,Start,,0,45
B_fair_s5,level_1_1,1,22,0x973CFCBA,2.033333,Drop,zu,1,46
B_fair_s5,level_1_1,1,22,0x973CFCBA,6.866667,Drop,zu,1,47
B_fair_s5,level_1_1,1,22,0x973CFCBA,11.700001,Drop,zu,1,48
B_fair_s5,level_1_1,1,22,0x973CFCBA,17.533334,Drop,e_liu,1,49
B_fair_s5,level_1_1,1,22,0x973CFCBA,21.266668,Drop,zu,1,50
B_fair_s5,level_1_1,1,22,0x973CFCBA,26.466668,Drop,e_liu,1,51
B_fair_s5,level_1_1,1,22,0x973CFCBA,30.966668,Drop,zu,1,52
B_fair_s5,level_1_1,1,22,0x973CFCBA,35.600002,Drop,e_liu,1,53
B_fair_s5,level_1_1,1,22,0x973CFCBA,40.400002,Drop,zu,1,54
B_fair_s5,level_1_1,1,22,0x973CFCBA,49.100003,Drop,zqi,1,55
B_fair_s5,level_1_1,1,22,0x973CFCBA,53.333336,Drop,e_liu,1,56
B_fair_s5,level_1_1,1,22,0x973CFCBA,55.56667,Drop,zu,1,57
B_fair_s5,level_1_1,1,22,0x973CFCBA,60.06667,Drop,zu,1,58
B_fair_s5,level_1_1,1,22,0x973CFCBA,65.96667,Drop,e_liu,1,59
B_fair_s5,level_1_1,1,22,0x973CFCBA,76.700004,Drop,zqi,1,60
B_fair_s5,level_1_1,1,22,0x973CFCBA,77.266671,Drop,zu,1,61
B_fair_s5,level_1_1,1,22,0x973CFCBA,82.566671,Drop,e_liu,1,62
B_fair_s5,level_1_1,1,22,0x973CFCBA,93.333338,Drop,zqi,1,63
B_fair_s5,level_1_1,1,22,0x973CFCBA,93.633338,Drop,e_lang,3,66
B_fair_s5,level_1_1,1,22,0x973CFCBA,108.166672,Drop,e_lang,3,69
B_fair_s5,level_1_1,1,22,0x973CFCBA,600.000031,End,,0,69
B_fair_s5,level_1_1,1,23,0x1DDCA50F,0,Start,,0,45
B_fair_s5,level_1_1,1,23,0x1DDCA50F,2.066667,Drop,zu,1,46
B_fair_s5,level_1_1,1,23,0x1DDCA50F,6.933334,Drop,zu,1,47
B_fair_s5,level_1_1,1,23,0x1DDCA50F,11.966667,Drop,zu,1,48
B_fair_s5,level_1_1,1,23,0x1DDCA50F,16.633334,Drop,e_liu,1,49
B_fair_s5,level_1_1,1,23,0x1DDCA50F,21.433334,Drop,zu,1,50
B_fair_s5,level_1_1,1,23,0x1DDCA50F,26.000001,Drop,e_liu,1,51
B_fair_s5,level_1_1,1,23,0x1DDCA50F,30.900002,Drop,zu,1,52
B_fair_s5,level_1_1,1,23,0x1DDCA50F,36.700002,Drop,e_liu,1,53
B_fair_s5,level_1_1,1,23,0x1DDCA50F,40.500002,Drop,zu,1,54
B_fair_s5,level_1_1,1,23,0x1DDCA50F,52.166669,Drop,zqi,1,55
B_fair_s5,level_1_1,1,23,0x1DDCA50F,54.000003,Drop,e_liu,1,56
B_fair_s5,level_1_1,1,23,0x1DDCA50F,56.16667,Drop,zu,1,57
B_fair_s5,level_1_1,1,23,0x1DDCA50F,60.433336,Drop,zu,1,58
B_fair_s5,level_1_1,1,23,0x1DDCA50F,67.16667,Drop,e_liu,1,59
B_fair_s5,level_1_1,1,23,0x1DDCA50F,77.266671,Drop,zu,1,60
B_fair_s5,level_1_1,1,23,0x1DDCA50F,77.400004,Drop,zqi,1,61
B_fair_s5,level_1_1,1,23,0x1DDCA50F,82.666671,Drop,e_liu,1,62
B_fair_s5,level_1_1,1,23,0x1DDCA50F,93.366672,Drop,zqi,1,63
B_fair_s5,level_1_1,1,23,0x1DDCA50F,93.766672,Drop,e_lang,3,66
B_fair_s5,level_1_1,1,23,0x1DDCA50F,108.066672,Drop,e_lang,3,69
B_fair_s5,level_1_1,1,23,0x1DDCA50F,600.000031,End,,0,69
B_fair_s5,level_1_1,1,24,0xA6DD3791,0,Start,,0,45
B_fair_s5,level_1_1,1,24,0xA6DD3791,2.033333,Drop,zu,1,46
B_fair_s5,level_1_1,1,24,0xA6DD3791,6.866667,Drop,zu,1,47
B_fair_s5,level_1_1,1,24,0xA6DD3791,11.700001,Drop,zu,1,48
B_fair_s5,level_1_1,1,24,0xA6DD3791,16.700001,Drop,e_liu,1,49
B_fair_s5,level_1_1,1,24,0xA6DD3791,21.333334,Drop,zu,1,50
B_fair_s5,level_1_1,1,24,0xA6DD3791,26.466668,Drop,e_liu,1,51
B_fair_s5,level_1_1,1,24,0xA6DD3791,30.800002,Drop,zu,1,52
B_fair_s5,level_1_1,1,24,0xA6DD3791,35.600002,Drop,e_liu,1,53
B_fair_s5,level_1_1,1,24,0xA6DD3791,40.400002,Drop,zu,1,54
B_fair_s5,level_1_1,1,24,0xA6DD3791,48.533336,Drop,zqi,1,55
B_fair_s5,level_1_1,1,24,0xA6DD3791,53.133336,Drop,e_liu,1,56
B_fair_s5,level_1_1,1,24,0xA6DD3791,55.500003,Drop,zu,1,57
B_fair_s5,level_1_1,1,24,0xA6DD3791,59.833336,Drop,zu,1,58
B_fair_s5,level_1_1,1,24,0xA6DD3791,65.533337,Drop,e_liu,1,59
B_fair_s5,level_1_1,1,24,0xA6DD3791,72.733337,Drop,zqi,1,60
B_fair_s5,level_1_1,1,24,0xA6DD3791,75.300004,Drop,zu,1,61
B_fair_s5,level_1_1,1,24,0xA6DD3791,81.233338,Drop,e_liu,1,62
B_fair_s5,level_1_1,1,24,0xA6DD3791,87.400005,Drop,zqi,1,63
B_fair_s5,level_1_1,1,24,0xA6DD3791,90.566671,Drop,e_lang,3,66
B_fair_s5,level_1_1,1,24,0xA6DD3791,104.666672,Drop,e_lang,3,69
B_fair_s5,level_1_1,1,24,0xA6DD3791,600.000031,End,,0,69
B_fair_s5,level_1_1,1,25,0x05CDE746,0,Start,,0,45
B_fair_s5,level_1_1,1,25,0x05CDE746,2.1,Drop,zu,1,46
B_fair_s5,level_1_1,1,25,0x05CDE746,6.933334,Drop,zu,1,47
B_fair_s5,level_1_1,1,25,0x05CDE746,11.866667,Drop,zu,1,48
B_fair_s5,level_1_1,1,25,0x05CDE746,17.400001,Drop,e_liu,1,49
B_fair_s5,level_1_1,1,25,0x05CDE746,21.300001,Drop,zu,1,50
B_fair_s5,level_1_1,1,25,0x05CDE746,26.033335,Drop,e_liu,1,51
B_fair_s5,level_1_1,1,25,0x05CDE746,30.800002,Drop,zu,1,52
B_fair_s5,level_1_1,1,25,0x05CDE746,35.666669,Drop,e_liu,1,53
B_fair_s5,level_1_1,1,25,0x05CDE746,40.400002,Drop,zu,1,54
B_fair_s5,level_1_1,1,25,0x05CDE746,52.833336,Drop,zqi,1,55
B_fair_s5,level_1_1,1,25,0x05CDE746,53.900003,Drop,e_liu,1,56
B_fair_s5,level_1_1,1,25,0x05CDE746,56.16667,Drop,zu,1,57
B_fair_s5,level_1_1,1,25,0x05CDE746,60.633336,Drop,zu,1,58
B_fair_s5,level_1_1,1,25,0x05CDE746,67.16667,Drop,e_liu,1,59
B_fair_s5,level_1_1,1,25,0x05CDE746,73.000004,Drop,zqi,1,60
B_fair_s5,level_1_1,1,25,0x05CDE746,75.400004,Drop,zu,1,61
B_fair_s5,level_1_1,1,25,0x05CDE746,81.433338,Drop,e_liu,1,62
B_fair_s5,level_1_1,1,25,0x05CDE746,87.833338,Drop,zqi,1,63
B_fair_s5,level_1_1,1,25,0x05CDE746,90.766671,Drop,e_lang,3,66
B_fair_s5,level_1_1,1,25,0x05CDE746,104.800005,Drop,e_lang,3,69
B_fair_s5,level_1_1,1,25,0x05CDE746,600.000031,End,,0,69
B_fair_s5,level_1_5,5,1,0x9D8A0154,0,Start,,0,45
B_fair_s5,level_1_5,5,1,0x9D8A0154,3.4,Drop,e_lang,1,46
B_fair_s5,level_1_5,5,1,0x9D8A0154,4.6,Drop,e_lang,1,47
B_fair_s5,level_1_5,5,1,0x9D8A0154,7.233334,Drop,e_lang,1,48
B_fair_s5,level_1_5,5,1,0x9D8A0154,10.866667,Drop,e_liu,1,49
B_fair_s5,level_1_5,5,1,0x9D8A0154,12.500001,Drop,e_lang,1,50
B_fair_s5,level_1_5,5,1,0x9D8A0154,16.100001,Drop,e_liu,1,51
B_fair_s5,level_1_5,5,1,0x9D8A0154,17.800001,Drop,e_lang,1,52
B_fair_s5,level_1_5,5,1,0x9D8A0154,21.433334,Drop,e_liu,1,53
B_fair_s5,level_1_5,5,1,0x9D8A0154,23.600001,Drop,e_lang,1,54
B_fair_s5,level_1_5,5,1,0x9D8A0154,28.366668,Drop,zqi,1,55
B_fair_s5,level_1_5,5,1,0x9D8A0154,31.100002,Drop,e_liu,1,56
B_fair_s5,level_1_5,5,1,0x9D8A0154,31.466668,Drop,e_lang,1,57
B_fair_s5,level_1_5,5,1,0x9D8A0154,34.100002,Drop,e_lang,1,58
B_fair_s5,level_1_5,5,1,0x9D8A0154,38.466669,Drop,e_liu,1,59
B_fair_s5,level_1_5,5,1,0x9D8A0154,41.266669,Drop,zqi,1,60
B_fair_s5,level_1_5,5,1,0x9D8A0154,41.800002,Drop,e_lang,1,61
B_fair_s5,level_1_5,5,1,0x9D8A0154,44.666669,Drop,e_liu,1,62
B_fair_s5,level_1_5,5,1,0x9D8A0154,47.933336,Drop,zqi,1,63
B_fair_s5,level_1_5,5,1,0x9D8A0154,50.500003,Drop,e_lang,3,66
B_fair_s5,level_1_5,5,1,0x9D8A0154,52.533336,Drop,zqi,3,69
B_fair_s5,level_1_5,5,1,0x9D8A0154,65.233337,Drop,e_lang,3,72
B_fair_s5,level_1_5,5,1,0x9D8A0154,146.800008,End,,0,72
B_fair_s5,level_1_5,5,2,0x69BD1F04,0,Start,,0,45
B_fair_s5,level_1_5,5,2,0x69BD1F04,3.4,Drop,e_lang,1,46
B_fair_s5,level_1_5,5,2,0x69BD1F04,4.6,Drop,e_lang,1,47
B_fair_s5,level_1_5,5,2,0x69BD1F04,7.533334,Drop,e_lang,1,48
B_fair_s5,level_1_5,5,2,0x69BD1F04,10.933334,Drop,e_liu,1,49
B_fair_s5,level_1_5,5,2,0x69BD1F04,12.433334,Drop,e_lang,1,50
B_fair_s5,level_1_5,5,2,0x69BD1F04,17.200001,Drop,e_liu,1,51
B_fair_s5,level_1_5,5,2,0x69BD1F04,17.600001,Drop,e_lang,1,52
B_fair_s5,level_1_5,5,2,0x69BD1F04,22.233334,Drop,e_liu,1,53
B_fair_s5,level_1_5,5,2,0x69BD1F04,26.100001,Drop,e_lang,1,54
B_fair_s5,level_1_5,5,2,0x69BD1F04,29.933335,Drop,zqi,1,55
B_fair_s5,level_1_5,5,2,0x69BD1F04,30.700002,Drop,e_liu,1,56
B_fair_s5,level_1_5,5,2,0x69BD1F04,31.666668,Drop,e_lang,1,57
B_fair_s5,level_1_5,5,2,0x69BD1F04,33.733335,Drop,e_lang,1,58
B_fair_s5,level_1_5,5,2,0x69BD1F04,38.266669,Drop,e_liu,1,59
B_fair_s5,level_1_5,5,2,0x69BD1F04,41.966669,Drop,zqi,1,60
B_fair_s5,level_1_5,5,2,0x69BD1F04,42.800002,Drop,e_lang,1,61
B_fair_s5,level_1_5,5,2,0x69BD1F04,46.500002,Drop,e_liu,1,62
B_fair_s5,level_1_5,5,2,0x69BD1F04,50.466669,Drop,zqi,1,63
B_fair_s5,level_1_5,5,2,0x69BD1F04,51.533336,Drop,e_lang,3,66
B_fair_s5,level_1_5,5,2,0x69BD1F04,55.86667,Drop,zqi,3,69
B_fair_s5,level_1_5,5,2,0x69BD1F04,66.800003,Drop,e_lang,3,72
B_fair_s5,level_1_5,5,2,0x69BD1F04,85.700004,Drop,e_lang,3,75
B_fair_s5,level_1_5,5,2,0x69BD1F04,600.000031,End,,0,75
B_fair_s5,level_1_5,5,3,0x81E2BF6A,0,Start,,0,45
B_fair_s5,level_1_5,5,3,0x81E2BF6A,3.233334,Drop,e_lang,1,46
B_fair_s5,level_1_5,5,3,0x81E2BF6A,4.633334,Drop,e_lang,1,47
B_fair_s5,level_1_5,5,3,0x81E2BF6A,7.266667,Drop,e_lang,1,48
B_fair_s5,level_1_5,5,3,0x81E2BF6A,11.933334,Drop,e_liu,1,49
B_fair_s5,level_1_5,5,3,0x81E2BF6A,12.633334,Drop,e_lang,1,50
B_fair_s5,level_1_5,5,3,0x81E2BF6A,16.133334,Drop,e_liu,1,51
B_fair_s5,level_1_5,5,3,0x81E2BF6A,21.133334,Drop,e_liu,1,52
B_fair_s5,level_1_5,5,3,0x81E2BF6A,22.933335,Drop,e_lang,1,53
B_fair_s5,level_1_5,5,3,0x81E2BF6A,24.966668,Drop,e_lang,1,54
B_fair_s5,level_1_5,5,3,0x81E2BF6A,29.600002,Drop,e_liu,1,55
B_fair_s5,level_1_5,5,3,0x81E2BF6A,29.766668,Drop,zqi,1,56
B_fair_s5,level_1_5,5,3,0x81E2BF6A,31.500002,Drop,e_lang,1,57
B_fair_s5,level_1_5,5,3,0x81E2BF6A,38.400002,Drop,e_lang,1,58
B_fair_s5,level_1_5,5,3,0x81E2BF6A,38.500002,Drop,e_liu,1,59
B_fair_s5,level_1_5,5,3,0x81E2BF6A,41.433335,Drop,zqi,1,60
B_fair_s5,level_1_5,5,3,0x81E2BF6A,41.900002,Drop,e_lang,1,61
B_fair_s5,level_1_5,5,3,0x81E2BF6A,45.333336,Drop,e_liu,1,62
B_fair_s5,level_1_5,5,3,0x81E2BF6A,49.200003,Drop,zqi,1,63
B_fair_s5,level_1_5,5,3,0x81E2BF6A,53.300003,Drop,zqi,3,66
B_fair_s5,level_1_5,5,3,0x81E2BF6A,54.200003,Drop,e_lang,3,69
B_fair_s5,level_1_5,5,3,0x81E2BF6A,66.333337,Drop,e_lang,3,72
B_fair_s5,level_1_5,5,3,0x81E2BF6A,80.166671,Drop,e_lang,3,75
B_fair_s5,level_1_5,5,3,0x81E2BF6A,600.000031,End,,0,75
B_fair_s5,level_1_5,5,4,0x17FD19CD,0,Start,,0,45
B_fair_s5,level_1_5,5,4,0x17FD19CD,2.033333,Drop,e_lang,1,46
B_fair_s5,level_1_5,5,4,0x17FD19CD,4.666667,Drop,e_lang,1,47
B_fair_s5,level_1_5,5,4,0x17FD19CD,8.066667,Drop,e_lang,1,48
B_fair_s5,level_1_5,5,4,0x17FD19CD,10.900001,Drop,e_liu,1,49
B_fair_s5,level_1_5,5,4,0x17FD19CD,12.533334,Drop,e_lang,1,50
B_fair_s5,level_1_5,5,4,0x17FD19CD,15.800001,Drop,e_liu,1,51
B_fair_s5,level_1_5,5,4,0x17FD19CD,17.600001,Drop,e_lang,1,52
B_fair_s5,level_1_5,5,4,0x17FD19CD,22.566668,Drop,e_liu,1,53
B_fair_s5,level_1_5,5,4,0x17FD19CD,22.966668,Drop,e_lang,1,54
B_fair_s5,level_1_5,5,4,0x17FD19CD,27.933335,Drop,zqi,1,55
B_fair_s5,level_1_5,5,4,0x17FD19CD,29.233335,Drop,e_liu,1,56
B_fair_s5,level_1_5,5,4,0x17FD19CD,30.733335,Drop,e_lang,1,57
B_fair_s5,level_1_5,5,4,0x17FD19CD,33.333335,Drop,e_lang,1,58
B_fair_s5,level_1_5,5,4,0x17FD19CD,35.833335,Drop,e_liu,1,59
B_fair_s5,level_1_5,5,4,0x17FD19CD,41.800002,Drop,zqi,1,60
B_fair_s5,level_1_5,5,4,0x17FD19CD,42.400002,Drop,e_lang,1,61
B_fair_s5,level_1_5,5,4,0x17FD19CD,50.633336,Drop,zqi,1,62
B_fair_s5,level_1_5,5,4,0x17FD19CD,50.833336,Drop,e_liu,1,63
B_fair_s5,level_1_5,5,4,0x17FD19CD,51.633336,Drop,e_lang,3,66
B_fair_s5,level_1_5,5,4,0x17FD19CD,56.000003,Drop,zqi,3,69
B_fair_s5,level_1_5,5,4,0x17FD19CD,66.86667,Drop,e_lang,3,72
B_fair_s5,level_1_5,5,4,0x17FD19CD,80.233338,Drop,e_lang,3,75
B_fair_s5,level_1_5,5,4,0x17FD19CD,600.000031,End,,0,75
B_fair_s5,level_1_5,5,5,0x2C58964F,0,Start,,0,45
B_fair_s5,level_1_5,5,5,0x2C58964F,2.033333,Drop,e_lang,1,46
B_fair_s5,level_1_5,5,5,0x2C58964F,5.266667,Drop,e_lang,1,47
B_fair_s5,level_1_5,5,5,0x2C58964F,7.5,Drop,e_lang,1,48
B_fair_s5,level_1_5,5,5,0x2C58964F,10.800001,Drop,e_liu,1,49
B_fair_s5,level_1_5,5,5,0x2C58964F,12.633334,Drop,e_lang,1,50
B_fair_s5,level_1_5,5,5,0x2C58964F,16.200001,Drop,e_liu,1,51
B_fair_s5,level_1_5,5,5,0x2C58964F,17.666668,Drop,e_lang,1,52
B_fair_s5,level_1_5,5,5,0x2C58964F,21.566668,Drop,e_liu,1,53
B_fair_s5,level_1_5,5,5,0x2C58964F,22.800001,Drop,e_lang,1,54
B_fair_s5,level_1_5,5,5,0x2C58964F,28.800002,Drop,zqi,1,55
B_fair_s5,level_1_5,5,5,0x2C58964F,31.500002,Drop,e_liu,1,56
B_fair_s5,level_1_5,5,5,0x2C58964F,31.933335,Drop,e_lang,1,57
B_fair_s5,level_1_5,5,5,0x2C58964F,33.866668,Drop,e_lang,1,58
B_fair_s5,level_1_5,5,5,0x2C58964F,38.100002,Drop,e_liu,1,59
B_fair_s5,level_1_5,5,5,0x2C58964F,42.500002,Drop,zqi,1,60
B_fair_s5,level_1_5,5,5,0x2C58964F,43.033336,Drop,e_lang,1,61
B_fair_s5,level_1_5,5,5,0x2C58964F,46.766669,Drop,e_liu,1,62
B_fair_s5,level_1_5,5,5,0x2C58964F,50.933336,Drop,zqi,1,63
B_fair_s5,level_1_5,5,5,0x2C58964F,51.900003,Drop,e_lang,3,66
B_fair_s5,level_1_5,5,5,0x2C58964F,56.46667,Drop,zqi,3,69
B_fair_s5,level_1_5,5,5,0x2C58964F,67.033337,Drop,e_lang,3,72
B_fair_s5,level_1_5,5,5,0x2C58964F,80.333338,Drop,e_lang,3,75
B_fair_s5,level_1_5,5,5,0x2C58964F,600.000031,End,,0,75
B_fair_s5,level_1_5,5,6,0xECBC49E7,0,Start,,0,45
B_fair_s5,level_1_5,5,6,0xECBC49E7,3.366667,Drop,e_lang,1,46
B_fair_s5,level_1_5,5,6,0xECBC49E7,5.066667,Drop,e_lang,1,47
B_fair_s5,level_1_5,5,6,0xECBC49E7,7.266667,Drop,e_lang,1,48
B_fair_s5,level_1_5,5,6,0xECBC49E7,11.833334,Drop,e_liu,1,49
B_fair_s5,level_1_5,5,6,0xECBC49E7,12.600001,Drop,e_lang,1,50
B_fair_s5,level_1_5,5,6,0xECBC49E7,15.100001,Drop,e_liu,1,51
B_fair_s5,level_1_5,5,6,0xECBC49E7,17.633334,Drop,e_lang,1,52
B_fair_s5,level_1_5,5,6,0xECBC49E7,21.366668,Drop,e_liu,1,53
B_fair_s5,level_1_5,5,6,0xECBC49E7,22.966668,Drop,e_lang,1,54
B_fair_s5,level_1_5,5,6,0xECBC49E7,31.100002,Drop,e_liu,1,55
B_fair_s5,level_1_5,5,6,0xECBC49E7,33.100002,Drop,zqi,1,56
B_fair_s5,level_1_5,5,6,0xECBC49E7,34.966668,Drop,e_lang,1,57
B_fair_s5,level_1_5,5,6,0xECBC49E7,35.933335,Drop,e_lang,1,58
B_fair_s5,level_1_5,5,6,0xECBC49E7,39.366669,Drop,e_liu,1,59
B_fair_s5,level_1_5,5,6,0xECBC49E7,45.366669,Drop,e_lang,1,60
B_fair_s5,level_1_5,5,6,0xECBC49E7,48.766669,Drop,e_liu,1,61
B_fair_s5,level_1_5,5,6,0xECBC49E7,50.100003,Drop,zqi,1,62
B_fair_s5,level_1_5,5,6,0xECBC49E7,54.56667,Drop,e_lang,3,65
B_fair_s5,level_1_5,5,6,0xECBC49E7,63.36667,Drop,zqi,1,66
B_fair_s5,level_1_5,5,6,0xECBC49E7,74.833337,Drop,zqi,3,69
B_fair_s5,level_1_5,5,6,0xECBC49E7,128.73334,End,,0,69
B_fair_s5,level_1_5,5,7,0xD593FFC7,0,Start,,0,45
B_fair_s5,level_1_5,5,7,0xD593FFC7,3.233334,Drop,e_lang,1,46
B_fair_s5,level_1_5,5,7,0xD593FFC7,4.966667,Drop,e_lang,1,47
B_fair_s5,level_1_5,5,7,0xD593FFC7,7.433334,Drop,e_lang,1,48
B_fair_s5,level_1_5,5,7,0xD593FFC7,10.000001,Drop,e_liu,1,49
B_fair_s5,level_1_5,5,7,0xD593FFC7,16.566668,Drop,e_lang,1,50
B_fair_s5,level_1_5,5,7,0xD593FFC7,17.000001,Drop,e_liu,1,51
B_fair_s5,level_1_5,5,7,0xD593FFC7,18.533334,Drop,e_lang,1,52
B_fair_s5,level_1_5,5,7,0xD593FFC7,21.133334,Drop,e_liu,1,53
B_fair_s5,level_1_5,5,7,0xD593FFC7,22.933335,Drop,e_lang,1,54
B_fair_s5,level_1_5,5,7,0xD593FFC7,29.033335,Drop,zqi,1,55
B_fair_s5,level_1_5,5,7,0xD593FFC7,31.033335,Drop,e_lang,1,56
B_fair_s5,level_1_5,5,7,0xD593FFC7,37.100002,Drop,e_lang,1,57
B_fair_s5,level_1_5,5,7,0xD593FFC7,40.500002,Drop,e_liu,1,58
B_fair_s5,level_1_5,5,7,0xD593FFC7,42.833336,Drop,zqi,1,59
B_fair_s5,level_1_5,5,7,0xD593FFC7,43.133336,Drop,e_lang,1,60
B_fair_s5,level_1_5,5,7,0xD593FFC7,46.166669,Drop,e_liu,1,61
B_fair_s5,level_1_5,5,7,0xD593FFC7,47.166669,Drop,e_liu,1,62
B_fair_s5,level_1_5,5,7,0xD593FFC7,52.266669,Drop,zqi,1,63
B_fair_s5,level_1_5,5,7,0xD593FFC7,53.066669,Drop,e_lang,3,66
B_fair_s5,level_1_5,5,7,0xD593FFC7,56.500003,Drop,zqi,3,69
B_fair_s5,level_1_5,5,7,0xD593FFC7,67.400004,Drop,e_lang,3,72
B_fair_s5,level_1_5,5,7,0xD593FFC7,144.733341,End,,0,72
B_fair_s5,level_1_5,5,8,0xE70214B2,0,Start,,0,45
B_fair_s5,level_1_5,5,8,0xE70214B2,2.033333,Drop,e_lang,1,46
B_fair_s5,level_1_5,5,8,0xE70214B2,4.666667,Drop,e_lang,1,47
B_fair_s5,level_1_5,5,8,0xE70214B2,7.366667,Drop,e_lang,1,48
B_fair_s5,level_1_5,5,8,0xE70214B2,10.966667,Drop,e_liu,1,49
B_fair_s5,level_1_5,5,8,0xE70214B2,12.600001,Drop,e_lang,1,50
B_fair_s5,level_1_5,5,8,0xE70214B2,16.466668,Drop,e_liu,1,51
B_fair_s5,level_1_5,5,8,0xE70214B2,17.600001,Drop,e_lang,1,52
B_fair_s5,level_1_5,5,8,0xE70214B2,21.433334,Drop,e_liu,1,53
B_fair_s5,level_1_5,5,8,0xE70214B2,22.966668,Drop,e_lang,1,54
B_fair_s5,level_1_5,5,8,0xE70214B2,28.000001,Drop,zqi,1,55
B_fair_s5,level_1_5,5,8,0xE70214B2,31.666668,Drop,e_lang,1,56
B_fair_s5,level_1_5,5,8,0xE70214B2,33.333335,Drop,e_liu,1,57
B_fair_s5,level_1_5,5,8,0xE70214B2,33.666668,Drop,e_lang,1,58
B_fair_s5,level_1_5,5,8,0xE70214B2,37.200002,Drop,e_liu,1,59
B_fair_s5,level_1_5,5,8,0xE70214B2,42.400002,Drop,zqi,1,60
B_fair_s5,level_1_5,5,8,0xE70214B2,42.933336,Drop,e_lang,1,61
B_fair_s5,level_1_5,5,8,0xE70214B2,46.600002,Drop,e_liu,1,62
B_fair_s5,level_1_5,5,8,0xE70214B2,50.966669,Drop,zqi,1,63
B_fair_s5,level_1_5,5,8,0xE70214B2,51.866669,Drop,e_lang,3,66
B_fair_s5,level_1_5,5,8,0xE70214B2,56.46667,Drop,zqi,3,69
B_fair_s5,level_1_5,5,8,0xE70214B2,67.06667,Drop,e_lang,3,72
B_fair_s5,level_1_5,5,8,0xE70214B2,84.766671,Drop,e_lang,3,75
B_fair_s5,level_1_5,5,8,0xE70214B2,600.000031,End,,0,75
B_fair_s5,level_1_5,5,9,0x1714C978,0,Start,,0,45
B_fair_s5,level_1_5,5,9,0x1714C978,3.4,Drop,e_lang,1,46
B_fair_s5,level_1_5,5,9,0x1714C978,5.033334,Drop,e_lang,1,47
B_fair_s5,level_1_5,5,9,0x1714C978,7.3,Drop,e_lang,1,48
B_fair_s5,level_1_5,5,9,0x1714C978,10.933334,Drop,e_liu,1,49
B_fair_s5,level_1_5,5,9,0x1714C978,12.466667,Drop,e_lang,1,50
B_fair_s5,level_1_5,5,9,0x1714C978,15.400001,Drop,e_liu,1,51
B_fair_s5,level_1_5,5,9,0x1714C978,18.166668,Drop,e_lang,1,52
B_fair_s5,level_1_5,5,9,0x1714C978,21.066668,Drop,e_liu,1,53
B_fair_s5,level_1_5,5,9,0x1714C978,22.800001,Drop,e_lang,1,54
B_fair_s5,level_1_5,5,9,0x1714C978,31.266668,Drop,e_liu,1,55
B_fair_s5,level_1_5,5,9,0x1714C978,35.166669,Drop,zqi,1,56
B_fair_s5,level_1_5,5,9,0x1714C978,38.566669,Drop,e_lang,1,57
B_fair_s5,level_1_5,5,9,0x1714C978,39.566669,Drop,e_lang,1,58
B_fair_s5,level_1_5,5,9,0x1714C978,41.066669,Drop,e_liu,1,59
B_fair_s5,level_1_5,5,9,0x1714C978,44.900002,Drop,e_lang,1,60
B_fair_s5,level_1_5,5,9,0x1714C978,48.366669,Drop,e_liu,1,61
B_fair_s5,level_1_5,5,9,0x1714C978,49.433336,Drop,zqi,1,62
B_fair_s5,level_1_5,5,9,0x1714C978,53.933336,Drop,e_lang,3,65
B_fair_s5,level_1_5,5,9,0x1714C978,60.66667,Drop,zqi,1,66
B_fair_s5,level_1_5,5,9,0x1714C978,71.600004,Drop,zqi,3,69
B_fair_s5,level_1_5,5,9,0x1714C978,125.13334,End,,0,69
B_fair_s5,level_1_5,5,10,0x494A42C5,0,Start,,0,45
B_fair_s5,level_1_5,5,10,0x494A42C5,3.433334,Drop,e_lang,1,46
B_fair_s5,level_1_5,5,10,0x494A42C5,4.633334,Drop,e_lang,1,47
B_fair_s5,level_1_5,5,10,0x494A42C5,7.466667,Drop,e_lang,1,48
B_fair_s5,level_1_5,5,10,0x494A42C5,11.966667,Drop,e_liu,1,49
B_fair_s5,level_1_5,5,10,0x494A42C5,16.433334,Drop,e_liu,1,50
B_fair_s5,level_1_5,5,10,0x494A42C5,18.033334,Drop,e_lang,1,51
B_fair_s5,level_1_5,5,10,0x494A42C5,18.200001,Drop,e_lang,1,52
B_fair_s5,level_1_5,5,10,0x494A42C5,22.800001,Drop,e_liu,1,53
B_fair_s5,level_1_5,5,10,0x494A42C5,22.933335,Drop,e_lang,1,54
B_fair_s5,level_1_5,5,10,0x494A42C5,28.533335,Drop,zqi,1,55
B_fair_s5,level_1_5,5,10,0x494A42C5,31.166668,Drop,e_liu,1,56
B_fair_s5,level_1_5,5,10,0x494A42C5,31.566668,Drop,e_lang,1,57
B_fair_s5,level_1_5,5,10,0x494A42C5,33.966668,Drop,e_lang,1,58
B_fair_s5,level_1_5,5,10,0x494A42C5,38.500002,Drop,e_liu,1,59
B_fair_s5,level_1_5,5,10,0x494A42C5,42.766669,Drop,e_lang,1,60
B_fair_s5,level_1_5,5,10,0x494A42C5,42.866669,Drop,zqi,1,61
B_fair_s5,level_1_5,5,10,0x494A42C5,46.700002,Drop,e_liu,1,62
B_fair_s5,level_1_5,5,10,0x494A42C5,51.300003,Drop,zqi,1,63
B_fair_s5,level_1_5,5,10,0x494A42C5,52.000003,Drop,e_lang,3,66
B_fair_s5,level_1_5,5,10,0x494A42C5,55.533336,Drop,zqi,3,69
B_fair_s5,level_1_5,5,10,0x494A42C5,67.000003,Drop,e_lang,3,72
B_fair_s5,level_1_5,5,10,0x494A42C5,79.966671,Drop,e_lang,3,75
B_fair_s5,level_1_5,5,10,0x494A42C5,600.000031,End,,0,75
B_fair_s5,level_1_5,5,11,0x234EABCC,0,Start,,0,45
B_fair_s5,level_1_5,5,11,0x234EABCC,3.233334,Drop,e_lang,1,46
B_fair_s5,level_1_5,5,11,0x234EABCC,4.633334,Drop,e_lang,1,47
B_fair_s5,level_1_5,5,11,0x234EABCC,7.4,Drop,e_lang,1,48
B_fair_s5,level_1_5,5,11,0x234EABCC,10.800001,Drop,e_liu,1,49
B_fair_s5,level_1_5,5,11,0x234EABCC,16.533334,Drop,e_lang,1,50
B_fair_s5,level_1_5,5,11,0x234EABCC,17.100001,Drop,e_liu,1,51
B_fair_s5,level_1_5,5,11,0x234EABCC,18.933334,Drop,e_lang,1,52
B_fair_s5,level_1_5,5,11,0x234EABCC,21.600001,Drop,e_liu,1,53
B_fair_s5,level_1_5,5,11,0x234EABCC,30.033335,Drop,zqi,1,54
B_fair_s5,level_1_5,5,11,0x234EABCC,31.300002,Drop,e_lang,1,55
B_fair_s5,level_1_5,5,11,0x234EABCC,31.800002,Drop,e_liu,1,56
B_fair_s5,level_1_5,5,11,0x234EABCC,33.633335,Drop,e_lang,1,57
B_fair_s5,level_1_5,5,11,0x234EABCC,34.200002,Drop,e_lang,1,58
B_fair_s5,level_1_5,5,11,0x234EABCC,38.666669,Drop,e_liu,1,59
B_fair_s5,level_1_5,5,11,0x234EABCC,42.933336,Drop,e_lang,1,60
B_fair_s5,level_1_5,5,11,0x234EABCC,43.766669,Drop,zqi,1,61
B_fair_s5,level_1_5,5,11,0x234EABCC,47.133336,Drop,e_liu,1,62
B_fair_s5,level_1_5,5,11,0x234EABCC,52.333336,Drop,zqi,1,63
B_fair_s5,level_1_5,5,11,0x234EABCC,52.900003,Drop,e_lang,3,66
B_fair_s5,level_1_5,5,11,0x234EABCC,56.733336,Drop,zqi,3,69
B_fair_s5,level_1_5,5,11,0x234EABCC,67.633337,Drop,e_lang,3,72
B_fair_s5,level_1_5,5,11,0x234EABCC,80.500004,Drop,e_lang,3,75
B_fair_s5,level_1_5,5,11,0x234EABCC,600.000031,End,,0,75
B_fair_s5,level_1_5,5,12,0x30DD4A37,0,Start,,0,45
B_fair_s5,level_1_5,5,12,0x30DD4A37,3.233334,Drop,e_lang,1,46
B_fair_s5,level_1_5,5,12,0x30DD4A37,4.966667,Drop,e_lang,1,47
B_fair_s5,level_1_5,5,12,0x30DD4A37,7.566667,Drop,e_lang,1,48
B_fair_s5,level_1_5,5,12,0x30DD4A37,10.000001,Drop,e_liu,1,49
B_fair_s5,level_1_5,5,12,0x30DD4A37,12.833334,Drop,e_lang,1,50
B_fair_s5,level_1_5,5,12,0x30DD4A37,15.800001,Drop,e_liu,1,51
B_fair_s5,level_1_5,5,12,0x30DD4A37,17.766668,Drop,e_lang,1,52
B_fair_s5,level_1_5,5,12,0x30DD4A37,20.200001,Drop,e_liu,1,53
B_fair_s5,level_1_5,5,12,0x30DD4A37,23.100001,Drop,e_lang,1,54
B_fair_s5,level_1_5,5,12,0x30DD4A37,28.300001,Drop,zqi,1,55
B_fair_s5,level_1_5,5,12,0x30DD4A37,30.833335,Drop,e_liu,1,56
B_fair_s5,level_1_5,5,12,0x30DD4A37,31.300002,Drop,e_lang,1,57
B_fair_s5,level_1_5,5,12,0x30DD4A37,33.666668,Drop,e_lang,1,58
B_fair_s5,level_1_5,5,12,0x30DD4A37,36.600002,Drop,e_liu,1,59
B_fair_s5,level_1_5,5,12,0x30DD4A37,45.700002,Drop,zqi,1,60
B_fair_s5,level_1_5,5,12,0x30DD4A37,46.266669,Drop,e_lang,1,61
B_fair_s5,level_1_5,5,12,0x30DD4A37,49.666669,Drop,e_liu,1,62
B_fair_s5,level_1_5,5,12,0x30DD4A37,56.46667,Drop,e_lang,3,65
B_fair_s5,level_1_5,5,12,0x30DD4A37,59.933336,Drop,zqi,1,66
B_fair_s5,level_1_5,5,12,0x30DD4A37,69.233337,Drop,zqi,3,69
B_fair_s5,level_1_5,5,12,0x30DD4A37,131.53334,End,,0,69
B_fair_s5,level_1_5,5,13,0xAAE739BA,0,Start,,0,45
B_fair_s5,level_1_5,5,13,0xAAE739BA,3.233334,Drop,e_lang,1,46
B_fair_s5,level_1_5,5,13,0xAAE739BA,4.633334,Drop,e_lang,1,47
B_fair_s5,level_1_5,5,13,0xAAE739BA,7.833334,Drop,e_lang,1,48
B_fair_s5,level_1_5,5,13,0xAAE739BA,10.600001,Drop,e_liu,1,49
B_fair_s5,level_1_5,5,13,0xAAE739BA,16.266668,Drop,e_liu,1,50
B_fair_s5,level_1_5,5,13,0xAAE739BA,17.666668,Drop,e_lang,1,51
B_fair_s5,level_1_5,5,13,0xAAE739BA,18.166668,Drop,e_lang,1,52
B_fair_s5,level_1_5,5,13,0xAAE739BA,21.300001,Drop,e_liu,1,53
B_fair_s5,level_1_5,5,13,0xAAE739BA,23.066668,Drop,e_lang,1,54
B_fair_s5,level_1_5,5,13,0xAAE739BA,29.400002,Drop,zqi,1,55
B_fair_s5,level_1_5,5,13,0xAAE739BA,31.433335,Drop,e_lang,1,56
B_fair_s5,level_1_5,5,13,0xAAE739BA,33.433335,Drop,e_lang,1,57
B_fair_s5,level_1_5,5,13,0xAAE739BA,35.433335,Drop,e_liu,1,58
B_fair_s5,level_1_5,5,13,0xAAE739BA,37.433335,Drop,e_liu,1,59
B_fair_s5,level_1_5,5,13,0xAAE739BA,40.033335,Drop,zqi,1,60
B_fair_s5,level_1_5,5,13,0xAAE739BA,41.033335,Drop,e_lang,1,61
B_fair_s5,level_1_5,5,13,0xAAE739BA,45.000002,Drop,e_liu,1,62
B_fair_s5,level_1_5,5,13,0xAAE739BA,48.833336,Drop,zqi,1,63
B_fair_s5,level_1_5,5,13,0xAAE739BA,50.000003,Drop,e_lang,3,66
B_fair_s5,level_1_5,5,13,0xAAE739BA,53.000003,Drop,zqi,3,69
B_fair_s5,level_1_5,5,13,0xAAE739BA,65.06667,Drop,e_lang,3,72
B_fair_s5,level_1_5,5,13,0xAAE739BA,80.000004,Drop,e_lang,3,75
B_fair_s5,level_1_5,5,13,0xAAE739BA,600.000031,End,,0,75
B_fair_s5,level_1_5,5,14,0xF7DBB512,0,Start,,0,45
B_fair_s5,level_1_5,5,14,0xF7DBB512,2.033333,Drop,e_lang,1,46
B_fair_s5,level_1_5,5,14,0xF7DBB512,4.966667,Drop,e_lang,1,47
B_fair_s5,level_1_5,5,14,0xF7DBB512,7.233334,Drop,e_lang,1,48
B_fair_s5,level_1_5,5,14,0xF7DBB512,10.900001,Drop,e_liu,1,49
B_fair_s5,level_1_5,5,14,0xF7DBB512,12.666667,Drop,e_lang,1,50
B_fair_s5,level_1_5,5,14,0xF7DBB512,16.133334,Drop,e_liu,1,51
B_fair_s5,level_1_5,5,14,0xF7DBB512,17.766668,Drop,e_lang,1,52
B_fair_s5,level_1_5,5,14,0xF7DBB512,21.366668,Drop,e_liu,1,53
B_fair_s5,level_1_5,5,14,0xF7DBB512,23.233335,Drop,e_lang,1,54
B_fair_s5,level_1_5,5,14,0xF7DBB512,29.066668,Drop,zqi,1,55
B_fair_s5,level_1_5,5,14,0xF7DBB512,30.900002,Drop,e_lang,1,56
B_fair_s5,level_1_5,5,14,0xF7DBB512,33.500002,Drop,e_lang,1,57
B_fair_s5,level_1_5,5,14,0xF7DBB512,33.900002,Drop,e_liu,1,58
B_fair_s5,level_1_5,5,14,0xF7DBB512,36.866669,Drop,e_liu,1,59
B_fair_s5,level_1_5,5,14,0xF7DBB512,47.933336,Drop,zqi,1,60
B_fair_s5,level_1_5,5,14,0xF7DBB512,61.200003,Drop,zqi,1,61
B_fair_s5,level_1_5,5,14,0xF7DBB512,72.66667,Drop,zqi,3,64
B_fair_s5,level_1_5,5,14,0xF7DBB512,109.733339,End,,0,64
B_fair_s5,level_1_5,5,15,0xAE4F006E,0,Start,,0,45
B_fair_s5,level_1_5,5,15,0xAE4F006E,2.033333,Drop,e_lang,1,46
B_fair_s5,level_1_5,5,15,0xAE4F006E,4.666667,Drop,e_lang,1,47
B_fair_s5,level_1_5,5,15,0xAE4F006E,7.5,Drop,e_lang,1,48
B_fair_s5,level_1_5,5,15,0xAE4F006E,11.000001,Drop,e_liu,1,49
B_fair_s5,level_1_5,5,15,0xAE4F006E,12.433334,Drop,e_lang,1,50
B_fair_s5,level_1_5,5,15,0xAE4F006E,16.233334,Drop,e_liu,1,51
B_fair_s5,level_1_5,5,15,0xAE4F006E,17.933334,Drop,e_lang,1,52
B_fair_s5,level_1_5,5,15,0xAE4F006E,20.533334,Drop,e_liu,1,53
B_fair_s5,level_1_5,5,15,0xAE4F006E,22.800001,Drop,e_lang,1,54
B_fair_s5,level_1_5,5,15,0xAE4F006E,26.833335,Drop,zqi,1,55
B_fair_s5,level_1_5,5,15,0xAE4F006E,28.733335,Drop,e_liu,1,56
B_fair_s5,level_1_5,5,15,0xAE4F006E,30.600002,Drop,e_lang,1,57
B_fair_s5,level_1_5,5,15,0xAE4F006E,33.600002,Drop,e_lang,1,58
B_fair_s5,level_1_5,5,15,0xAE4F006E,36.700002,Drop,e_liu,1,59
B_fair_s5,level_1_5,5,15,0xAE4F006E,40.833335,Drop,zqi,1,60
B_fair_s5,level_1_5,5,15,0xAE4F006E,41.600002,Drop,e_lang,1,61
B_fair_s5,level_1_5,5,15,0xAE4F006E,44.400002,Drop,e_liu,1,62
B_fair_s5,level_1_5,5,15,0xAE4F006E,48.433336,Drop,zqi,1,63
B_fair_s5,level_1_5,5,15,0xAE4F006E,51.666669,Drop,zqi,3,66
B_fair_s5,level_1_5,5,15,0xAE4F006E,53.666669,Drop,e_lang,3,69
B_fair_s5,level_1_5,5,15,0xAE4F006E,65.800003,Drop,e_lang,3,72
B_fair_s5,level_1_5,5,15,0xAE4F006E,80.266671,Drop,e_lang,3,75
B_fair_s5,level_1_5,5,15,0xAE4F006E,600.000031,End,,0,75
B_fair_s5,level_1_5,5,16,0x861E0EAF,0,Start,,0,45
B_fair_s5,level_1_5,5,16,0x861E0EAF,3.433334,Drop,e_lang,1,46
B_fair_s5,level_1_5,5,16,0x861E0EAF,4.633334,Drop,e_lang,1,47
B_fair_s5,level_1_5,5,16,0x861E0EAF,7.266667,Drop,e_lang,1,48
B_fair_s5,level_1_5,5,16,0x861E0EAF,11.833334,Drop,e_liu,1,49
B_fair_s5,level_1_5,5,16,0x861E0EAF,13.466667,Drop,e_lang,1,50
B_fair_s5,level_1_5,5,16,0x861E0EAF,15.133334,Drop,e_liu,1,51
B_fair_s5,level_1_5,5,16,0x861E0EAF,17.933334,Drop,e_lang,1,52
B_fair_s5,level_1_5,5,16,0x861E0EAF,20.200001,Drop,e_liu,1,53
B_fair_s5,level_1_5,5,16,0x861E0EAF,22.800001,Drop,e_lang,1,54
B_fair_s5,level_1_5,5,16,0x861E0EAF,27.966668,Drop,zqi,1,55
B_fair_s5,level_1_5,5,16,0x861E0EAF,30.800002,Drop,e_liu,1,56
B_fair_s5,level_1_5,5,16,0x861E0EAF,31.433335,Drop,e_lang,1,57
B_fair_s5,level_1_5,5,16,0x861E0EAF,33.733335,Drop,e_lang,1,58
B_fair_s5,level_1_5,5,16,0x861E0EAF,37.700002,Drop,e_liu,1,59
B_fair_s5,level_1_5,5,16,0x861E0EAF,41.300002,Drop,zqi,1,60
B_fair_s5,level_1_5,5,16,0x861E0EAF,42.033336,Drop,e_lang,1,61
B_fair_s5,level_1_5,5,16,0x861E0EAF,46.766669,Drop,e_liu,1,62
B_fair_s5,level_1_5,5,16,0x861E0EAF,50.000003,Drop,zqi,1,63
B_fair_s5,level_1_5,5,16,0x861E0EAF,51.133336,Drop,e_lang,3,66
B_fair_s5,level_1_5,5,16,0x861E0EAF,54.400003,Drop,zqi,3,69
B_fair_s5,level_1_5,5,16,0x861E0EAF,66.533337,Drop,e_lang,3,72
B_fair_s5,level_1_5,5,16,0x861E0EAF,80.700004,Drop,e_lang,3,75
B_fair_s5,level_1_5,5,16,0x861E0EAF,600.000031,End,,0,75
B_fair_s5,level_1_5,5,17,0xBEB2640A,0,Start,,0,45
B_fair_s5,level_1_5,5,17,0xBEB2640A,3.433334,Drop,e_lang,1,46
B_fair_s5,level_1_5,5,17,0xBEB2640A,4.633334,Drop,e_lang,1,47
B_fair_s5,level_1_5,5,17,0xBEB2640A,7.5,Drop,e_lang,1,48
B_fair_s5,level_1_5,5,17,0xBEB2640A,10.900001,Drop,e_liu,1,49
B_fair_s5,level_1_5,5,17,0xBEB2640A,12.600001,Drop,e_lang,1,50
B_fair_s5,level_1_5,5,17,0xBEB2640A,16.900001,Drop,e_liu,1,51
B_fair_s5,level_1_5,5,17,0xBEB2640A,17.600001,Drop,e_lang,1,52
B_fair_s5,level_1_5,5,17,0xBEB2640A,20.200001,Drop,e_liu,1,53
B_fair_s5,level_1_5,5,17,0xBEB2640A,23.066668,Drop,e_lang,1,54
B_fair_s5,level_1_5,5,17,0xBEB2640A,28.466668,Drop,zqi,1,55
B_fair_s5,level_1_5,5,17,0xBEB2640A,30.833335,Drop,e_liu,1,56
B_fair_s5,level_1_5,5,17,0xBEB2640A,31.333335,Drop,e_lang,1,57
B_fair_s5,level_1_5,5,17,0xBEB2640A,33.933335,Drop,e_lang,1,58
B_fair_s5,level_1_5,5,17,0xBEB2640A,38.433335,Drop,e_liu,1,59
B_fair_s5,level_1_5,5,17,0xBEB2640A,42.133336,Drop,zqi,1,60
B_fair_s5,level_1_5,5,17,0xBEB2640A,42.700002,Drop,e_lang,1,61
B_fair_s5,level_1_5,5,17,0xBEB2640A,50.333336,Drop,zqi,1,62
B_fair_s5,level_1_5,5,17,0xBEB2640A,50.800003,Drop,e_lang,3,65
B_fair_s5,level_1_5,5,17,0xBEB2640A,55.033336,Drop,e_liu,1,66
B_fair_s5,level_1_5,5,17,0xBEB2640A,56.36667,Drop,zqi,3,69
B_fair_s5,level_1_5,5,17,0xBEB2640A,67.000003,Drop,e_lang,3,72
B_fair_s5,level_1_5,5,17,0xBEB2640A,80.066671,Drop,e_lang,3,75
B_fair_s5,level_1_5,5,17,0xBEB2640A,600.000031,End,,0,75
B_fair_s5,level_1_5,5,18,0xB458FF73,0,Start,,0,45
B_fair_s5,level_1_5,5,18,0xB458FF73,2.033333,Drop,e_lang,1,46
B_fair_s5,level_1_5,5,18,0xB458FF73,4.933334,Drop,e_lang,1,47
B_fair_s5,level_1_5,5,18,0xB458FF73,7.533334,Drop,e_lang,1,48
B_fair_s5,level_1_5,5,18,0xB458FF73,10.933334,Drop,e_liu,1,49
B_fair_s5,level_1_5,5,18,0xB458FF73,12.666667,Drop,e_lang,1,50
B_fair_s5,level_1_5,5,18,0xB458FF73,16.233334,Drop,e_liu,1,51
B_fair_s5,level_1_5,5,18,0xB458FF73,17.766668,Drop,e_lang,1,52
B_fair_s5,level_1_5,5,18,0xB458FF73,21.533334,Drop,e_liu,1,53
B_fair_s5,level_1_5,5,18,0xB458FF73,22.800001,Drop,e_lang,1,54
B_fair_s5,level_1_5,5,18,0xB458FF73,28.066668,Drop,zqi,1,55
B_fair_s5,level_1_5,5,18,0xB458FF73,30.733335,Drop,e_liu,1,56
B_fair_s5,level_1_5,5,18,0xB458FF73,31.100002,Drop,e_lang,1,57
B_fair_s5,level_1_5,5,18,0xB458FF73,33.900002,Drop,e_lang,1,58
B_fair_s5,level_1_5,5,18,0xB458FF73,38.233335,Drop,e_liu,1,59
B_fair_s5,level_1_5,5,18,0xB458FF73,40.666669,Drop,zqi,1,60
B_fair_s5,level_1_5,5,18,0xB458FF73,41.366669,Drop,e_lang,1,61
B_fair_s5,level_1_5,5,18,0xB458FF73,44.633336,Drop,e_liu,1,62
B_fair_s5,level_1_5,5,18,0xB458FF73,48.900003,Drop,zqi,1,63
B_fair_s5,level_1_5,5,18,0xB458FF73,53.233336,Drop,zqi,3,66
B_fair_s5,level_1_5,5,18,0xB458FF73,53.733336,Drop,e_lang,3,69
B_fair_s5,level_1_5,5,18,0xB458FF73,66.133337,Drop,e_lang,3,72
B_fair_s5,level_1_5,5,18,0xB458FF73,80.000004,Drop,e_lang,3,75
B_fair_s5,level_1_5,5,18,0xB458FF73,600.000031,End,,0,75
B_fair_s5,level_1_5,5,19,0xDD6F9FA8,0,Start,,0,45
B_fair_s5,level_1_5,5,19,0xDD6F9FA8,3.4,Drop,e_lang,1,46
B_fair_s5,level_1_5,5,19,0xDD6F9FA8,5.166667,Drop,e_lang,1,47
B_fair_s5,level_1_5,5,19,0xDD6F9FA8,7.666667,Drop,e_lang,1,48
B_fair_s5,level_1_5,5,19,0xDD6F9FA8,11.000001,Drop,e_liu,1,49
B_fair_s5,level_1_5,5,19,0xDD6F9FA8,12.533334,Drop,e_lang,1,50
B_fair_s5,level_1_5,5,19,0xDD6F9FA8,16.766668,Drop,e_liu,1,51
B_fair_s5,level_1_5,5,19,0xDD6F9FA8,17.600001,Drop,e_lang,1,52
B_fair_s5,level_1_5,5,19,0xDD6F9FA8,20.733334,Drop,e_liu,1,53
B_fair_s5,level_1_5,5,19,0xDD6F9FA8,22.866668,Drop,e_lang,1,54
B_fair_s5,level_1_5,5,19,0xDD6F9FA8,28.466668,Drop,zqi,1,55
B_fair_s5,level_1_5,5,19,0xDD6F9FA8,31.166668,Drop,e_liu,1,56
B_fair_s5,level_1_5,5,19,0xDD6F9FA8,31.500002,Drop,e_lang,1,57
B_fair_s5,level_1_5,5,19,0xDD6F9FA8,33.766668,Drop,e_lang,1,58
B_fair_s5,level_1_5,5,19,0xDD6F9FA8,37.433335,Drop,e_liu,1,59
B_fair_s5,level_1_5,5,19,0xDD6F9FA8,40.333335,Drop,zqi,1,60
B_fair_s5,level_1_5,5,19,0xDD6F9FA8,41.400002,Drop,e_lang,1,61
B_fair_s5,level_1_5,5,19,0xDD6F9FA8,45.866669,Drop,e_liu,1,62
B_fair_s5,level_1_5,5,19,0xDD6F9FA8,48.833336,Drop,zqi,1,63
B_fair_s5,level_1_5,5,19,0xDD6F9FA8,50.666669,Drop,e_lang,3,66
B_fair_s5,level_1_5,5,19,0xDD6F9FA8,54.96667,Drop,zqi,3,69
B_fair_s5,level_1_5,5,19,0xDD6F9FA8,66.56667,Drop,e_lang,3,72
B_fair_s5,level_1_5,5,19,0xDD6F9FA8,79.966671,Drop,e_lang,3,75
B_fair_s5,level_1_5,5,19,0xDD6F9FA8,600.000031,End,,0,75
B_fair_s5,level_1_5,5,20,0xFDCB9445,0,Start,,0,45
B_fair_s5,level_1_5,5,20,0xFDCB9445,3.233334,Drop,e_lang,1,46
B_fair_s5,level_1_5,5,20,0xFDCB9445,5.133334,Drop,e_lang,1,47
B_fair_s5,level_1_5,5,20,0xFDCB9445,7.6,Drop,e_lang,1,48
B_fair_s5,level_1_5,5,20,0xFDCB9445,10.333334,Drop,e_liu,1,49
B_fair_s5,level_1_5,5,20,0xFDCB9445,12.633334,Drop,e_lang,1,50
B_fair_s5,level_1_5,5,20,0xFDCB9445,16.300001,Drop,e_liu,1,51
B_fair_s5,level_1_5,5,20,0xFDCB9445,18.933334,Drop,e_lang,1,52
B_fair_s5,level_1_5,5,20,0xFDCB9445,21.466668,Drop,e_liu,1,53
B_fair_s5,level_1_5,5,20,0xFDCB9445,23.200001,Drop,e_lang,1,54
B_fair_s5,level_1_5,5,20,0xFDCB9445,27.800001,Drop,zqi,1,55
B_fair_s5,level_1_5,5,20,0xFDCB9445,30.933335,Drop,e_liu,1,56
B_fair_s5,level_1_5,5,20,0xFDCB9445,31.533335,Drop,e_lang,1,57
B_fair_s5,level_1_5,5,20,0xFDCB9445,33.900002,Drop,e_lang,1,58
B_fair_s5,level_1_5,5,20,0xFDCB9445,37.200002,Drop,e_liu,1,59
B_fair_s5,level_1_5,5,20,0xFDCB9445,41.866669,Drop,zqi,1,60
B_fair_s5,level_1_5,5,20,0xFDCB9445,42.366669,Drop,e_lang,1,61
B_fair_s5,level_1_5,5,20,0xFDCB9445,46.633336,Drop,e_liu,1,62
B_fair_s5,level_1_5,5,20,0xFDCB9445,51.800003,Drop,zqi,1,63
B_fair_s5,level_1_5,5,20,0xFDCB9445,52.300003,Drop,e_lang,3,66
B_fair_s5,level_1_5,5,20,0xFDCB9445,56.16667,Drop,zqi,3,69
B_fair_s5,level_1_5,5,20,0xFDCB9445,67.233337,Drop,e_lang,3,72
B_fair_s5,level_1_5,5,20,0xFDCB9445,83.233338,Drop,e_lang,3,75
B_fair_s5,level_1_5,5,20,0xFDCB9445,600.000031,End,,0,75
B_fair_s5,level_1_5,5,21,0x672D0F64,0,Start,,0,45
B_fair_s5,level_1_5,5,21,0x672D0F64,2.033333,Drop,e_lang,1,46
B_fair_s5,level_1_5,5,21,0x672D0F64,5.133334,Drop,e_lang,1,47
B_fair_s5,level_1_5,5,21,0x672D0F64,7.366667,Drop,e_lang,1,48
B_fair_s5,level_1_5,5,21,0x672D0F64,10.700001,Drop,e_liu,1,49
B_fair_s5,level_1_5,5,21,0x672D0F64,12.500001,Drop,e_lang,1,50
B_fair_s5,level_1_5,5,21,0x672D0F64,16.166668,Drop,e_liu,1,51
B_fair_s5,level_1_5,5,21,0x672D0F64,17.600001,Drop,e_lang,1,52
B_fair_s5,level_1_5,5,21,0x672D0F64,21.400001,Drop,e_liu,1,53
B_fair_s5,level_1_5,5,21,0x672D0F64,23.266668,Drop,e_lang,1,54
B_fair_s5,level_1_5,5,21,0x672D0F64,28.400001,Drop,zqi,1,55
B_fair_s5,level_1_5,5,21,0x672D0F64,31.066668,Drop,e_liu,1,56
B_fair_s5,level_1_5,5,21,0x672D0F64,31.700002,Drop,e_lang,1,57
B_fair_s5,level_1_5,5,21,0x672D0F64,33.800002,Drop,e_lang,1,58
B_fair_s5,level_1_5,5,21,0x672D0F64,38.033335,Drop,e_liu,1,59
B_fair_s5,level_1_5,5,21,0x672D0F64,42.166669,Drop,zqi,1,60
B_fair_s5,level_1_5,5,21,0x672D0F64,42.700002,Drop,e_lang,1,61
B_fair_s5,level_1_5,5,21,0x672D0F64,46.933336,Drop,e_liu,1,62
B_fair_s5,level_1_5,5,21,0x672D0F64,51.400003,Drop,zqi,1,63
B_fair_s5,level_1_5,5,21,0x672D0F64,52.100003,Drop,e_lang,3,66
B_fair_s5,level_1_5,5,21,0x672D0F64,55.26667,Drop,zqi,3,69
B_fair_s5,level_1_5,5,21,0x672D0F64,66.76667,Drop,e_lang,3,72
B_fair_s5,level_1_5,5,21,0x672D0F64,80.433338,Drop,e_lang,3,75
B_fair_s5,level_1_5,5,21,0x672D0F64,600.000031,End,,0,75
B_fair_s5,level_1_5,5,22,0x1EFC6C84,0,Start,,0,45
B_fair_s5,level_1_5,5,22,0x1EFC6C84,2.033333,Drop,e_lang,1,46
B_fair_s5,level_1_5,5,22,0x1EFC6C84,4.666667,Drop,e_lang,1,47
B_fair_s5,level_1_5,5,22,0x1EFC6C84,7.5,Drop,e_lang,1,48
B_fair_s5,level_1_5,5,22,0x1EFC6C84,10.900001,Drop,e_liu,1,49
B_fair_s5,level_1_5,5,22,0x1EFC6C84,12.433334,Drop,e_lang,1,50
B_fair_s5,level_1_5,5,22,0x1EFC6C84,16.133334,Drop,e_liu,1,51
B_fair_s5,level_1_5,5,22,0x1EFC6C84,17.666668,Drop,e_lang,1,52
B_fair_s5,level_1_5,5,22,0x1EFC6C84,21.533334,Drop,e_liu,1,53
B_fair_s5,level_1_5,5,22,0x1EFC6C84,22.933335,Drop,e_lang,1,54
B_fair_s5,level_1_5,5,22,0x1EFC6C84,28.200001,Drop,zqi,1,55
B_fair_s5,level_1_5,5,22,0x1EFC6C84,32.700002,Drop,e_liu,1,56
B_fair_s5,level_1_5,5,22,0x1EFC6C84,37.033335,Drop,e_liu,1,57
B_fair_s5,level_1_5,5,22,0x1EFC6C84,38.400002,Drop,e_lang,1,58
B_fair_s5,level_1_5,5,22,0x1EFC6C84,39.400002,Drop,e_lang,1,59
B_fair_s5,level_1_5,5,22,0x1EFC6C84,42.833336,Drop,zqi,1,60
B_fair_s5,level_1_5,5,22,0x1EFC6C84,43.333336,Drop,e_lang,1,61
B_fair_s5,level_1_5,5,22,0x1EFC6C84,46.833336,Drop,e_liu,1,62
B_fair_s5,level_1_5,5,22,0x1EFC6C84,50.900003,Drop,zqi,1,63
B_fair_s5,level_1_5,5,22,0x1EFC6C84,51.866669,Drop,e_lang,3,66
B_fair_s5,level_1_5,5,22,0x1EFC6C84,56.26667,Drop,zqi,3,69
B_fair_s5,level_1_5,5,22,0x1EFC6C84,66.933337,Drop,e_lang,3,72
B_fair_s5,level_1_5,5,22,0x1EFC6C84,84.833338,Drop,e_lang,3,75
B_fair_s5,level_1_5,5,22,0x1EFC6C84,600.000031,End,,0,75
B_fair_s5,level_1_5,5,23,0xFEF80372,0,Start,,0,45
B_fair_s5,level_1_5,5,23,0xFEF80372,3.233334,Drop,e_lang,1,46
B_fair_s5,level_1_5,5,23,0xFEF80372,5.366667,Drop,e_lang,1,47
B_fair_s5,level_1_5,5,23,0xFEF80372,7.466667,Drop,e_lang,1,48
B_fair_s5,level_1_5,5,23,0xFEF80372,9.900001,Drop,e_liu,1,49
B_fair_s5,level_1_5,5,23,0xFEF80372,12.633334,Drop,e_lang,1,50
B_fair_s5,level_1_5,5,23,0xFEF80372,17.033334,Drop,e_liu,1,51
B_fair_s5,level_1_5,5,23,0xFEF80372,18.000001,Drop,e_lang,1,52
B_fair_s5,level_1_5,5,23,0xFEF80372,20.900001,Drop,e_liu,1,53
B_fair_s5,level_1_5,5,23,0xFEF80372,23.100001,Drop,e_lang,1,54
B_fair_s5,level_1_5,5,23,0xFEF80372,30.900002,Drop,e_liu,1,55
B_fair_s5,level_1_5,5,23,0xFEF80372,32.733335,Drop,zqi,1,56
B_fair_s5,level_1_5,5,23,0xFEF80372,38.000002,Drop,e_lang,1,57
B_fair_s5,level_1_5,5,23,0xFEF80372,41.400002,Drop,e_liu,1,58
B_fair_s5,level_1_5,5,23,0xFEF80372,45.933336,Drop,e_lang,1,59
B_fair_s5,level_1_5,5,23,0xFEF80372,46.066669,Drop,zqi,1,60
B_fair_s5,level_1_5,5,23,0xFEF80372,47.066669,Drop,e_lang,1,61
B_fair_s5,level_1_5,5,23,0xFEF80372,51.600003,Drop,e_liu,1,62
B_fair_s5,level_1_5,5,23,0xFEF80372,53.866669,Drop,e_lang,3,65
B_fair_s5,level_1_5,5,23,0xFEF80372,57.96667,Drop,zqi,1,66
B_fair_s5,level_1_5,5,23,0xFEF80372,69.433337,Drop,zqi,3,69
B_fair_s5,level_1_5,5,23,0xFEF80372,225.733345,End,,0,69
B_fair_s5,level_1_5,5,24,0x2C51BB19,0,Start,,0,45
B_fair_s5,level_1_5,5,24,0x2C51BB19,2.033333,Drop,e_lang,1,46
B_fair_s5,level_1_5,5,24,0x2C51BB19,4.966667,Drop,e_lang,1,47
B_fair_s5,level_1_5,5,24,0x2C51BB19,7.233334,Drop,e_lang,1,48
B_fair_s5,level_1_5,5,24,0x2C51BB19,11.966667,Drop,e_liu,1,49
B_fair_s5,level_1_5,5,24,0x2C51BB19,12.666667,Drop,e_lang,1,50
B_fair_s5,level_1_5,5,24,0x2C51BB19,16.166668,Drop,e_liu,1,51
B_fair_s5,level_1_5,5,24,0x2C51BB19,17.833334,Drop,e_lang,1,52
B_fair_s5,level_1_5,5,24,0x2C51BB19,20.600001,Drop,e_liu,1,53
B_fair_s5,level_1_5,5,24,0x2C51BB19,22.833335,Drop,e_lang,1,54
B_fair_s5,level_1_5,5,24,0x2C51BB19,27.766668,Drop,zqi,1,55
B_fair_s5,level_1_5,5,24,0x2C51BB19,29.266668,Drop,e_liu,1,56
B_fair_s5,level_1_5,5,24,0x2C51BB19,33.266668,Drop,e_lang,1,57
B_fair_s5,level_1_5,5,24,0x2C51BB19,37.100002,Drop,e_liu,1,58
B_fair_s5,level_1_5,5,24,0x2C51BB19,38.466669,Drop,e_lang,1,59
B_fair_s5,level_1_5,5,24,0x2C51BB19,41.500002,Drop,zqi,1,60
B_fair_s5,level_1_5,5,24,0x2C51BB19,41.933336,Drop,e_lang,1,61
B_fair_s5,level_1_5,5,24,0x2C51BB19,45.000002,Drop,e_liu,1,62
B_fair_s5,level_1_5,5,24,0x2C51BB19,56.26667,Drop,zqi,1,63
B_fair_s5,level_1_5,5,24,0x2C51BB19,67.600004,Drop,zqi,3,66
B_fair_s5,level_1_5,5,24,0x2C51BB19,111.900006,End,,0,66
B_fair_s5,level_1_5,5,25,0x7D604680,0,Start,,0,45
B_fair_s5,level_1_5,5,25,0x7D604680,2.033333,Drop,e_lang,1,46
B_fair_s5,level_1_5,5,25,0x7D604680,5.233334,Drop,e_lang,1,47
B_fair_s5,level_1_5,5,25,0x7D604680,7.466667,Drop,e_lang,1,48
B_fair_s5,level_1_5,5,25,0x7D604680,10.800001,Drop,e_liu,1,49
B_fair_s5,level_1_5,5,25,0x7D604680,12.633334,Drop,e_lang,1,50
B_fair_s5,level_1_5,5,25,0x7D604680,15.966667,Drop,e_liu,1,51
B_fair_s5,level_1_5,5,25,0x7D604680,21.933334,Drop,e_lang,1,52
B_fair_s5,level_1_5,5,25,0x7D604680,22.466668,Drop,e_liu,1,53
B_fair_s5,level_1_5,5,25,0x7D604680,24.100001,Drop,e_lang,1,54
B_fair_s5,level_1_5,5,25,0x7D604680,28.966668,Drop,zqi,1,55
B_fair_s5,level_1_5,5,25,0x7D604680,31.266668,Drop,e_lang,1,56
B_fair_s5,level_1_5,5,25,0x7D604680,33.600002,Drop,e_lang,1,57
B_fair_s5,level_1_5,5,25,0x7D604680,39.066669,Drop,e_liu,1,58
B_fair_s5,level_1_5,5,25,0x7D604680,40.000002,Drop,e_liu,1,59
B_fair_s5,level_1_5,5,25,0x7D604680,41.266669,Drop,e_lang,1,60
B_fair_s5,level_1_5,5,25,0x7D604680,42.533336,Drop,zqi,1,61
B_fair_s5,level_1_5,5,25,0x7D604680,46.500002,Drop,e_liu,1,62
B_fair_s5,level_1_5,5,25,0x7D604680,50.100003,Drop,zqi,1,63
B_fair_s5,level_1_5,5,25,0x7D604680,51.166669,Drop,e_lang,3,66
B_fair_s5,level_1_5,5,25,0x7D604680,53.933336,Drop,zqi,3,69
B_fair_s5,level_1_5,5,25,0x7D604680,66.06667,Drop,e_lang,3,72
B_fair_s5,level_1_5,5,25,0x7D604680,145.966674,End,,0,72
