lineup_id,level_id,stage_index,game_index,seed_hex,time_s,event,source_unit_id,delta,total_coins
A_real_s1,level_1_1,1,1,0x4596C624,0,Start,,0,45
A_real_s1,level_1_1,1,1,0x4596C624,4.766667,Drop,zu,1,46
A_real_s1,level_1_1,1,1,0x4596C624,5.5,Drop,zu,1,47
A_real_s1,level_1_1,1,1,0x4596C624,6.233334,Drop,zu,1,48
A_real_s1,level_1_1,1,1,0x4596C624,7.2,Drop,zu,1,49
A_real_s1,level_1_1,1,1,0x4596C624,7.933334,Drop,zu,1,50
A_real_s1,level_1_1,1,1,0x4596C624,8.666667,Drop,zu,1,51
A_real_s1,level_1_1,1,1,0x4596C624,9.733334,Drop,e_liu,1,52
A_real_s1,level_1_1,1,1,0x4596C624,11.733334,Drop,e_liu,1,53
A_real_s1,level_1_1,1,1,0x4596C624,13.700001,Drop,e_liu,1,54
A_real_s1,level_1_1,1,1,0x4596C624,13.733334,Drop,e_liu,1,55
A_real_s1,level_1_1,1,1,0x4596C624,13.833334,Drop,zu,1,56
A_real_s1,level_1_1,1,1,0x4596C624,14.433334,Drop,zu,1,57
A_real_s1,level_1_1,1,1,0x4596C624,15.166667,Drop,zu,1,58
A_real_s1,level_1_1,1,1,0x4596C624,16.366668,Drop,zu,1,59
A_real_s1,level_1_1,1,1,0x4596C624,17.500001,Drop,zu,1,60
A_real_s1,level_1_1,1,1,0x4596C624,18.200001,Drop,zu,1,61
A_real_s1,level_1_1,1,1,0x4596C624,19.400001,Drop,zu,1,62
A_real_s1,level_1_1,1,1,0x4596C624,21.100001,Drop,zu,1,63
A_real_s1,level_1_1,1,1,0x4596C624,24.333335,Drop,e_shan,1,64
A_real_s1,level_1_1,1,1,0x4596C624,28.333335,Drop,e_shan,1,65
A_real_s1,level_1_1,1,1,0x4596C624,28.333335,Drop,e_shan,1,66
A_real_s1,level_1_1,1,1,0x4596C624,30.333335,Drop,e_lang,1,67
A_real_s1,level_1_1,1,1,0x4596C624,32.566668,Drop,e_lang,1,68
A_real_s1,level_1_1,1,1,0x4596C624,34.333335,Drop,zu,1,69
A_real_s1,level_1_1,1,1,0x4596C624,35.800002,Drop,e_lang,1,70
A_real_s1,level_1_1,1,1,0x4596C624,36.333335,Drop,zu,1,71
A_real_s1,level_1_1,1,1,0x4596C624,38.333335,Drop,e_liu,1,72
A_real_s1,level_1_1,1,1,0x4596C624,38.333335,Drop,e_liu,1,73
A_real_s1,level_1_1,1,1,0x4596C624,40.333335,Drop,tie,3,76
A_real_s1,level_1_1,1,1,0x4596C624,42.333336,Drop,tie,3,79
A_real_s1,level_1_1,1,1,0x4596C624,44.333336,Drop,zu,1,80
A_real_s1,level_1_1,1,1,0x4596C624,46.333336,Drop,e_liu,1,81
A_real_s1,level_1_1,1,1,0x4596C624,48.333336,Drop,zu,1,82
A_real_s1,level_1_1,1,1,0x4596C624,48.333336,Drop,e_liu,1,83
A_real_s1,level_1_1,1,1,0x4596C624,50.333336,Drop,zu,1,84
A_real_s1,level_1_1,1,1,0x4596C624,52.333336,Drop,zu,1,85
A_real_s1,level_1_1,1,1,0x4596C624,54.333336,Drop,e_shan,1,86
A_real_s1,level_1_1,1,1,0x4596C624,56.333336,Drop,e_shan,1,87
A_real_s1,level_1_1,1,1,0x4596C624,56.333336,Drop,zu,1,88
A_real_s1,level_1_1,1,1,0x4596C624,56.333336,Drop,zu,1,89
A_real_s1,level_1_1,1,1,0x4596C624,60.333336,Drop,zqi,3,92
A_real_s1,level_1_1,1,1,0x4596C624,62.333337,Drop,e_shan,1,93
A_real_s1,level_1_1,1,1,0x4596C624,64.333337,Drop,e_shan,1,94
A_real_s1,level_1_1,1,1,0x4596C624,69.000004,Drop,e_lang,1,95
A_real_s1,level_1_1,1,1,0x4596C624,76.233337,Drop,zu,1,96
A_real_s1,level_1_1,1,1,0x4596C624,76.333337,Drop,zu,1,97
A_real_s1,level_1_1,1,1,0x4596C624,76.333337,Drop,bld_cheng,20,117
A_real_s1,level_1_1,1,1,0x4596C624,76.333337,End,,0,117
A_real_s1,level_1_1,1,2,0x3713192D,0,Start,,0,45
A_real_s1,level_1_1,1,2,0x3713192D,4.7,Drop,zu,1,46
A_real_s1,level_1_1,1,2,0x3713192D,5.433334,Drop,zu,1,47
A_real_s1,level_1_1,1,2,0x3713192D,6.166667,Drop,zu,1,48
A_real_s1,level_1_1,1,2,0x3713192D,7.066667,Drop,zu,1,49
A_real_s1,level_1_1,1,2,0x3713192D,7.8,Drop,zu,1,50
A_real_s1,level_1_1,1,2,0x3713192D,8.533334,Drop,zu,1,51
A_real_s1,level_1_1,1,2,0x3713192D,9.800001,Drop,e_liu,1,52
A_real_s1,level_1_1,1,2,0x3713192D,11.800001,Drop,e_liu,1,53
A_real_s1,level_1_1,1,2,0x3713192D,11.800001,Drop,e_liu,1,54
A_real_s1,level_1_1,1,2,0x3713192D,13.800001,Drop,e_liu,1,55
A_real_s1,level_1_1,1,2,0x3713192D,13.800001,Drop,zu,1,56
A_real_s1,level_1_1,1,2,0x3713192D,14.800001,Drop,zu,1,57
A_real_s1,level_1_1,1,2,0x3713192D,15.800001,Drop,zu,1,58
A_real_s1,level_1_1,1,2,0x3713192D,17.100001,Drop,zu,1,59
A_real_s1,level_1_1,1,2,0x3713192D,17.800001,Drop,zu,1,60
A_real_s1,level_1_1,1,2,0x3713192D,18.300001,Drop,zu,1,61
A_real_s1,level_1_1,1,2,0x3713192D,19.800001,Drop,zu,1,62
A_real_s1,level_1_1,1,2,0x3713192D,21.133334,Drop,zu,1,63
A_real_s1,level_1_1,1,2,0x3713192D,22.933335,Drop,e_shan,1,64
A_real_s1,level_1_1,1,2,0x3713192D,24.933335,Drop,e_shan,1,65
A_real_s1,level_1_1,1,2,0x3713192D,26.933335,Drop,e_shan,1,66
A_real_s1,level_1_1,1,2,0x3713192D,26.933335,Drop,e_lang,1,67
A_real_s1,level_1_1,1,2,0x3713192D,27.266668,Drop,e_lang,1,68
A_real_s1,level_1_1,1,2,0x3713192D,28.333335,Drop,e_lang,1,69
A_real_s1,level_1_1,1,2,0x3713192D,33.533335,Drop,zu,1,70
A_real_s1,level_1_1,1,2,0x3713192D,35.100002,Drop,zu,1,71
A_real_s1,level_1_1,1,2,0x3713192D,37.533335,Drop,e_liu,1,72
A_real_s1,level_1_1,1,2,0x3713192D,37.533335,Drop,e_liu,1,73
A_real_s1,level_1_1,1,2,0x3713192D,41.533335,Drop,tie,3,76
A_real_s1,level_1_1,1,2,0x3713192D,43.533336,Drop,tie,3,79
A_real_s1,level_1_1,1,2,0x3713192D,43.533336,Drop,zu,1,80
A_real_s1,level_1_1,1,2,0x3713192D,44.533336,Drop,zu,1,81
A_real_s1,level_1_1,1,2,0x3713192D,47.533336,Drop,e_liu,1,82
A_real_s1,level_1_1,1,2,0x3713192D,49.533336,Drop,zu,1,83
A_real_s1,level_1_1,1,2,0x3713192D,51.533336,Drop,e_liu,1,84
A_real_s1,level_1_1,1,2,0x3713192D,51.533336,Drop,zu,1,85
A_real_s1,level_1_1,1,2,0x3713192D,53.533336,Drop,e_shan,1,86
A_real_s1,level_1_1,1,2,0x3713192D,55.533336,Drop,e_shan,1,87
A_real_s1,level_1_1,1,2,0x3713192D,56.800003,Drop,zu,1,88
A_real_s1,level_1_1,1,2,0x3713192D,58.000003,Drop,zu,1,89
A_real_s1,level_1_1,1,2,0x3713192D,62.06667,Drop,e_shan,1,90
A_real_s1,level_1_1,1,2,0x3713192D,66.06667,Drop,e_lang,1,91
A_real_s1,level_1_1,1,2,0x3713192D,76.066671,Drop,zu,1,92
A_real_s1,level_1_1,1,2,0x3713192D,78.066671,Drop,e_shan,1,93
A_real_s1,level_1_1,1,2,0x3713192D,78.066671,Drop,zu,1,94
A_real_s1,level_1_1,1,2,0x3713192D,80.066671,Drop,e_liu,1,95
A_real_s1,level_1_1,1,2,0x3713192D,80.066671,Drop,bld_cheng,20,115
A_real_s1,level_1_1,1,2,0x3713192D,80.066671,End,,0,115
A_real_s1,level_1_1,1,3,0xD2E4F5F6,0,Start,,0,45
A_real_s1,level_1_1,1,3,0xD2E4F5F6,5.1,Drop,zu,1,46
A_real_s1,level_1_1,1,3,0xD2E4F5F6,6.733334,Drop,zu,1,47
A_real_s1,level_1_1,1,3,0xD2E4F5F6,7.466667,Drop,zu,1,48
A_real_s1,level_1_1,1,3,0xD2E4F5F6,8,Drop,zu,1,49
A_real_s1,level_1_1,1,3,0xD2E4F5F6,8.3,Drop,zu,1,50
A_real_s1,level_1_1,1,3,0xD2E4F5F6,9.033334,Drop,zu,1,51
A_real_s1,level_1_1,1,3,0xD2E4F5F6,11.900001,Drop,e_liu,1,52
A_real_s1,level_1_1,1,3,0xD2E4F5F6,13.900001,Drop,e_liu,1,53
A_real_s1,level_1_1,1,3,0xD2E4F5F6,14.233334,Drop,e_liu,1,54
A_real_s1,level_1_1,1,3,0xD2E4F5F6,15.433334,Drop,zu,1,55
A_real_s1,level_1_1,1,3,0xD2E4F5F6,16.633334,Drop,zu,1,56
A_real_s1,level_1_1,1,3,0xD2E4F5F6,17.833334,Drop,zu,1,57
A_real_s1,level_1_1,1,3,0xD2E4F5F6,17.900001,Drop,zu,1,58
A_real_s1,level_1_1,1,3,0xD2E4F5F6,19.033334,Drop,zu,1,59
A_real_s1,level_1_1,1,3,0xD2E4F5F6,19.900001,Drop,zu,1,60
A_real_s1,level_1_1,1,3,0xD2E4F5F6,20.233334,Drop,zu,1,61
A_real_s1,level_1_1,1,3,0xD2E4F5F6,21.433334,Drop,zu,1,62
A_real_s1,level_1_1,1,3,0xD2E4F5F6,21.900001,Drop,e_liu,1,63
A_real_s1,level_1_1,1,3,0xD2E4F5F6,23.900001,Drop,e_shan,1,64
A_real_s1,level_1_1,1,3,0xD2E4F5F6,25.900001,Drop,e_shan,1,65
A_real_s1,level_1_1,1,3,0xD2E4F5F6,27.900001,Drop,e_lang,1,66
A_real_s1,level_1_1,1,3,0xD2E4F5F6,34.000002,Drop,e_shan,1,67
A_real_s1,level_1_1,1,3,0xD2E4F5F6,34.733335,Drop,zu,1,68
A_real_s1,level_1_1,1,3,0xD2E4F5F6,34.866668,Drop,e_lang,1,69
A_real_s1,level_1_1,1,3,0xD2E4F5F6,35.466669,Drop,zu,1,70
A_real_s1,level_1_1,1,3,0xD2E4F5F6,36.066669,Drop,e_lang,1,71
A_real_s1,level_1_1,1,3,0xD2E4F5F6,38.833335,Drop,e_liu,1,72
A_real_s1,level_1_1,1,3,0xD2E4F5F6,39.133335,Drop,e_liu,1,73
A_real_s1,level_1_1,1,3,0xD2E4F5F6,41.133335,Drop,tie,3,76
A_real_s1,level_1_1,1,3,0xD2E4F5F6,43.133336,Drop,tie,3,79
A_real_s1,level_1_1,1,3,0xD2E4F5F6,44.200002,Drop,zu,1,80
A_real_s1,level_1_1,1,3,0xD2E4F5F6,45.133336,Drop,zu,1,81
A_real_s1,level_1_1,1,3,0xD2E4F5F6,47.133336,Drop,e_liu,1,82
A_real_s1,level_1_1,1,3,0xD2E4F5F6,49.133336,Drop,e_liu,1,83
A_real_s1,level_1_1,1,3,0xD2E4F5F6,50.400003,Drop,zu,1,84
A_real_s1,level_1_1,1,3,0xD2E4F5F6,51.133336,Drop,zu,1,85
A_real_s1,level_1_1,1,3,0xD2E4F5F6,53.133336,Drop,e_shan,1,86
A_real_s1,level_1_1,1,3,0xD2E4F5F6,55.133336,Drop,e_shan,1,87
A_real_s1,level_1_1,1,3,0xD2E4F5F6,56.700003,Drop,zu,1,88
A_real_s1,level_1_1,1,3,0xD2E4F5F6,57.133336,Drop,zu,1,89
A_real_s1,level_1_1,1,3,0xD2E4F5F6,59.133336,Drop,zqi,3,92
A_real_s1,level_1_1,1,3,0xD2E4F5F6,63.133337,Drop,e_shan,1,93
A_real_s1,level_1_1,1,3,0xD2E4F5F6,65.133337,Drop,e_shan,1,94
A_real_s1,level_1_1,1,3,0xD2E4F5F6,68.96667,Drop,e_lang,1,95
A_real_s1,level_1_1,1,3,0xD2E4F5F6,75.133337,Drop,zu,1,96
A_real_s1,level_1_1,1,3,0xD2E4F5F6,76.233337,Drop,zu,1,97
A_real_s1,level_1_1,1,3,0xD2E4F5F6,79.133337,Drop,e_liu,1,98
A_real_s1,level_1_1,1,3,0xD2E4F5F6,81.133338,Drop,e_liu,1,99
A_real_s1,level_1_1,1,3,0xD2E4F5F6,83.133338,Drop,tie,3,102
A_real_s1,level_1_1,1,3,0xD2E4F5F6,85.133338,Drop,tie,3,105
A_real_s1,level_1_1,1,3,0xD2E4F5F6,87.033338,Drop,zu,1,106
A_real_s1,level_1_1,1,3,0xD2E4F5F6,87.133338,Drop,zu,1,107
A_real_s1,level_1_1,1,3,0xD2E4F5F6,91.133338,Drop,e_liu,1,108
A_real_s1,level_1_1,1,3,0xD2E4F5F6,93.133338,Drop,e_liu,1,109
A_real_s1,level_1_1,1,3,0xD2E4F5F6,95.133338,Drop,tie,3,112
A_real_s1,level_1_1,1,3,0xD2E4F5F6,97.133338,Drop,tie,3,115
A_real_s1,level_1_1,1,3,0xD2E4F5F6,97.833338,Drop,zu,1,116
A_real_s1,level_1_1,1,3,0xD2E4F5F6,99.033338,Drop,zu,1,117
A_real_s1,level_1_1,1,3,0xD2E4F5F6,99.133339,Drop,zu,1,118
A_real_s1,level_1_1,1,3,0xD2E4F5F6,99.133339,Drop,bld_cheng,20,138
A_real_s1,level_1_1,1,3,0xD2E4F5F6,99.133339,End,,0,138
A_real_s1,level_1_1,1,4,0xC71868BB,0,Start,,0,45
A_real_s1,level_1_1,1,4,0xC71868BB,4.7,Drop,zu,1,46
A_real_s1,level_1_1,1,4,0xC71868BB,7.033334,Drop,zu,1,47
A_real_s1,level_1_1,1,4,0xC71868BB,7.766667,Drop,zu,1,48
A_real_s1,level_1_1,1,4,0xC71868BB,8,Drop,zu,1,49
A_real_s1,level_1_1,1,4,0xC71868BB,8.5,Drop,zu,1,50
A_real_s1,level_1_1,1,4,0xC71868BB,9.233334,Drop,zu,1,51
A_real_s1,level_1_1,1,4,0xC71868BB,12.933334,Drop,zu,1,52
A_real_s1,level_1_1,1,4,0xC71868BB,14.133334,Drop,zu,1,53
A_real_s1,level_1_1,1,4,0xC71868BB,14.866667,Drop,zu,1,54
A_real_s1,level_1_1,1,4,0xC71868BB,16.066668,Drop,zu,1,55
A_real_s1,level_1_1,1,4,0xC71868BB,17.500001,Drop,zu,1,56
A_real_s1,level_1_1,1,4,0xC71868BB,18.066668,Drop,zu,1,57
A_real_s1,level_1_1,1,4,0xC71868BB,20.066668,Drop,zu,1,58
A_real_s1,level_1_1,1,4,0xC71868BB,21.000001,Drop,zu,1,59
A_real_s1,level_1_1,1,4,0xC71868BB,24.066668,Drop,e_shan,1,60
A_real_s1,level_1_1,1,4,0xC71868BB,26.066668,Drop,e_shan,1,61
A_real_s1,level_1_1,1,4,0xC71868BB,28.066668,Drop,e_shan,1,62
A_real_s1,level_1_1,1,4,0xC71868BB,28.066668,Drop,e_lang,1,63
A_real_s1,level_1_1,1,4,0xC71868BB,30.066668,Drop,e_lang,1,64
A_real_s1,level_1_1,1,4,0xC71868BB,30.066668,Drop,e_lang,1,65
A_real_s1,level_1_1,1,4,0xC71868BB,33.500002,Drop,zu,1,66
A_real_s1,level_1_1,1,4,0xC71868BB,35.033335,Drop,zu,1,67
A_real_s1,level_1_1,1,4,0xC71868BB,37.500002,Drop,e_liu,1,68
A_real_s1,level_1_1,1,4,0xC71868BB,37.500002,Drop,e_liu,1,69
A_real_s1,level_1_1,1,4,0xC71868BB,41.500002,Drop,tie,3,72
A_real_s1,level_1_1,1,4,0xC71868BB,43.500002,Drop,zu,1,73
A_real_s1,level_1_1,1,4,0xC71868BB,160.000008,End,,0,73
A_real_s1,level_1_1,1,5,0x8BE2DA3C,0,Start,,0,45
A_real_s1,level_1_1,1,5,0x8BE2DA3C,4.6,Drop,zu,1,46
A_real_s1,level_1_1,1,5,0x8BE2DA3C,5.333334,Drop,zu,1,47
A_real_s1,level_1_1,1,5,0x8BE2DA3C,6.066667,Drop,zu,1,48
A_real_s1,level_1_1,1,5,0x8BE2DA3C,7,Drop,zu,1,49
A_real_s1,level_1_1,1,5,0x8BE2DA3C,8.066667,Drop,zu,1,50
A_real_s1,level_1_1,1,5,0x8BE2DA3C,8.8,Drop,zu,1,51
A_real_s1,level_1_1,1,5,0x8BE2DA3C,9.700001,Drop,e_liu,1,52
A_real_s1,level_1_1,1,5,0x8BE2DA3C,11.700001,Drop,e_liu,1,53
A_real_s1,level_1_1,1,5,0x8BE2DA3C,13.700001,Drop,e_liu,1,54
A_real_s1,level_1_1,1,5,0x8BE2DA3C,13.700001,Drop,zu,1,55
A_real_s1,level_1_1,1,5,0x8BE2DA3C,15.333334,Drop,e_liu,1,56
A_real_s1,level_1_1,1,5,0x8BE2DA3C,15.700001,Drop,zu,1,57
A_real_s1,level_1_1,1,5,0x8BE2DA3C,15.700001,Drop,zu,1,58
A_real_s1,level_1_1,1,5,0x8BE2DA3C,17.100001,Drop,zu,1,59
A_real_s1,level_1_1,1,5,0x8BE2DA3C,17.700001,Drop,zu,1,60
A_real_s1,level_1_1,1,5,0x8BE2DA3C,18.300001,Drop,zu,1,61
A_real_s1,level_1_1,1,5,0x8BE2DA3C,19.700001,Drop,zu,1,62
A_real_s1,level_1_1,1,5,0x8BE2DA3C,21.100001,Drop,zu,1,63
A_real_s1,level_1_1,1,5,0x8BE2DA3C,22.900001,Drop,e_shan,1,64
A_real_s1,level_1_1,1,5,0x8BE2DA3C,24.900001,Drop,e_shan,1,65
A_real_s1,level_1_1,1,5,0x8BE2DA3C,26.900001,Drop,e_lang,1,66
A_real_s1,level_1_1,1,5,0x8BE2DA3C,28.900002,Drop,e_lang,1,67
A_real_s1,level_1_1,1,5,0x8BE2DA3C,28.900002,Drop,e_lang,1,68
A_real_s1,level_1_1,1,5,0x8BE2DA3C,34.466668,Drop,e_shan,1,69
A_real_s1,level_1_1,1,5,0x8BE2DA3C,34.900002,Drop,zu,1,70
A_real_s1,level_1_1,1,5,0x8BE2DA3C,34.900002,Drop,zu,1,71
A_real_s1,level_1_1,1,5,0x8BE2DA3C,36.900002,Drop,e_liu,1,72
A_real_s1,level_1_1,1,5,0x8BE2DA3C,40.900002,Drop,e_liu,1,73
A_real_s1,level_1_1,1,5,0x8BE2DA3C,42.900002,Drop,tie,3,76
A_real_s1,level_1_1,1,5,0x8BE2DA3C,44.900002,Drop,zu,1,77
A_real_s1,level_1_1,1,5,0x8BE2DA3C,46.900002,Drop,e_liu,1,78
A_real_s1,level_1_1,1,5,0x8BE2DA3C,48.900003,Drop,tie,3,81
A_real_s1,level_1_1,1,5,0x8BE2DA3C,48.900003,Drop,zu,1,82
A_real_s1,level_1_1,1,5,0x8BE2DA3C,50.900003,Drop,zu,1,83
A_real_s1,level_1_1,1,5,0x8BE2DA3C,50.900003,Drop,zu,1,84
A_real_s1,level_1_1,1,5,0x8BE2DA3C,50.933336,Drop,e_liu,1,85
A_real_s1,level_1_1,1,5,0x8BE2DA3C,52.900003,Drop,e_shan,1,86
A_real_s1,level_1_1,1,5,0x8BE2DA3C,56.900003,Drop,e_shan,1,87
A_real_s1,level_1_1,1,5,0x8BE2DA3C,56.900003,Drop,zu,1,88
A_real_s1,level_1_1,1,5,0x8BE2DA3C,57.233336,Drop,zu,1,89
A_real_s1,level_1_1,1,5,0x8BE2DA3C,58.900003,Drop,zqi,3,92
A_real_s1,level_1_1,1,5,0x8BE2DA3C,62.900003,Drop,e_shan,1,93
A_real_s1,level_1_1,1,5,0x8BE2DA3C,72.900004,Drop,e_shan,1,94
A_real_s1,level_1_1,1,5,0x8BE2DA3C,74.900004,Drop,zu,1,95
A_real_s1,level_1_1,1,5,0x8BE2DA3C,76.900004,Drop,zu,1,96
A_real_s1,level_1_1,1,5,0x8BE2DA3C,78.900004,Drop,e_liu,1,97
A_real_s1,level_1_1,1,5,0x8BE2DA3C,78.900004,Drop,e_liu,1,98
A_real_s1,level_1_1,1,5,0x8BE2DA3C,82.900004,Drop,tie,3,101
A_real_s1,level_1_1,1,5,0x8BE2DA3C,84.900004,Drop,tie,3,104
A_real_s1,level_1_1,1,5,0x8BE2DA3C,84.900004,Drop,bld_cheng,20,124
A_real_s1,level_1_1,1,5,0x8BE2DA3C,84.900004,End,,0,124
A_real_s1,level_1_1,1,6,0xC4037FAE,0,Start,,0,45
A_real_s1,level_1_1,1,6,0xC4037FAE,4.833334,Drop,zu,1,46
A_real_s1,level_1_1,1,6,0xC4037FAE,6.8,Drop,zu,1,47
A_real_s1,level_1_1,1,6,0xC4037FAE,7.533334,Drop,zu,1,48
A_real_s1,level_1_1,1,6,0xC4037FAE,8,Drop,zu,1,49
A_real_s1,level_1_1,1,6,0xC4037FAE,8.266667,Drop,zu,1,50
A_real_s1,level_1_1,1,6,0xC4037FAE,8.433334,Drop,zu,1,51
A_real_s1,level_1_1,1,6,0xC4037FAE,10.000001,Drop,e_liu,1,52
A_real_s1,level_1_1,1,6,0xC4037FAE,12.000001,Drop,e_liu,1,53
A_real_s1,level_1_1,1,6,0xC4037FAE,12.100001,Drop,e_liu,1,54
A_real_s1,level_1_1,1,6,0xC4037FAE,14.000001,Drop,e_liu,1,55
A_real_s1,level_1_1,1,6,0xC4037FAE,14.300001,Drop,zu,1,56
A_real_s1,level_1_1,1,6,0xC4037FAE,14.333334,Drop,zu,1,57
A_real_s1,level_1_1,1,6,0xC4037FAE,15.033334,Drop,zu,1,58
A_real_s1,level_1_1,1,6,0xC4037FAE,16.366668,Drop,zu,1,59
A_real_s1,level_1_1,1,6,0xC4037FAE,17.533334,Drop,zu,1,60
A_real_s1,level_1_1,1,6,0xC4037FAE,18.166668,Drop,zu,1,61
A_real_s1,level_1_1,1,6,0xC4037FAE,19.566668,Drop,zu,1,62
A_real_s1,level_1_1,1,6,0xC4037FAE,21.166668,Drop,zu,1,63
A_real_s1,level_1_1,1,6,0xC4037FAE,24.366668,Drop,e_shan,1,64
A_real_s1,level_1_1,1,6,0xC4037FAE,26.366668,Drop,e_shan,1,65
A_real_s1,level_1_1,1,6,0xC4037FAE,26.366668,Drop,e_lang,1,66
A_real_s1,level_1_1,1,6,0xC4037FAE,29.600002,Drop,e_shan,1,67
A_real_s1,level_1_1,1,6,0xC4037FAE,30.366668,Drop,e_lang,1,68
A_real_s1,level_1_1,1,6,0xC4037FAE,33.400002,Drop,e_lang,1,69
A_real_s1,level_1_1,1,6,0xC4037FAE,35.033335,Drop,zu,1,70
A_real_s1,level_1_1,1,6,0xC4037FAE,35.900002,Drop,zu,1,71
A_real_s1,level_1_1,1,6,0xC4037FAE,37.300002,Drop,e_liu,1,72
A_real_s1,level_1_1,1,6,0xC4037FAE,39.266669,Drop,e_liu,1,73
A_real_s1,level_1_1,1,6,0xC4037FAE,40.400002,Drop,tie,3,76
A_real_s1,level_1_1,1,6,0xC4037FAE,42.400002,Drop,tie,3,79
A_real_s1,level_1_1,1,6,0xC4037FAE,44.000002,Drop,zu,1,80
A_real_s1,level_1_1,1,6,0xC4037FAE,44.400002,Drop,zu,1,81
A_real_s1,level_1_1,1,6,0xC4037FAE,46.400002,Drop,e_liu,1,82
A_real_s1,level_1_1,1,6,0xC4037FAE,48.400003,Drop,e_liu,1,83
A_real_s1,level_1_1,1,6,0xC4037FAE,50.300003,Drop,zu,1,84
A_real_s1,level_1_1,1,6,0xC4037FAE,50.400003,Drop,zu,1,85
A_real_s1,level_1_1,1,6,0xC4037FAE,54.400003,Drop,e_shan,1,86
A_real_s1,level_1_1,1,6,0xC4037FAE,56.400003,Drop,zu,1,87
A_real_s1,level_1_1,1,6,0xC4037FAE,57.800003,Drop,zu,1,88
A_real_s1,level_1_1,1,6,0xC4037FAE,60.400003,Drop,zqi,3,91
A_real_s1,level_1_1,1,6,0xC4037FAE,62.400003,Drop,e_shan,1,92
A_real_s1,level_1_1,1,6,0xC4037FAE,64.400003,Drop,e_shan,1,93
A_real_s1,level_1_1,1,6,0xC4037FAE,65.000003,Drop,e_shan,1,94
A_real_s1,level_1_1,1,6,0xC4037FAE,70.700004,Drop,e_lang,1,95
A_real_s1,level_1_1,1,6,0xC4037FAE,76.400004,Drop,zu,1,96
A_real_s1,level_1_1,1,6,0xC4037FAE,76.400004,Drop,bld_cheng,20,116
A_real_s1,level_1_1,1,6,0xC4037FAE,76.400004,End,,0,116
A_real_s1,level_1_1,1,7,0xD52BA0F5,0,Start,,0,45
A_real_s1,level_1_1,1,7,0xD52BA0F5,4.766667,Drop,zu,1,46
A_real_s1,level_1_1,1,7,0xD52BA0F5,5.5,Drop,zu,1,47
A_real_s1,level_1_1,1,7,0xD52BA0F5,6.233334,Drop,zu,1,48
A_real_s1,level_1_1,1,7,0xD52BA0F5,7.5,Drop,zu,1,49
A_real_s1,level_1_1,1,7,0xD52BA0F5,8.766667,Drop,zu,1,50
A_real_s1,level_1_1,1,7,0xD52BA0F5,9,Drop,zu,1,51
A_real_s1,level_1_1,1,7,0xD52BA0F5,11.366667,Drop,e_liu,1,52
A_real_s1,level_1_1,1,7,0xD52BA0F5,13.600001,Drop,e_liu,1,53
A_real_s1,level_1_1,1,7,0xD52BA0F5,15.366667,Drop,zu,1,54
A_real_s1,level_1_1,1,7,0xD52BA0F5,17.366668,Drop,zu,1,55
A_real_s1,level_1_1,1,7,0xD52BA0F5,19.366668,Drop,zu,1,56
A_real_s1,level_1_1,1,7,0xD52BA0F5,19.600001,Drop,e_liu,1,57
A_real_s1,level_1_1,1,7,0xD52BA0F5,21.266668,Drop,zu,1,58
A_real_s1,level_1_1,1,7,0xD52BA0F5,21.366668,Drop,zu,1,59
A_real_s1,level_1_1,1,7,0xD52BA0F5,21.366668,Drop,e_liu,1,60
A_real_s1,level_1_1,1,7,0xD52BA0F5,22.466668,Drop,zu,1,61
A_real_s1,level_1_1,1,7,0xD52BA0F5,23.366668,Drop,zu,1,62
A_real_s1,level_1_1,1,7,0xD52BA0F5,23.366668,Drop,zu,1,63
A_real_s1,level_1_1,1,7,0xD52BA0F5,25.366668,Drop,e_shan,1,64
A_real_s1,level_1_1,1,7,0xD52BA0F5,27.366668,Drop,e_shan,1,65
A_real_s1,level_1_1,1,7,0xD52BA0F5,27.366668,Drop,e_lang,1,66
A_real_s1,level_1_1,1,7,0xD52BA0F5,28.633335,Drop,e_shan,1,67
A_real_s1,level_1_1,1,7,0xD52BA0F5,28.933335,Drop,e_lang,1,68
A_real_s1,level_1_1,1,7,0xD52BA0F5,29.366668,Drop,e_lang,1,69
A_real_s1,level_1_1,1,7,0xD52BA0F5,33.600002,Drop,zu,1,70
A_real_s1,level_1_1,1,7,0xD52BA0F5,35.100002,Drop,zu,1,71
A_real_s1,level_1_1,1,7,0xD52BA0F5,36.700002,Drop,e_liu,1,72
A_real_s1,level_1_1,1,7,0xD52BA0F5,38.700002,Drop,e_liu,1,73
A_real_s1,level_1_1,1,7,0xD52BA0F5,40.700002,Drop,tie,3,76
A_real_s1,level_1_1,1,7,0xD52BA0F5,43.033336,Drop,zu,1,77
A_real_s1,level_1_1,1,7,0xD52BA0F5,44.766669,Drop,zu,1,78
A_real_s1,level_1_1,1,7,0xD52BA0F5,46.100002,Drop,e_liu,1,79
A_real_s1,level_1_1,1,7,0xD52BA0F5,48.100003,Drop,tie,3,82
A_real_s1,level_1_1,1,7,0xD52BA0F5,50.100003,Drop,zu,1,83
A_real_s1,level_1_1,1,7,0xD52BA0F5,50.200003,Drop,e_liu,1,84
A_real_s1,level_1_1,1,7,0xD52BA0F5,50.833336,Drop,zu,1,85
A_real_s1,level_1_1,1,7,0xD52BA0F5,54.100003,Drop,e_shan,1,86
A_real_s1,level_1_1,1,7,0xD52BA0F5,56.100003,Drop,e_shan,1,87
A_real_s1,level_1_1,1,7,0xD52BA0F5,56.100003,Drop,zu,1,88
A_real_s1,level_1_1,1,7,0xD52BA0F5,57.033336,Drop,zu,1,89
A_real_s1,level_1_1,1,7,0xD52BA0F5,62.100003,Drop,zqi,3,92
A_real_s1,level_1_1,1,7,0xD52BA0F5,64.100003,Drop,e_shan,1,93
A_real_s1,level_1_1,1,7,0xD52BA0F5,66.100003,Drop,e_lang,1,94
A_real_s1,level_1_1,1,7,0xD52BA0F5,66.56667,Drop,e_shan,1,95
A_real_s1,level_1_1,1,7,0xD52BA0F5,75.500004,Drop,zu,1,96
A_real_s1,level_1_1,1,7,0xD52BA0F5,75.600004,Drop,zu,1,97
A_real_s1,level_1_1,1,7,0xD52BA0F5,76.100004,Drop,bld_cheng,20,117
A_real_s1,level_1_1,1,7,0xD52BA0F5,76.100004,End,,0,117
A_real_s1,level_1_1,1,8,0x879F5D8F,0,Start,,0,45
A_real_s1,level_1_1,1,8,0x879F5D8F,4.8,Drop,zu,1,46
A_real_s1,level_1_1,1,8,0x879F5D8F,5.533334,Drop,zu,1,47
A_real_s1,level_1_1,1,8,0x879F5D8F,6.266667,Drop,zu,1,48
A_real_s1,level_1_1,1,8,0x879F5D8F,7.333334,Drop,zu,1,49
A_real_s1,level_1_1,1,8,0x879F5D8F,8.066667,Drop,zu,1,50
A_real_s1,level_1_1,1,8,0x879F5D8F,8.766667,Drop,zu,1,51
A_real_s1,level_1_1,1,8,0x879F5D8F,9.766667,Drop,e_liu,1,52
A_real_s1,level_1_1,1,8,0x879F5D8F,11.766667,Drop,e_liu,1,53
A_real_s1,level_1_1,1,8,0x879F5D8F,11.766667,Drop,e_liu,1,54
A_real_s1,level_1_1,1,8,0x879F5D8F,13.766667,Drop,e_liu,1,55
A_real_s1,level_1_1,1,8,0x879F5D8F,13.966667,Drop,zu,1,56
A_real_s1,level_1_1,1,8,0x879F5D8F,15.166667,Drop,zu,1,57
A_real_s1,level_1_1,1,8,0x879F5D8F,15.766667,Drop,zu,1,58
A_real_s1,level_1_1,1,8,0x879F5D8F,17.066668,Drop,zu,1,59
A_real_s1,level_1_1,1,8,0x879F5D8F,17.766668,Drop,zu,1,60
A_real_s1,level_1_1,1,8,0x879F5D8F,17.766668,Drop,zu,1,61
A_real_s1,level_1_1,1,8,0x879F5D8F,19.766668,Drop,zu,1,62
A_real_s1,level_1_1,1,8,0x879F5D8F,21.200001,Drop,zu,1,63
A_real_s1,level_1_1,1,8,0x879F5D8F,23.000001,Drop,e_shan,1,64
A_real_s1,level_1_1,1,8,0x879F5D8F,25.000001,Drop,e_shan,1,65
A_real_s1,level_1_1,1,8,0x879F5D8F,27.000001,Drop,e_shan,1,66
A_real_s1,level_1_1,1,8,0x879F5D8F,27.000001,Drop,e_lang,1,67
A_real_s1,level_1_1,1,8,0x879F5D8F,27.800001,Drop,e_lang,1,68
A_real_s1,level_1_1,1,8,0x879F5D8F,28.533335,Drop,e_lang,1,69
A_real_s1,level_1_1,1,8,0x879F5D8F,33.500002,Drop,zu,1,70
A_real_s1,level_1_1,1,8,0x879F5D8F,35.133335,Drop,zu,1,71
A_real_s1,level_1_1,1,8,0x879F5D8F,38.700002,Drop,e_liu,1,72
A_real_s1,level_1_1,1,8,0x879F5D8F,38.700002,Drop,e_liu,1,73
A_real_s1,level_1_1,1,8,0x879F5D8F,40.700002,Drop,tie,3,76
A_real_s1,level_1_1,1,8,0x879F5D8F,42.700002,Drop,tie,3,79
A_real_s1,level_1_1,1,8,0x879F5D8F,44.100002,Drop,zu,1,80
A_real_s1,level_1_1,1,8,0x879F5D8F,45.300002,Drop,zu,1,81
A_real_s1,level_1_1,1,8,0x879F5D8F,46.233336,Drop,e_liu,1,82
A_real_s1,level_1_1,1,8,0x879F5D8F,48.233336,Drop,e_liu,1,83
A_real_s1,level_1_1,1,8,0x879F5D8F,50.233336,Drop,zu,1,84
A_real_s1,level_1_1,1,8,0x879F5D8F,50.966669,Drop,zu,1,85
A_real_s1,level_1_1,1,8,0x879F5D8F,52.566669,Drop,e_shan,1,86
A_real_s1,level_1_1,1,8,0x879F5D8F,54.56667,Drop,e_shan,1,87
A_real_s1,level_1_1,1,8,0x879F5D8F,56.56667,Drop,zu,1,88
A_real_s1,level_1_1,1,8,0x879F5D8F,57.200003,Drop,zu,1,89
A_real_s1,level_1_1,1,8,0x879F5D8F,62.56667,Drop,e_shan,1,90
A_real_s1,level_1_1,1,8,0x879F5D8F,72.56667,Drop,e_shan,1,91
A_real_s1,level_1_1,1,8,0x879F5D8F,76.566671,Drop,zu,1,92
A_real_s1,level_1_1,1,8,0x879F5D8F,78.566671,Drop,bld_cheng,20,112
A_real_s1,level_1_1,1,8,0x879F5D8F,78.566671,End,,0,112
A_real_s1,level_1_1,1,9,0xE9FFF898,0,Start,,0,45
A_real_s1,level_1_1,1,9,0xE9FFF898,5.1,Drop,zu,1,46
A_real_s1,level_1_1,1,9,0xE9FFF898,5.833334,Drop,zu,1,47
A_real_s1,level_1_1,1,9,0xE9FFF898,7.533334,Drop,zu,1,48
A_real_s1,level_1_1,1,9,0xE9FFF898,8,Drop,zu,1,49
A_real_s1,level_1_1,1,9,0xE9FFF898,8.266667,Drop,zu,1,50
A_real_s1,level_1_1,1,9,0xE9FFF898,8.366667,Drop,zu,1,51
A_real_s1,level_1_1,1,9,0xE9FFF898,10.000001,Drop,e_liu,1,52
A_real_s1,level_1_1,1,9,0xE9FFF898,11.966667,Drop,e_liu,1,53
A_real_s1,level_1_1,1,9,0xE9FFF898,12.000001,Drop,e_liu,1,54
A_real_s1,level_1_1,1,9,0xE9FFF898,14.000001,Drop,e_liu,1,55
A_real_s1,level_1_1,1,9,0xE9FFF898,14.166667,Drop,zu,1,56
A_real_s1,level_1_1,1,9,0xE9FFF898,14.333334,Drop,zu,1,57
A_real_s1,level_1_1,1,9,0xE9FFF898,14.900001,Drop,zu,1,58
A_real_s1,level_1_1,1,9,0xE9FFF898,16.333334,Drop,zu,1,59
A_real_s1,level_1_1,1,9,0xE9FFF898,17.600001,Drop,zu,1,60
A_real_s1,level_1_1,1,9,0xE9FFF898,18.333334,Drop,zu,1,61
A_real_s1,level_1_1,1,9,0xE9FFF898,19.533334,Drop,zu,1,62
A_real_s1,level_1_1,1,9,0xE9FFF898,21.000001,Drop,zu,1,63
A_real_s1,level_1_1,1,9,0xE9FFF898,24.233335,Drop,e_shan,1,64
A_real_s1,level_1_1,1,9,0xE9FFF898,26.233335,Drop,e_shan,1,65
A_real_s1,level_1_1,1,9,0xE9FFF898,28.233335,Drop,e_shan,1,66
A_real_s1,level_1_1,1,9,0xE9FFF898,28.233335,Drop,e_lang,1,67
A_real_s1,level_1_1,1,9,0xE9FFF898,30.233335,Drop,e_lang,1,68
A_real_s1,level_1_1,1,9,0xE9FFF898,30.233335,Drop,e_lang,1,69
A_real_s1,level_1_1,1,9,0xE9FFF898,33.466668,Drop,zu,1,70
A_real_s1,level_1_1,1,9,0xE9FFF898,34.933335,Drop,zu,1,71
A_real_s1,level_1_1,1,9,0xE9FFF898,37.533335,Drop,e_liu,1,72
A_real_s1,level_1_1,1,9,0xE9FFF898,38.833335,Drop,e_liu,1,73
A_real_s1,level_1_1,1,9,0xE9FFF898,41.533335,Drop,tie,3,76
A_real_s1,level_1_1,1,9,0xE9FFF898,43.533336,Drop,tie,3,79
A_real_s1,level_1_1,1,9,0xE9FFF898,43.533336,Drop,zu,1,80
A_real_s1,level_1_1,1,9,0xE9FFF898,44.666669,Drop,zu,1,81
A_real_s1,level_1_1,1,9,0xE9FFF898,47.533336,Drop,e_liu,1,82
A_real_s1,level_1_1,1,9,0xE9FFF898,47.533336,Drop,e_liu,1,83
A_real_s1,level_1_1,1,9,0xE9FFF898,49.533336,Drop,zu,1,84
A_real_s1,level_1_1,1,9,0xE9FFF898,50.866669,Drop,zu,1,85
A_real_s1,level_1_1,1,9,0xE9FFF898,53.533336,Drop,e_shan,1,86
A_real_s1,level_1_1,1,9,0xE9FFF898,55.533336,Drop,zu,1,87
A_real_s1,level_1_1,1,9,0xE9FFF898,57.533336,Drop,e_shan,1,88
A_real_s1,level_1_1,1,9,0xE9FFF898,57.533336,Drop,zu,1,89
A_real_s1,level_1_1,1,9,0xE9FFF898,59.533336,Drop,zqi,3,92
A_real_s1,level_1_1,1,9,0xE9FFF898,63.533337,Drop,e_shan,1,93
A_real_s1,level_1_1,1,9,0xE9FFF898,65.533337,Drop,e_lang,1,94
A_real_s1,level_1_1,1,9,0xE9FFF898,67.533337,Drop,e_shan,1,95
A_real_s1,level_1_1,1,9,0xE9FFF898,75.533337,Drop,zu,1,96
A_real_s1,level_1_1,1,9,0xE9FFF898,76.800004,Drop,zu,1,97
A_real_s1,level_1_1,1,9,0xE9FFF898,77.533337,Drop,bld_cheng,20,117
A_real_s1,level_1_1,1,9,0xE9FFF898,77.533337,End,,0,117
A_real_s1,level_1_1,1,10,0xCB728E2E,0,Start,,0,45
A_real_s1,level_1_1,1,10,0xCB728E2E,4.766667,Drop,zu,1,46
A_real_s1,level_1_1,1,10,0xCB728E2E,5.5,Drop,zu,1,47
A_real_s1,level_1_1,1,10,0xCB728E2E,7.166667,Drop,zu,1,48
A_real_s1,level_1_1,1,10,0xCB728E2E,7.9,Drop,zu,1,49
A_real_s1,level_1_1,1,10,0xCB728E2E,8.033334,Drop,zu,1,50
A_real_s1,level_1_1,1,10,0xCB728E2E,8.633334,Drop,zu,1,51
A_real_s1,level_1_1,1,10,0xCB728E2E,10.033334,Drop,e_liu,1,52
A_real_s1,level_1_1,1,10,0xCB728E2E,12.033334,Drop,e_liu,1,53
A_real_s1,level_1_1,1,10,0xCB728E2E,13.466667,Drop,e_liu,1,54
A_real_s1,level_1_1,1,10,0xCB728E2E,13.800001,Drop,zu,1,55
A_real_s1,level_1_1,1,10,0xCB728E2E,14.033334,Drop,e_liu,1,56
A_real_s1,level_1_1,1,10,0xCB728E2E,14.533334,Drop,zu,1,57
A_real_s1,level_1_1,1,10,0xCB728E2E,15.266667,Drop,zu,1,58
A_real_s1,level_1_1,1,10,0xCB728E2E,16.533334,Drop,zu,1,59
A_real_s1,level_1_1,1,10,0xCB728E2E,17.533334,Drop,zu,1,60
A_real_s1,level_1_1,1,10,0xCB728E2E,18.200001,Drop,zu,1,61
A_real_s1,level_1_1,1,10,0xCB728E2E,19.433334,Drop,zu,1,62
A_real_s1,level_1_1,1,10,0xCB728E2E,21.133334,Drop,zu,1,63
A_real_s1,level_1_1,1,10,0xCB728E2E,24.466668,Drop,e_shan,1,64
A_real_s1,level_1_1,1,10,0xCB728E2E,25.866668,Drop,e_shan,1,65
A_real_s1,level_1_1,1,10,0xCB728E2E,26.466668,Drop,e_lang,1,66
A_real_s1,level_1_1,1,10,0xCB728E2E,28.466668,Drop,e_lang,1,67
A_real_s1,level_1_1,1,10,0xCB728E2E,30.466668,Drop,e_lang,1,68
A_real_s1,level_1_1,1,10,0xCB728E2E,34.466668,Drop,e_shan,1,69
A_real_s1,level_1_1,1,10,0xCB728E2E,34.466668,Drop,zu,1,70
A_real_s1,level_1_1,1,10,0xCB728E2E,35.166669,Drop,zu,1,71
A_real_s1,level_1_1,1,10,0xCB728E2E,38.466669,Drop,e_liu,1,72
A_real_s1,level_1_1,1,10,0xCB728E2E,38.766669,Drop,e_liu,1,73
A_real_s1,level_1_1,1,10,0xCB728E2E,40.466669,Drop,tie,3,76
A_real_s1,level_1_1,1,10,0xCB728E2E,44.466669,Drop,zu,1,77
A_real_s1,level_1_1,1,10,0xCB728E2E,44.466669,Drop,zu,1,78
A_real_s1,level_1_1,1,10,0xCB728E2E,46.466669,Drop,e_liu,1,79
A_real_s1,level_1_1,1,10,0xCB728E2E,48.466669,Drop,e_liu,1,80
A_real_s1,level_1_1,1,10,0xCB728E2E,50.466669,Drop,tie,3,83
A_real_s1,level_1_1,1,10,0xCB728E2E,50.466669,Drop,zu,1,84
A_real_s1,level_1_1,1,10,0xCB728E2E,51.000003,Drop,zu,1,85
A_real_s1,level_1_1,1,10,0xCB728E2E,52.466669,Drop,e_shan,1,86
A_real_s1,level_1_1,1,10,0xCB728E2E,56.46667,Drop,zu,1,87
A_real_s1,level_1_1,1,10,0xCB728E2E,58.46667,Drop,e_shan,1,88
A_real_s1,level_1_1,1,10,0xCB728E2E,58.46667,Drop,zu,1,89
A_real_s1,level_1_1,1,10,0xCB728E2E,60.46667,Drop,zqi,3,92
A_real_s1,level_1_1,1,10,0xCB728E2E,62.46667,Drop,e_shan,1,93
A_real_s1,level_1_1,1,10,0xCB728E2E,72.533337,Drop,e_shan,1,94
A_real_s1,level_1_1,1,10,0xCB728E2E,76.133337,Drop,zu,1,95
A_real_s1,level_1_1,1,10,0xCB728E2E,76.466671,Drop,zu,1,96
A_real_s1,level_1_1,1,10,0xCB728E2E,76.466671,Drop,bld_cheng,20,116
A_real_s1,level_1_1,1,10,0xCB728E2E,76.466671,End,,0,116
A_real_s1,level_1_1,1,11,0xCC576DD5,0,Start,,0,45
A_real_s1,level_1_1,1,11,0xCC576DD5,4.733334,Drop,zu,1,46
A_real_s1,level_1_1,1,11,0xCC576DD5,5.466667,Drop,zu,1,47
A_real_s1,level_1_1,1,11,0xCC576DD5,6.2,Drop,zu,1,48
A_real_s1,level_1_1,1,11,0xCC576DD5,7.666667,Drop,zu,1,49
A_real_s1,level_1_1,1,11,0xCC576DD5,8.4,Drop,zu,1,50
A_real_s1,level_1_1,1,11,0xCC576DD5,9.033334,Drop,zu,1,51
A_real_s1,level_1_1,1,11,0xCC576DD5,11.866667,Drop,e_liu,1,52
A_real_s1,level_1_1,1,11,0xCC576DD5,13.866667,Drop,e_liu,1,53
A_real_s1,level_1_1,1,11,0xCC576DD5,14.200001,Drop,zu,1,54
A_real_s1,level_1_1,1,11,0xCC576DD5,15.400001,Drop,e_liu,1,55
A_real_s1,level_1_1,1,11,0xCC576DD5,15.866667,Drop,zu,1,56
A_real_s1,level_1_1,1,11,0xCC576DD5,16.600001,Drop,zu,1,57
A_real_s1,level_1_1,1,11,0xCC576DD5,17.800001,Drop,zu,1,58
A_real_s1,level_1_1,1,11,0xCC576DD5,17.866668,Drop,zu,1,59
A_real_s1,level_1_1,1,11,0xCC576DD5,19.000001,Drop,zu,1,60
A_real_s1,level_1_1,1,11,0xCC576DD5,19.866668,Drop,zu,1,61
A_real_s1,level_1_1,1,11,0xCC576DD5,19.866668,Drop,e_liu,1,62
A_real_s1,level_1_1,1,11,0xCC576DD5,21.866668,Drop,zu,1,63
A_real_s1,level_1_1,1,11,0xCC576DD5,23.866668,Drop,e_shan,1,64
A_real_s1,level_1_1,1,11,0xCC576DD5,25.866668,Drop,e_shan,1,65
A_real_s1,level_1_1,1,11,0xCC576DD5,27.366668,Drop,e_lang,1,66
A_real_s1,level_1_1,1,11,0xCC576DD5,27.866668,Drop,e_shan,1,67
A_real_s1,level_1_1,1,11,0xCC576DD5,28.133335,Drop,e_lang,1,68
A_real_s1,level_1_1,1,11,0xCC576DD5,28.866668,Drop,e_lang,1,69
A_real_s1,level_1_1,1,11,0xCC576DD5,33.600002,Drop,zu,1,70
A_real_s1,level_1_1,1,11,0xCC576DD5,35.133335,Drop,zu,1,71
A_real_s1,level_1_1,1,11,0xCC576DD5,36.733335,Drop,e_liu,1,72
A_real_s1,level_1_1,1,11,0xCC576DD5,38.733335,Drop,e_liu,1,73
A_real_s1,level_1_1,1,11,0xCC576DD5,40.733335,Drop,tie,3,76
A_real_s1,level_1_1,1,11,0xCC576DD5,42.733336,Drop,tie,3,79
A_real_s1,level_1_1,1,11,0xCC576DD5,44.100002,Drop,zu,1,80
A_real_s1,level_1_1,1,11,0xCC576DD5,44.733336,Drop,zu,1,81
A_real_s1,level_1_1,1,11,0xCC576DD5,46.733336,Drop,e_liu,1,82
A_real_s1,level_1_1,1,11,0xCC576DD5,49.300003,Drop,zu,1,83
A_real_s1,level_1_1,1,11,0xCC576DD5,51.300003,Drop,zu,1,84
A_real_s1,level_1_1,1,11,0xCC576DD5,52.166669,Drop,e_liu,1,85
A_real_s1,level_1_1,1,11,0xCC576DD5,53.300003,Drop,e_shan,1,86
A_real_s1,level_1_1,1,11,0xCC576DD5,55.300003,Drop,e_shan,1,87
A_real_s1,level_1_1,1,11,0xCC576DD5,56.66667,Drop,zu,1,88
A_real_s1,level_1_1,1,11,0xCC576DD5,57.86667,Drop,zu,1,89
A_real_s1,level_1_1,1,11,0xCC576DD5,59.300003,Drop,zqi,3,92
A_real_s1,level_1_1,1,11,0xCC576DD5,63.300003,Drop,e_shan,1,93
A_real_s1,level_1_1,1,11,0xCC576DD5,65.300003,Drop,e_shan,1,94
A_real_s1,level_1_1,1,11,0xCC576DD5,66.000003,Drop,e_lang,1,95
A_real_s1,level_1_1,1,11,0xCC576DD5,75.300004,Drop,zu,1,96
A_real_s1,level_1_1,1,11,0xCC576DD5,76.800004,Drop,zu,1,97
A_real_s1,level_1_1,1,11,0xCC576DD5,77.300004,Drop,bld_cheng,20,117
A_real_s1,level_1_1,1,11,0xCC576DD5,77.300004,End,,0,117
A_real_s1,level_1_1,1,12,0x1C567943,0,Start,,0,45
A_real_s1,level_1_1,1,12,0x1C567943,4.966667,Drop,zu,1,46
A_real_s1,level_1_1,1,12,0x1C567943,5.7,Drop,zu,1,47
A_real_s1,level_1_1,1,12,0x1C567943,7.633334,Drop,zu,1,48
A_real_s1,level_1_1,1,12,0x1C567943,8,Drop,zu,1,49
A_real_s1,level_1_1,1,12,0x1C567943,8.4,Drop,zu,1,50
A_real_s1,level_1_1,1,12,0x1C567943,9.133334,Drop,zu,1,51
A_real_s1,level_1_1,1,12,0x1C567943,12.866667,Drop,zu,1,52
A_real_s1,level_1_1,1,12,0x1C567943,14.866667,Drop,zu,1,53
A_real_s1,level_1_1,1,12,0x1C567943,15.233334,Drop,zu,1,54
A_real_s1,level_1_1,1,12,0x1C567943,16.866668,Drop,zu,1,55
A_real_s1,level_1_1,1,12,0x1C567943,17.666668,Drop,zu,1,56
A_real_s1,level_1_1,1,12,0x1C567943,18.400001,Drop,zu,1,57
A_real_s1,level_1_1,1,12,0x1C567943,19.400001,Drop,zu,1,58
A_real_s1,level_1_1,1,12,0x1C567943,21.000001,Drop,zu,1,59
A_real_s1,level_1_1,1,12,0x1C567943,23.400001,Drop,e_shan,1,60
A_real_s1,level_1_1,1,12,0x1C567943,25.400001,Drop,e_shan,1,61
A_real_s1,level_1_1,1,12,0x1C567943,27.400001,Drop,e_shan,1,62
A_real_s1,level_1_1,1,12,0x1C567943,27.400001,Drop,e_lang,1,63
A_real_s1,level_1_1,1,12,0x1C567943,28.333335,Drop,e_lang,1,64
A_real_s1,level_1_1,1,12,0x1C567943,29.400002,Drop,e_lang,1,65
A_real_s1,level_1_1,1,12,0x1C567943,34.500002,Drop,zu,1,66
A_real_s1,level_1_1,1,12,0x1C567943,34.500002,Drop,zu,1,67
A_real_s1,level_1_1,1,12,0x1C567943,38.500002,Drop,e_liu,1,68
A_real_s1,level_1_1,1,12,0x1C567943,38.500002,Drop,e_liu,1,69
A_real_s1,level_1_1,1,12,0x1C567943,40.500002,Drop,tie,3,72
A_real_s1,level_1_1,1,12,0x1C567943,42.500002,Drop,tie,3,75
A_real_s1,level_1_1,1,12,0x1C567943,44.500002,Drop,zu,1,76
A_real_s1,level_1_1,1,12,0x1C567943,44.500002,Drop,zu,1,77
A_real_s1,level_1_1,1,12,0x1C567943,46.500002,Drop,e_liu,1,78
A_real_s1,level_1_1,1,12,0x1C567943,48.500003,Drop,e_liu,1,79
A_real_s1,level_1_1,1,12,0x1C567943,50.500003,Drop,zu,1,80
A_real_s1,level_1_1,1,12,0x1C567943,52.500003,Drop,zu,1,81
A_real_s1,level_1_1,1,12,0x1C567943,54.500003,Drop,e_shan,1,82
A_real_s1,level_1_1,1,12,0x1C567943,56.500003,Drop,e_shan,1,83
A_real_s1,level_1_1,1,12,0x1C567943,56.500003,Drop,zu,1,84
A_real_s1,level_1_1,1,12,0x1C567943,58.500003,Drop,zu,1,85
A_real_s1,level_1_1,1,12,0x1C567943,60.500003,Drop,zqi,3,88
A_real_s1,level_1_1,1,12,0x1C567943,62.500003,Drop,e_shan,1,89
A_real_s1,level_1_1,1,12,0x1C567943,64.500003,Drop,e_shan,1,90
A_real_s1,level_1_1,1,12,0x1C567943,76.500004,Drop,zu,1,91
A_real_s1,level_1_1,1,12,0x1C567943,76.500004,Drop,bld_cheng,20,111
A_real_s1,level_1_1,1,12,0x1C567943,76.500004,End,,0,111
A_real_s1,level_1_1,1,13,0xBCB06F7C,0,Start,,0,45
A_real_s1,level_1_1,1,13,0xBCB06F7C,4.8,Drop,zu,1,46
A_real_s1,level_1_1,1,13,0xBCB06F7C,5.533334,Drop,zu,1,47
A_real_s1,level_1_1,1,13,0xBCB06F7C,6.266667,Drop,zu,1,48
A_real_s1,level_1_1,1,13,0xBCB06F7C,7.666667,Drop,zu,1,49
A_real_s1,level_1_1,1,13,0xBCB06F7C,8.4,Drop,zu,1,50
A_real_s1,level_1_1,1,13,0xBCB06F7C,9.133334,Drop,zu,1,51
A_real_s1,level_1_1,1,13,0xBCB06F7C,13.666667,Drop,e_liu,1,52
A_real_s1,level_1_1,1,13,0xBCB06F7C,17.200001,Drop,zu,1,53
A_real_s1,level_1_1,1,13,0xBCB06F7C,17.200001,Drop,e_liu,1,54
A_real_s1,level_1_1,1,13,0xBCB06F7C,17.200001,Drop,zu,1,55
A_real_s1,level_1_1,1,13,0xBCB06F7C,17.766668,Drop,e_liu,1,56
A_real_s1,level_1_1,1,13,0xBCB06F7C,19.200001,Drop,zu,1,57
A_real_s1,level_1_1,1,13,0xBCB06F7C,19.200001,Drop,zu,1,58
A_real_s1,level_1_1,1,13,0xBCB06F7C,19.966668,Drop,e_liu,1,59
A_real_s1,level_1_1,1,13,0xBCB06F7C,20.700001,Drop,zu,1,60
A_real_s1,level_1_1,1,13,0xBCB06F7C,21.100001,Drop,zu,1,61
A_real_s1,level_1_1,1,13,0xBCB06F7C,21.200001,Drop,zu,1,62
A_real_s1,level_1_1,1,13,0xBCB06F7C,22.300001,Drop,zu,1,63
A_real_s1,level_1_1,1,13,0xBCB06F7C,23.300001,Drop,e_shan,1,64
A_real_s1,level_1_1,1,13,0xBCB06F7C,25.300001,Drop,e_shan,1,65
A_real_s1,level_1_1,1,13,0xBCB06F7C,27.300001,Drop,e_shan,1,66
A_real_s1,level_1_1,1,13,0xBCB06F7C,27.300001,Drop,e_lang,1,67
A_real_s1,level_1_1,1,13,0xBCB06F7C,27.300001,Drop,e_lang,1,68
A_real_s1,level_1_1,1,13,0xBCB06F7C,29.766668,Drop,e_lang,1,69
A_real_s1,level_1_1,1,13,0xBCB06F7C,33.766668,Drop,zu,1,70
A_real_s1,level_1_1,1,13,0xBCB06F7C,35.133335,Drop,zu,1,71
A_real_s1,level_1_1,1,13,0xBCB06F7C,37.766669,Drop,e_liu,1,72
A_real_s1,level_1_1,1,13,0xBCB06F7C,41.766669,Drop,tie,3,75
A_real_s1,level_1_1,1,13,0xBCB06F7C,43.766669,Drop,tie,3,78
A_real_s1,level_1_1,1,13,0xBCB06F7C,43.766669,Drop,zu,1,79
A_real_s1,level_1_1,1,13,0xBCB06F7C,45.766669,Drop,zu,1,80
A_real_s1,level_1_1,1,13,0xBCB06F7C,46.533336,Drop,e_liu,1,81
A_real_s1,level_1_1,1,13,0xBCB06F7C,47.766669,Drop,e_liu,1,82
A_real_s1,level_1_1,1,13,0xBCB06F7C,47.766669,Drop,e_liu,1,83
A_real_s1,level_1_1,1,13,0xBCB06F7C,49.766669,Drop,zu,1,84
A_real_s1,level_1_1,1,13,0xBCB06F7C,50.866669,Drop,zu,1,85
A_real_s1,level_1_1,1,13,0xBCB06F7C,53.766669,Drop,e_shan,1,86
A_real_s1,level_1_1,1,13,0xBCB06F7C,55.76667,Drop,zu,1,87
A_real_s1,level_1_1,1,13,0xBCB06F7C,57.76667,Drop,zu,1,88
A_real_s1,level_1_1,1,13,0xBCB06F7C,61.76667,Drop,zqi,3,91
A_real_s1,level_1_1,1,13,0xBCB06F7C,63.300003,Drop,e_shan,1,92
A_real_s1,level_1_1,1,13,0xBCB06F7C,63.76667,Drop,e_shan,1,93
A_real_s1,level_1_1,1,13,0xBCB06F7C,65.76667,Drop,e_lang,1,94
A_real_s1,level_1_1,1,13,0xBCB06F7C,71.76667,Drop,e_shan,1,95
A_real_s1,level_1_1,1,13,0xBCB06F7C,75.766671,Drop,zu,1,96
A_real_s1,level_1_1,1,13,0xBCB06F7C,77.766671,Drop,zu,1,97
A_real_s1,level_1_1,1,13,0xBCB06F7C,79.766671,Drop,e_liu,1,98
A_real_s1,level_1_1,1,13,0xBCB06F7C,79.766671,Drop,e_liu,1,99
A_real_s1,level_1_1,1,13,0xBCB06F7C,79.766671,Drop,bld_cheng,20,119
A_real_s1,level_1_1,1,13,0xBCB06F7C,79.766671,End,,0,119
A_real_s1,level_1_1,1,14,0x9AA94DB3,0,Start,,0,45
A_real_s1,level_1_1,1,14,0x9AA94DB3,4.733334,Drop,zu,1,46
A_real_s1,level_1_1,1,14,0x9AA94DB3,6.966667,Drop,zu,1,47
A_real_s1,level_1_1,1,14,0x9AA94DB3,7.7,Drop,zu,1,48
A_real_s1,level_1_1,1,14,0x9AA94DB3,8,Drop,zu,1,49
A_real_s1,level_1_1,1,14,0x9AA94DB3,8.433334,Drop,zu,1,50
A_real_s1,level_1_1,1,14,0x9AA94DB3,9.166667,Drop,zu,1,51
A_real_s1,level_1_1,1,14,0x9AA94DB3,12.900001,Drop,zu,1,52
A_real_s1,level_1_1,1,14,0x9AA94DB3,14.033334,Drop,zu,1,53
A_real_s1,level_1_1,1,14,0x9AA94DB3,14.766667,Drop,zu,1,54
A_real_s1,level_1_1,1,14,0x9AA94DB3,15.966667,Drop,zu,1,55
A_real_s1,level_1_1,1,14,0x9AA94DB3,17.566668,Drop,zu,1,56
A_real_s1,level_1_1,1,14,0x9AA94DB3,17.966668,Drop,zu,1,57
A_real_s1,level_1_1,1,14,0x9AA94DB3,19.966668,Drop,zu,1,58
A_real_s1,level_1_1,1,14,0x9AA94DB3,21.000001,Drop,zu,1,59
A_real_s1,level_1_1,1,14,0x9AA94DB3,23.966668,Drop,e_shan,1,60
A_real_s1,level_1_1,1,14,0x9AA94DB3,25.966668,Drop,e_shan,1,61
A_real_s1,level_1_1,1,14,0x9AA94DB3,27.966668,Drop,e_shan,1,62
A_real_s1,level_1_1,1,14,0x9AA94DB3,27.966668,Drop,e_lang,1,63
A_real_s1,level_1_1,1,14,0x9AA94DB3,28.233335,Drop,e_lang,1,64
A_real_s1,level_1_1,1,14,0x9AA94DB3,29.966668,Drop,e_lang,1,65
A_real_s1,level_1_1,1,14,0x9AA94DB3,33.600002,Drop,zu,1,66
A_real_s1,level_1_1,1,14,0x9AA94DB3,34.966668,Drop,zu,1,67
A_real_s1,level_1_1,1,14,0x9AA94DB3,37.600002,Drop,e_liu,1,68
A_real_s1,level_1_1,1,14,0x9AA94DB3,38.900002,Drop,e_liu,1,69
A_real_s1,level_1_1,1,14,0x9AA94DB3,41.600002,Drop,tie,3,72
A_real_s1,level_1_1,1,14,0x9AA94DB3,43.600002,Drop,zu,1,73
A_real_s1,level_1_1,1,14,0x9AA94DB3,138.366674,End,,0,73
A_real_s1,level_1_1,1,15,0xD0F1F3BC,0,Start,,0,45
A_real_s1,level_1_1,1,15,0xD0F1F3BC,4.933334,Drop,zu,1,46
A_real_s1,level_1_1,1,15,0xD0F1F3BC,7.2,Drop,zu,1,47
A_real_s1,level_1_1,1,15,0xD0F1F3BC,7.933334,Drop,zu,1,48
A_real_s1,level_1_1,1,15,0xD0F1F3BC,8,Drop,zu,1,49
A_real_s1,level_1_1,1,15,0xD0F1F3BC,8.666667,Drop,zu,1,50
A_real_s1,level_1_1,1,15,0xD0F1F3BC,13.966667,Drop,zu,1,51
A_real_s1,level_1_1,1,15,0xD0F1F3BC,17.466668,Drop,zu,1,52
A_real_s1,level_1_1,1,15,0xD0F1F3BC,17.966668,Drop,zu,1,53
A_real_s1,level_1_1,1,15,0xD0F1F3BC,17.966668,Drop,zu,1,54
A_real_s1,level_1_1,1,15,0xD0F1F3BC,17.966668,Drop,zu,1,55
A_real_s1,level_1_1,1,15,0xD0F1F3BC,18.400001,Drop,zu,1,56
A_real_s1,level_1_1,1,15,0xD0F1F3BC,19.866668,Drop,zu,1,57
A_real_s1,level_1_1,1,15,0xD0F1F3BC,19.966668,Drop,e_liu,1,58
A_real_s1,level_1_1,1,15,0xD0F1F3BC,20.600001,Drop,e_liu,1,59
A_real_s1,level_1_1,1,15,0xD0F1F3BC,21.333334,Drop,zu,1,60
A_real_s1,level_1_1,1,15,0xD0F1F3BC,21.966668,Drop,zu,1,61
A_real_s1,level_1_1,1,15,0xD0F1F3BC,23.533335,Drop,e_liu,1,62
A_real_s1,level_1_1,1,15,0xD0F1F3BC,23.966668,Drop,e_liu,1,63
A_real_s1,level_1_1,1,15,0xD0F1F3BC,25.966668,Drop,e_shan,1,64
A_real_s1,level_1_1,1,15,0xD0F1F3BC,27.966668,Drop,e_shan,1,65
A_real_s1,level_1_1,1,15,0xD0F1F3BC,27.966668,Drop,e_lang,1,66
A_real_s1,level_1_1,1,15,0xD0F1F3BC,29.900002,Drop,e_shan,1,67
A_real_s1,level_1_1,1,15,0xD0F1F3BC,29.966668,Drop,e_lang,1,68
A_real_s1,level_1_1,1,15,0xD0F1F3BC,34.500002,Drop,e_lang,1,69
A_real_s1,level_1_1,1,15,0xD0F1F3BC,35.400002,Drop,zu,1,70
A_real_s1,level_1_1,1,15,0xD0F1F3BC,36.233335,Drop,zu,1,71
A_real_s1,level_1_1,1,15,0xD0F1F3BC,42.600002,Drop,e_liu,1,72
A_real_s1,level_1_1,1,15,0xD0F1F3BC,44.166669,Drop,tie,3,75
A_real_s1,level_1_1,1,15,0xD0F1F3BC,46.166669,Drop,e_liu,1,76
A_real_s1,level_1_1,1,15,0xD0F1F3BC,48.166669,Drop,e_liu,1,77
A_real_s1,level_1_1,1,15,0xD0F1F3BC,50.166669,Drop,tie,3,80
A_real_s1,level_1_1,1,15,0xD0F1F3BC,50.500003,Drop,zu,1,81
A_real_s1,level_1_1,1,15,0xD0F1F3BC,51.700003,Drop,zu,1,82
A_real_s1,level_1_1,1,15,0xD0F1F3BC,52.166669,Drop,e_liu,1,83
A_real_s1,level_1_1,1,15,0xD0F1F3BC,52.900003,Drop,zu,1,84
A_real_s1,level_1_1,1,15,0xD0F1F3BC,54.100003,Drop,zu,1,85
A_real_s1,level_1_1,1,15,0xD0F1F3BC,54.166669,Drop,e_shan,1,86
A_real_s1,level_1_1,1,15,0xD0F1F3BC,56.16667,Drop,e_shan,1,87
A_real_s1,level_1_1,1,15,0xD0F1F3BC,56.700003,Drop,zu,1,88
A_real_s1,level_1_1,1,15,0xD0F1F3BC,57.900003,Drop,zu,1,89
A_real_s1,level_1_1,1,15,0xD0F1F3BC,59.000003,Drop,zqi,3,92
A_real_s1,level_1_1,1,15,0xD0F1F3BC,62.033337,Drop,e_shan,1,93
A_real_s1,level_1_1,1,15,0xD0F1F3BC,72.100004,Drop,e_shan,1,94
A_real_s1,level_1_1,1,15,0xD0F1F3BC,76.100004,Drop,zu,1,95
A_real_s1,level_1_1,1,15,0xD0F1F3BC,76.100004,Drop,zu,1,96
A_real_s1,level_1_1,1,15,0xD0F1F3BC,78.100004,Drop,bld_cheng,20,116
A_real_s1,level_1_1,1,15,0xD0F1F3BC,78.100004,End,,0,116
A_real_s1,level_1_1,1,16,0x3E469B1F,0,Start,,0,45
A_real_s1,level_1_1,1,16,0x3E469B1F,4.766667,Drop,zu,1,46
A_real_s1,level_1_1,1,16,0x3E469B1F,5.5,Drop,zu,1,47
A_real_s1,level_1_1,1,16,0x3E469B1F,6.233334,Drop,zu,1,48
A_real_s1,level_1_1,1,16,0x3E469B1F,7.6,Drop,zu,1,49
A_real_s1,level_1_1,1,16,0x3E469B1F,8.333334,Drop,zu,1,50
A_real_s1,level_1_1,1,16,0x3E469B1F,8.7,Drop,zu,1,51
A_real_s1,level_1_1,1,16,0x3E469B1F,10.700001,Drop,e_liu,1,52
A_real_s1,level_1_1,1,16,0x3E469B1F,12.700001,Drop,e_liu,1,53
A_real_s1,level_1_1,1,16,0x3E469B1F,14.700001,Drop,zu,1,54
A_real_s1,level_1_1,1,16,0x3E469B1F,15.933334,Drop,zu,1,55
A_real_s1,level_1_1,1,16,0x3E469B1F,16.700001,Drop,e_liu,1,56
A_real_s1,level_1_1,1,16,0x3E469B1F,18.333334,Drop,zu,1,57
A_real_s1,level_1_1,1,16,0x3E469B1F,18.700001,Drop,e_liu,1,58
A_real_s1,level_1_1,1,16,0x3E469B1F,19.533334,Drop,zu,1,59
A_real_s1,level_1_1,1,16,0x3E469B1F,20.700001,Drop,zu,1,60
A_real_s1,level_1_1,1,16,0x3E469B1F,20.933334,Drop,zu,1,61
A_real_s1,level_1_1,1,16,0x3E469B1F,22.133334,Drop,zu,1,62
A_real_s1,level_1_1,1,16,0x3E469B1F,22.700001,Drop,zu,1,63
A_real_s1,level_1_1,1,16,0x3E469B1F,24.700001,Drop,e_shan,1,64
A_real_s1,level_1_1,1,16,0x3E469B1F,26.700001,Drop,e_shan,1,65
A_real_s1,level_1_1,1,16,0x3E469B1F,26.700001,Drop,e_lang,1,66
A_real_s1,level_1_1,1,16,0x3E469B1F,27.900001,Drop,e_lang,1,67
A_real_s1,level_1_1,1,16,0x3E469B1F,28.633335,Drop,e_lang,1,68
A_real_s1,level_1_1,1,16,0x3E469B1F,28.700001,Drop,e_shan,1,69
A_real_s1,level_1_1,1,16,0x3E469B1F,33.533335,Drop,zu,1,70
A_real_s1,level_1_1,1,16,0x3E469B1F,35.033335,Drop,zu,1,71
A_real_s1,level_1_1,1,16,0x3E469B1F,36.633335,Drop,e_liu,1,72
A_real_s1,level_1_1,1,16,0x3E469B1F,38.633335,Drop,e_liu,1,73
A_real_s1,level_1_1,1,16,0x3E469B1F,40.633335,Drop,tie,3,76
A_real_s1,level_1_1,1,16,0x3E469B1F,42.633336,Drop,tie,3,79
A_real_s1,level_1_1,1,16,0x3E469B1F,44.066669,Drop,zu,1,80
A_real_s1,level_1_1,1,16,0x3E469B1F,44.633336,Drop,zu,1,81
A_real_s1,level_1_1,1,16,0x3E469B1F,46.633336,Drop,e_liu,1,82
A_real_s1,level_1_1,1,16,0x3E469B1F,48.633336,Drop,e_liu,1,83
A_real_s1,level_1_1,1,16,0x3E469B1F,50.433336,Drop,zu,1,84
A_real_s1,level_1_1,1,16,0x3E469B1F,50.633336,Drop,zu,1,85
A_real_s1,level_1_1,1,16,0x3E469B1F,52.633336,Drop,e_shan,1,86
A_real_s1,level_1_1,1,16,0x3E469B1F,55.700003,Drop,zu,1,87
A_real_s1,level_1_1,1,16,0x3E469B1F,57.700003,Drop,e_shan,1,88
A_real_s1,level_1_1,1,16,0x3E469B1F,57.700003,Drop,zu,1,89
A_real_s1,level_1_1,1,16,0x3E469B1F,60.033336,Drop,zqi,3,92
A_real_s1,level_1_1,1,16,0x3E469B1F,62.033337,Drop,e_shan,1,93
A_real_s1,level_1_1,1,16,0x3E469B1F,66.100003,Drop,e_lang,1,94
A_real_s1,level_1_1,1,16,0x3E469B1F,72.533337,Drop,e_shan,1,95
A_real_s1,level_1_1,1,16,0x3E469B1F,75.233337,Drop,zu,1,96
A_real_s1,level_1_1,1,16,0x3E469B1F,75.533337,Drop,zu,1,97
A_real_s1,level_1_1,1,16,0x3E469B1F,77.000004,Drop,bld_cheng,20,117
A_real_s1,level_1_1,1,16,0x3E469B1F,77.000004,End,,0,117
A_real_s1,level_1_1,1,17,0x4984BC2D,0,Start,,0,45
A_real_s1,level_1_1,1,17,0x4984BC2D,4.633334,Drop,zu,1,46
A_real_s1,level_1_1,1,17,0x4984BC2D,5.366667,Drop,zu,1,47
A_real_s1,level_1_1,1,17,0x4984BC2D,6.1,Drop,zu,1,48
A_real_s1,level_1_1,1,17,0x4984BC2D,7.333334,Drop,zu,1,49
A_real_s1,level_1_1,1,17,0x4984BC2D,8.066667,Drop,zu,1,50
A_real_s1,level_1_1,1,17,0x4984BC2D,8.9,Drop,zu,1,51
A_real_s1,level_1_1,1,17,0x4984BC2D,9.700001,Drop,e_liu,1,52
A_real_s1,level_1_1,1,17,0x4984BC2D,11.700001,Drop,e_liu,1,53
A_real_s1,level_1_1,1,17,0x4984BC2D,11.700001,Drop,e_liu,1,54
A_real_s1,level_1_1,1,17,0x4984BC2D,13.700001,Drop,e_liu,1,55
A_real_s1,level_1_1,1,17,0x4984BC2D,14.866667,Drop,zu,1,56
A_real_s1,level_1_1,1,17,0x4984BC2D,15.700001,Drop,zu,1,57
A_real_s1,level_1_1,1,17,0x4984BC2D,15.700001,Drop,zu,1,58
A_real_s1,level_1_1,1,17,0x4984BC2D,17.133334,Drop,zu,1,59
A_real_s1,level_1_1,1,17,0x4984BC2D,17.700001,Drop,zu,1,60
A_real_s1,level_1_1,1,17,0x4984BC2D,18.333334,Drop,zu,1,61
A_real_s1,level_1_1,1,17,0x4984BC2D,19.700001,Drop,zu,1,62
A_real_s1,level_1_1,1,17,0x4984BC2D,21.100001,Drop,zu,1,63
A_real_s1,level_1_1,1,17,0x4984BC2D,22.900001,Drop,e_shan,1,64
A_real_s1,level_1_1,1,17,0x4984BC2D,24.900001,Drop,e_shan,1,65
A_real_s1,level_1_1,1,17,0x4984BC2D,26.900001,Drop,e_shan,1,66
A_real_s1,level_1_1,1,17,0x4984BC2D,27.333335,Drop,e_lang,1,67
A_real_s1,level_1_1,1,17,0x4984BC2D,28.066668,Drop,e_lang,1,68
A_real_s1,level_1_1,1,17,0x4984BC2D,28.800002,Drop,e_lang,1,69
A_real_s1,level_1_1,1,17,0x4984BC2D,33.466668,Drop,zu,1,70
A_real_s1,level_1_1,1,17,0x4984BC2D,35.033335,Drop,zu,1,71
A_real_s1,level_1_1,1,17,0x4984BC2D,36.633335,Drop,e_liu,1,72
A_real_s1,level_1_1,1,17,0x4984BC2D,38.633335,Drop,e_liu,1,73
A_real_s1,level_1_1,1,17,0x4984BC2D,40.633335,Drop,tie,3,76
A_real_s1,level_1_1,1,17,0x4984BC2D,42.633336,Drop,tie,3,79
A_real_s1,level_1_1,1,17,0x4984BC2D,44.066669,Drop,zu,1,80
A_real_s1,level_1_1,1,17,0x4984BC2D,44.633336,Drop,zu,1,81
A_real_s1,level_1_1,1,17,0x4984BC2D,46.633336,Drop,e_liu,1,82
A_real_s1,level_1_1,1,17,0x4984BC2D,49.366669,Drop,zu,1,83
A_real_s1,level_1_1,1,17,0x4984BC2D,51.200003,Drop,zu,1,84
A_real_s1,level_1_1,1,17,0x4984BC2D,51.366669,Drop,e_liu,1,85
A_real_s1,level_1_1,1,17,0x4984BC2D,53.366669,Drop,e_shan,1,86
A_real_s1,level_1_1,1,17,0x4984BC2D,57.133336,Drop,zu,1,87
A_real_s1,level_1_1,1,17,0x4984BC2D,57.36667,Drop,zu,1,88
A_real_s1,level_1_1,1,17,0x4984BC2D,59.36667,Drop,zqi,3,91
A_real_s1,level_1_1,1,17,0x4984BC2D,63.36667,Drop,e_shan,1,92
A_real_s1,level_1_1,1,17,0x4984BC2D,64.333337,Drop,e_shan,1,93
A_real_s1,level_1_1,1,17,0x4984BC2D,65.36667,Drop,e_lang,1,94
A_real_s1,level_1_1,1,17,0x4984BC2D,73.933337,Drop,e_shan,1,95
A_real_s1,level_1_1,1,17,0x4984BC2D,75.366671,Drop,zu,1,96
A_real_s1,level_1_1,1,17,0x4984BC2D,76.333337,Drop,zu,1,97
A_real_s1,level_1_1,1,17,0x4984BC2D,77.366671,Drop,bld_cheng,20,117
A_real_s1,level_1_1,1,17,0x4984BC2D,77.366671,End,,0,117
A_real_s1,level_1_1,1,18,0x1E2F168D,0,Start,,0,45
A_real_s1,level_1_1,1,18,0x1E2F168D,4.733334,Drop,zu,1,46
A_real_s1,level_1_1,1,18,0x1E2F168D,5.466667,Drop,zu,1,47
A_real_s1,level_1_1,1,18,0x1E2F168D,6.2,Drop,zu,1,48
A_real_s1,level_1_1,1,18,0x1E2F168D,7.566667,Drop,zu,1,49
A_real_s1,level_1_1,1,18,0x1E2F168D,8.3,Drop,zu,1,50
A_real_s1,level_1_1,1,18,0x1E2F168D,8.966667,Drop,zu,1,51
A_real_s1,level_1_1,1,18,0x1E2F168D,11.166667,Drop,e_liu,1,52
A_real_s1,level_1_1,1,18,0x1E2F168D,13.166667,Drop,e_liu,1,53
A_real_s1,level_1_1,1,18,0x1E2F168D,13.666667,Drop,zu,1,54
A_real_s1,level_1_1,1,18,0x1E2F168D,14.866667,Drop,zu,1,55
A_real_s1,level_1_1,1,18,0x1E2F168D,15.166667,Drop,e_liu,1,56
A_real_s1,level_1_1,1,18,0x1E2F168D,17.000001,Drop,zu,1,57
A_real_s1,level_1_1,1,18,0x1E2F168D,17.166668,Drop,e_liu,1,58
A_real_s1,level_1_1,1,18,0x1E2F168D,17.166668,Drop,zu,1,59
A_real_s1,level_1_1,1,18,0x1E2F168D,17.733334,Drop,zu,1,60
A_real_s1,level_1_1,1,18,0x1E2F168D,18.466668,Drop,zu,1,61
A_real_s1,level_1_1,1,18,0x1E2F168D,19.466668,Drop,zu,1,62
A_real_s1,level_1_1,1,18,0x1E2F168D,21.100001,Drop,zu,1,63
A_real_s1,level_1_1,1,18,0x1E2F168D,22.900001,Drop,e_shan,1,64
A_real_s1,level_1_1,1,18,0x1E2F168D,24.900001,Drop,e_shan,1,65
A_real_s1,level_1_1,1,18,0x1E2F168D,26.900001,Drop,e_shan,1,66
A_real_s1,level_1_1,1,18,0x1E2F168D,26.900001,Drop,e_lang,1,67
A_real_s1,level_1_1,1,18,0x1E2F168D,27.633335,Drop,e_lang,1,68
A_real_s1,level_1_1,1,18,0x1E2F168D,28.366668,Drop,e_lang,1,69
A_real_s1,level_1_1,1,18,0x1E2F168D,34.333335,Drop,zu,1,70
A_real_s1,level_1_1,1,18,0x1E2F168D,34.966668,Drop,zu,1,71
A_real_s1,level_1_1,1,18,0x1E2F168D,38.333335,Drop,e_liu,1,72
A_real_s1,level_1_1,1,18,0x1E2F168D,40.300002,Drop,e_liu,1,73
A_real_s1,level_1_1,1,18,0x1E2F168D,40.333335,Drop,tie,3,76
A_real_s1,level_1_1,1,18,0x1E2F168D,42.333336,Drop,tie,3,79
A_real_s1,level_1_1,1,18,0x1E2F168D,44.133336,Drop,zu,1,80
A_real_s1,level_1_1,1,18,0x1E2F168D,44.333336,Drop,zu,1,81
A_real_s1,level_1_1,1,18,0x1E2F168D,46.333336,Drop,e_liu,1,82
A_real_s1,level_1_1,1,18,0x1E2F168D,50.333336,Drop,e_liu,1,83
A_real_s1,level_1_1,1,18,0x1E2F168D,50.333336,Drop,zu,1,84
A_real_s1,level_1_1,1,18,0x1E2F168D,50.333336,Drop,zu,1,85
A_real_s1,level_1_1,1,18,0x1E2F168D,54.333336,Drop,e_shan,1,86
A_real_s1,level_1_1,1,18,0x1E2F168D,56.333336,Drop,zu,1,87
A_real_s1,level_1_1,1,18,0x1E2F168D,57.86667,Drop,e_shan,1,88
A_real_s1,level_1_1,1,18,0x1E2F168D,58.333336,Drop,zu,1,89
A_real_s1,level_1_1,1,18,0x1E2F168D,60.333336,Drop,zqi,3,92
A_real_s1,level_1_1,1,18,0x1E2F168D,62.333337,Drop,e_shan,1,93
A_real_s1,level_1_1,1,18,0x1E2F168D,64.333337,Drop,e_shan,1,94
A_real_s1,level_1_1,1,18,0x1E2F168D,76.333337,Drop,zu,1,95
A_real_s1,level_1_1,1,18,0x1E2F168D,76.333337,Drop,bld_cheng,20,115
A_real_s1,level_1_1,1,18,0x1E2F168D,76.333337,End,,0,115
A_real_s1,level_1_1,1,19,0x6327D6B2,0,Start,,0,45
A_real_s1,level_1_1,1,19,0x6327D6B2,5,Drop,zu,1,46
A_real_s1,level_1_1,1,19,0x6327D6B2,5.733334,Drop,zu,1,47
A_real_s1,level_1_1,1,19,0x6327D6B2,7.566667,Drop,zu,1,48
A_real_s1,level_1_1,1,19,0x6327D6B2,8,Drop,zu,1,49
A_real_s1,level_1_1,1,19,0x6327D6B2,8,Drop,zu,1,50
A_real_s1,level_1_1,1,19,0x6327D6B2,8.466667,Drop,zu,1,51
A_real_s1,level_1_1,1,19,0x6327D6B2,10.000001,Drop,e_liu,1,52
A_real_s1,level_1_1,1,19,0x6327D6B2,12.000001,Drop,e_liu,1,53
A_real_s1,level_1_1,1,19,0x6327D6B2,14.000001,Drop,e_liu,1,54
A_real_s1,level_1_1,1,19,0x6327D6B2,14.733334,Drop,zu,1,55
A_real_s1,level_1_1,1,19,0x6327D6B2,16.000001,Drop,e_liu,1,56
A_real_s1,level_1_1,1,19,0x6327D6B2,16.266668,Drop,zu,1,57
A_real_s1,level_1_1,1,19,0x6327D6B2,16.766668,Drop,zu,1,58
A_real_s1,level_1_1,1,19,0x6327D6B2,17.000001,Drop,zu,1,59
A_real_s1,level_1_1,1,19,0x6327D6B2,17.733334,Drop,zu,1,60
A_real_s1,level_1_1,1,19,0x6327D6B2,18.000001,Drop,zu,1,61
A_real_s1,level_1_1,1,19,0x6327D6B2,20.000001,Drop,zu,1,62
A_real_s1,level_1_1,1,19,0x6327D6B2,21.033334,Drop,zu,1,63
A_real_s1,level_1_1,1,19,0x6327D6B2,23.033335,Drop,e_shan,1,64
A_real_s1,level_1_1,1,19,0x6327D6B2,25.033335,Drop,e_shan,1,65
A_real_s1,level_1_1,1,19,0x6327D6B2,27.033335,Drop,e_shan,1,66
A_real_s1,level_1_1,1,19,0x6327D6B2,27.033335,Drop,e_lang,1,67
A_real_s1,level_1_1,1,19,0x6327D6B2,27.566668,Drop,e_lang,1,68
A_real_s1,level_1_1,1,19,0x6327D6B2,28.300001,Drop,e_lang,1,69
A_real_s1,level_1_1,1,19,0x6327D6B2,34.566668,Drop,zu,1,70
A_real_s1,level_1_1,1,19,0x6327D6B2,35.133335,Drop,zu,1,71
A_real_s1,level_1_1,1,19,0x6327D6B2,37.033335,Drop,e_liu,1,72
A_real_s1,level_1_1,1,19,0x6327D6B2,39.200002,Drop,e_liu,1,73
A_real_s1,level_1_1,1,19,0x6327D6B2,41.033335,Drop,tie,3,76
A_real_s1,level_1_1,1,19,0x6327D6B2,43.033336,Drop,zu,1,77
A_real_s1,level_1_1,1,19,0x6327D6B2,45.033336,Drop,tie,3,80
A_real_s1,level_1_1,1,19,0x6327D6B2,45.033336,Drop,zu,1,81
A_real_s1,level_1_1,1,19,0x6327D6B2,47.033336,Drop,e_liu,1,82
A_real_s1,level_1_1,1,19,0x6327D6B2,47.033336,Drop,e_liu,1,83
A_real_s1,level_1_1,1,19,0x6327D6B2,50.300003,Drop,zu,1,84
A_real_s1,level_1_1,1,19,0x6327D6B2,51.033336,Drop,zu,1,85
A_real_s1,level_1_1,1,19,0x6327D6B2,53.033336,Drop,e_shan,1,86
A_real_s1,level_1_1,1,19,0x6327D6B2,55.033336,Drop,e_shan,1,87
A_real_s1,level_1_1,1,19,0x6327D6B2,56.600003,Drop,zu,1,88
A_real_s1,level_1_1,1,19,0x6327D6B2,57.033336,Drop,zu,1,89
A_real_s1,level_1_1,1,19,0x6327D6B2,59.033336,Drop,zqi,3,92
A_real_s1,level_1_1,1,19,0x6327D6B2,63.033337,Drop,e_shan,1,93
A_real_s1,level_1_1,1,19,0x6327D6B2,65.033337,Drop,e_lang,1,94
A_real_s1,level_1_1,1,19,0x6327D6B2,67.033337,Drop,e_shan,1,95
A_real_s1,level_1_1,1,19,0x6327D6B2,75.033337,Drop,zu,1,96
A_real_s1,level_1_1,1,19,0x6327D6B2,76.333337,Drop,zu,1,97
A_real_s1,level_1_1,1,19,0x6327D6B2,77.033337,Drop,bld_cheng,20,117
A_real_s1,level_1_1,1,19,0x6327D6B2,77.033337,End,,0,117
A_real_s1,level_1_1,1,20,0xA7CA930A,0,Start,,0,45
A_real_s1,level_1_1,1,20,0xA7CA930A,5.033334,Drop,zu,1,46
A_real_s1,level_1_1,1,20,0xA7CA930A,6.733334,Drop,zu,1,47
A_real_s1,level_1_1,1,20,0xA7CA930A,7.466667,Drop,zu,1,48
A_real_s1,level_1_1,1,20,0xA7CA930A,8,Drop,zu,1,49
A_real_s1,level_1_1,1,20,0xA7CA930A,8,Drop,zu,1,50
A_real_s1,level_1_1,1,20,0xA7CA930A,8.366667,Drop,zu,1,51
A_real_s1,level_1_1,1,20,0xA7CA930A,10.000001,Drop,e_liu,1,52
A_real_s1,level_1_1,1,20,0xA7CA930A,11.800001,Drop,e_liu,1,53
A_real_s1,level_1_1,1,20,0xA7CA930A,12.000001,Drop,e_liu,1,54
A_real_s1,level_1_1,1,20,0xA7CA930A,13.433334,Drop,e_liu,1,55
A_real_s1,level_1_1,1,20,0xA7CA930A,14.000001,Drop,zu,1,56
A_real_s1,level_1_1,1,20,0xA7CA930A,14.266667,Drop,zu,1,57
A_real_s1,level_1_1,1,20,0xA7CA930A,15.000001,Drop,zu,1,58
A_real_s1,level_1_1,1,20,0xA7CA930A,16.333334,Drop,zu,1,59
A_real_s1,level_1_1,1,20,0xA7CA930A,17.600001,Drop,zu,1,60
A_real_s1,level_1_1,1,20,0xA7CA930A,18.333334,Drop,zu,1,61
A_real_s1,level_1_1,1,20,0xA7CA930A,19.533334,Drop,zu,1,62
A_real_s1,level_1_1,1,20,0xA7CA930A,21.166668,Drop,zu,1,63
A_real_s1,level_1_1,1,20,0xA7CA930A,24.433335,Drop,e_shan,1,64
A_real_s1,level_1_1,1,20,0xA7CA930A,26.433335,Drop,e_shan,1,65
A_real_s1,level_1_1,1,20,0xA7CA930A,28.166668,Drop,e_lang,1,66
A_real_s1,level_1_1,1,20,0xA7CA930A,28.433335,Drop,e_lang,1,67
A_real_s1,level_1_1,1,20,0xA7CA930A,29.633335,Drop,e_shan,1,68
A_real_s1,level_1_1,1,20,0xA7CA930A,30.433335,Drop,e_lang,1,69
A_real_s1,level_1_1,1,20,0xA7CA930A,33.466668,Drop,zu,1,70
A_real_s1,level_1_1,1,20,0xA7CA930A,34.966668,Drop,zu,1,71
A_real_s1,level_1_1,1,20,0xA7CA930A,36.766669,Drop,e_liu,1,72
A_real_s1,level_1_1,1,20,0xA7CA930A,38.766669,Drop,e_liu,1,73
A_real_s1,level_1_1,1,20,0xA7CA930A,40.766669,Drop,tie,3,76
A_real_s1,level_1_1,1,20,0xA7CA930A,42.766669,Drop,tie,3,79
A_real_s1,level_1_1,1,20,0xA7CA930A,44.100002,Drop,zu,1,80
A_real_s1,level_1_1,1,20,0xA7CA930A,44.766669,Drop,zu,1,81
A_real_s1,level_1_1,1,20,0xA7CA930A,46.766669,Drop,e_liu,1,82
A_real_s1,level_1_1,1,20,0xA7CA930A,48.766669,Drop,e_liu,1,83
A_real_s1,level_1_1,1,20,0xA7CA930A,50.366669,Drop,zu,1,84
A_real_s1,level_1_1,1,20,0xA7CA930A,50.766669,Drop,zu,1,85
A_real_s1,level_1_1,1,20,0xA7CA930A,52.766669,Drop,e_shan,1,86
A_real_s1,level_1_1,1,20,0xA7CA930A,54.76667,Drop,e_shan,1,87
A_real_s1,level_1_1,1,20,0xA7CA930A,56.76667,Drop,zu,1,88
A_real_s1,level_1_1,1,20,0xA7CA930A,56.76667,Drop,zu,1,89
A_real_s1,level_1_1,1,20,0xA7CA930A,60.76667,Drop,zqi,3,92
A_real_s1,level_1_1,1,20,0xA7CA930A,62.76667,Drop,e_shan,1,93
A_real_s1,level_1_1,1,20,0xA7CA930A,66.600003,Drop,e_shan,1,94
A_real_s1,level_1_1,1,20,0xA7CA930A,70.500004,Drop,e_lang,1,95
A_real_s1,level_1_1,1,20,0xA7CA930A,74.766671,Drop,zu,1,96
A_real_s1,level_1_1,1,20,0xA7CA930A,76.766671,Drop,bld_cheng,20,116
A_real_s1,level_1_1,1,20,0xA7CA930A,76.766671,End,,0,116
A_real_s1,level_1_1,1,21,0x40DE923F,0,Start,,0,45
A_real_s1,level_1_1,1,21,0x40DE923F,4.766667,Drop,zu,1,46
A_real_s1,level_1_1,1,21,0x40DE923F,5.5,Drop,zu,1,47
A_real_s1,level_1_1,1,21,0x40DE923F,6.233334,Drop,zu,1,48
A_real_s1,level_1_1,1,21,0x40DE923F,7.233334,Drop,zu,1,49
A_real_s1,level_1_1,1,21,0x40DE923F,7.966667,Drop,zu,1,50
A_real_s1,level_1_1,1,21,0x40DE923F,8.833334,Drop,zu,1,51
A_real_s1,level_1_1,1,21,0x40DE923F,9.766667,Drop,e_liu,1,52
A_real_s1,level_1_1,1,21,0x40DE923F,11.766667,Drop,e_liu,1,53
A_real_s1,level_1_1,1,21,0x40DE923F,13.266667,Drop,e_liu,1,54
A_real_s1,level_1_1,1,21,0x40DE923F,13.700001,Drop,zu,1,55
A_real_s1,level_1_1,1,21,0x40DE923F,13.766667,Drop,e_liu,1,56
A_real_s1,level_1_1,1,21,0x40DE923F,14.133334,Drop,zu,1,57
A_real_s1,level_1_1,1,21,0x40DE923F,14.866667,Drop,zu,1,58
A_real_s1,level_1_1,1,21,0x40DE923F,16.233334,Drop,zu,1,59
A_real_s1,level_1_1,1,21,0x40DE923F,17.566668,Drop,zu,1,60
A_real_s1,level_1_1,1,21,0x40DE923F,18.166668,Drop,zu,1,61
A_real_s1,level_1_1,1,21,0x40DE923F,19.566668,Drop,zu,1,62
A_real_s1,level_1_1,1,21,0x40DE923F,21.066668,Drop,zu,1,63
A_real_s1,level_1_1,1,21,0x40DE923F,23.733335,Drop,e_shan,1,64
A_real_s1,level_1_1,1,21,0x40DE923F,25.733335,Drop,e_shan,1,65
A_real_s1,level_1_1,1,21,0x40DE923F,27.333335,Drop,e_shan,1,66
A_real_s1,level_1_1,1,21,0x40DE923F,27.733335,Drop,e_lang,1,67
A_real_s1,level_1_1,1,21,0x40DE923F,29.733335,Drop,e_lang,1,68
A_real_s1,level_1_1,1,21,0x40DE923F,30.633335,Drop,e_lang,1,69
A_real_s1,level_1_1,1,21,0x40DE923F,33.633335,Drop,zu,1,70
A_real_s1,level_1_1,1,21,0x40DE923F,35.133335,Drop,zu,1,71
A_real_s1,level_1_1,1,21,0x40DE923F,37.633335,Drop,e_liu,1,72
A_real_s1,level_1_1,1,21,0x40DE923F,40.000002,Drop,e_liu,1,73
A_real_s1,level_1_1,1,21,0x40DE923F,41.633336,Drop,tie,3,76
A_real_s1,level_1_1,1,21,0x40DE923F,43.633336,Drop,zu,1,77
A_real_s1,level_1_1,1,21,0x40DE923F,45.633336,Drop,tie,3,80
A_real_s1,level_1_1,1,21,0x40DE923F,45.633336,Drop,zu,1,81
A_real_s1,level_1_1,1,21,0x40DE923F,47.633336,Drop,e_liu,1,82
A_real_s1,level_1_1,1,21,0x40DE923F,47.633336,Drop,e_liu,1,83
A_real_s1,level_1_1,1,21,0x40DE923F,49.633336,Drop,zu,1,84
A_real_s1,level_1_1,1,21,0x40DE923F,50.866669,Drop,zu,1,85
A_real_s1,level_1_1,1,21,0x40DE923F,53.633336,Drop,e_shan,1,86
A_real_s1,level_1_1,1,21,0x40DE923F,55.633336,Drop,zu,1,87
A_real_s1,level_1_1,1,21,0x40DE923F,57.633336,Drop,e_shan,1,88
A_real_s1,level_1_1,1,21,0x40DE923F,57.633336,Drop,zu,1,89
A_real_s1,level_1_1,1,21,0x40DE923F,61.633337,Drop,zqi,3,92
A_real_s1,level_1_1,1,21,0x40DE923F,63.633337,Drop,e_shan,1,93
A_real_s1,level_1_1,1,21,0x40DE923F,65.633337,Drop,e_lang,1,94
A_real_s1,level_1_1,1,21,0x40DE923F,72.100004,Drop,e_shan,1,95
A_real_s1,level_1_1,1,21,0x40DE923F,75.133337,Drop,zu,1,96
A_real_s1,level_1_1,1,21,0x40DE923F,75.633337,Drop,zu,1,97
A_real_s1,level_1_1,1,21,0x40DE923F,77.633337,Drop,bld_cheng,20,117
A_real_s1,level_1_1,1,21,0x40DE923F,77.633337,End,,0,117
A_real_s1,level_1_1,1,22,0xC1BE5513,0,Start,,0,45
A_real_s1,level_1_1,1,22,0xC1BE5513,4.6,Drop,zu,1,46
A_real_s1,level_1_1,1,22,0xC1BE5513,5.333334,Drop,zu,1,47
A_real_s1,level_1_1,1,22,0xC1BE5513,7.7,Drop,zu,1,48
A_real_s1,level_1_1,1,22,0xC1BE5513,8,Drop,zu,1,49
A_real_s1,level_1_1,1,22,0xC1BE5513,8,Drop,zu,1,50
A_real_s1,level_1_1,1,22,0xC1BE5513,8.466667,Drop,zu,1,51
A_real_s1,level_1_1,1,22,0xC1BE5513,10.000001,Drop,e_liu,1,52
A_real_s1,level_1_1,1,22,0xC1BE5513,12.000001,Drop,e_liu,1,53
A_real_s1,level_1_1,1,22,0xC1BE5513,13.433334,Drop,e_liu,1,54
A_real_s1,level_1_1,1,22,0xC1BE5513,14.000001,Drop,e_liu,1,55
A_real_s1,level_1_1,1,22,0xC1BE5513,14.166667,Drop,zu,1,56
A_real_s1,level_1_1,1,22,0xC1BE5513,14.333334,Drop,zu,1,57
A_real_s1,level_1_1,1,22,0xC1BE5513,14.900001,Drop,zu,1,58
A_real_s1,level_1_1,1,22,0xC1BE5513,16.333334,Drop,zu,1,59
A_real_s1,level_1_1,1,22,0xC1BE5513,17.533334,Drop,zu,1,60
A_real_s1,level_1_1,1,22,0xC1BE5513,18.266668,Drop,zu,1,61
A_real_s1,level_1_1,1,22,0xC1BE5513,19.466668,Drop,zu,1,62
A_real_s1,level_1_1,1,22,0xC1BE5513,21.033334,Drop,zu,1,63
A_real_s1,level_1_1,1,22,0xC1BE5513,24.066668,Drop,e_shan,1,64
A_real_s1,level_1_1,1,22,0xC1BE5513,26.066668,Drop,e_shan,1,65
A_real_s1,level_1_1,1,22,0xC1BE5513,28.066668,Drop,e_lang,1,66
A_real_s1,level_1_1,1,22,0xC1BE5513,28.133335,Drop,e_lang,1,67
A_real_s1,level_1_1,1,22,0xC1BE5513,30.100002,Drop,e_shan,1,68
A_real_s1,level_1_1,1,22,0xC1BE5513,34.066668,Drop,zu,1,69
A_real_s1,level_1_1,1,22,0xC1BE5513,35.100002,Drop,zu,1,70
A_real_s1,level_1_1,1,22,0xC1BE5513,38.066669,Drop,e_liu,1,71
A_real_s1,level_1_1,1,22,0xC1BE5513,38.066669,Drop,e_liu,1,72
A_real_s1,level_1_1,1,22,0xC1BE5513,40.066669,Drop,tie,3,75
A_real_s1,level_1_1,1,22,0xC1BE5513,44.066669,Drop,zu,1,76
A_real_s1,level_1_1,1,22,0xC1BE5513,44.066669,Drop,zu,1,77
A_real_s1,level_1_1,1,22,0xC1BE5513,48.066669,Drop,e_liu,1,78
A_real_s1,level_1_1,1,22,0xC1BE5513,50.066669,Drop,zu,1,79
A_real_s1,level_1_1,1,22,0xC1BE5513,52.066669,Drop,tie,3,82
A_real_s1,level_1_1,1,22,0xC1BE5513,52.066669,Drop,zu,1,83
A_real_s1,level_1_1,1,22,0xC1BE5513,52.566669,Drop,e_liu,1,84
A_real_s1,level_1_1,1,22,0xC1BE5513,54.066669,Drop,e_shan,1,85
A_real_s1,level_1_1,1,22,0xC1BE5513,56.06667,Drop,zu,1,86
A_real_s1,level_1_1,1,22,0xC1BE5513,57.133336,Drop,e_shan,1,87
A_real_s1,level_1_1,1,22,0xC1BE5513,58.06667,Drop,zu,1,88
A_real_s1,level_1_1,1,22,0xC1BE5513,62.06667,Drop,zqi,3,91
A_real_s1,level_1_1,1,22,0xC1BE5513,64.06667,Drop,e_shan,1,92
A_real_s1,level_1_1,1,22,0xC1BE5513,66.06667,Drop,e_shan,1,93
A_real_s1,level_1_1,1,22,0xC1BE5513,68.300004,Drop,e_lang,1,94
A_real_s1,level_1_1,1,22,0xC1BE5513,70.16667,Drop,e_lang,1,95
A_real_s1,level_1_1,1,22,0xC1BE5513,76.266671,Drop,zu,1,96
A_real_s1,level_1_1,1,22,0xC1BE5513,76.300004,Drop,bld_cheng,20,116
A_real_s1,level_1_1,1,22,0xC1BE5513,76.300004,End,,0,116
A_real_s1,level_1_1,1,23,0x689A233D,0,Start,,0,45
A_real_s1,level_1_1,1,23,0x689A233D,4.666667,Drop,zu,1,46
A_real_s1,level_1_1,1,23,0x689A233D,5.4,Drop,zu,1,47
A_real_s1,level_1_1,1,23,0x689A233D,7.433334,Drop,zu,1,48
A_real_s1,level_1_1,1,23,0x689A233D,8,Drop,zu,1,49
A_real_s1,level_1_1,1,23,0x689A233D,8.5,Drop,zu,1,50
A_real_s1,level_1_1,1,23,0x689A233D,9.233334,Drop,zu,1,51
A_real_s1,level_1_1,1,23,0x689A233D,12.200001,Drop,e_liu,1,52
A_real_s1,level_1_1,1,23,0x689A233D,14.200001,Drop,e_liu,1,53
A_real_s1,level_1_1,1,23,0x689A233D,14.200001,Drop,e_liu,1,54
A_real_s1,level_1_1,1,23,0x689A233D,15.400001,Drop,zu,1,55
A_real_s1,level_1_1,1,23,0x689A233D,16.200001,Drop,e_liu,1,56
A_real_s1,level_1_1,1,23,0x689A233D,16.600001,Drop,zu,1,57
A_real_s1,level_1_1,1,23,0x689A233D,18.200001,Drop,zu,1,58
A_real_s1,level_1_1,1,23,0x689A233D,18.200001,Drop,zu,1,59
A_real_s1,level_1_1,1,23,0x689A233D,18.500001,Drop,zu,1,60
A_real_s1,level_1_1,1,23,0x689A233D,19.700001,Drop,zu,1,61
A_real_s1,level_1_1,1,23,0x689A233D,20.200001,Drop,zu,1,62
A_real_s1,level_1_1,1,23,0x689A233D,21.133334,Drop,zu,1,63
A_real_s1,level_1_1,1,23,0x689A233D,22.933335,Drop,e_shan,1,64
A_real_s1,level_1_1,1,23,0x689A233D,24.933335,Drop,e_shan,1,65
A_real_s1,level_1_1,1,23,0x689A233D,26.933335,Drop,e_shan,1,66
A_real_s1,level_1_1,1,23,0x689A233D,26.933335,Drop,e_lang,1,67
A_real_s1,level_1_1,1,23,0x689A233D,27.333335,Drop,e_lang,1,68
A_real_s1,level_1_1,1,23,0x689A233D,28.333335,Drop,e_lang,1,69
A_real_s1,level_1_1,1,23,0x689A233D,33.466668,Drop,zu,1,70
A_real_s1,level_1_1,1,23,0x689A233D,35.033335,Drop,zu,1,71
A_real_s1,level_1_1,1,23,0x689A233D,36.633335,Drop,e_liu,1,72
A_real_s1,level_1_1,1,23,0x689A233D,38.633335,Drop,e_liu,1,73
A_real_s1,level_1_1,1,23,0x689A233D,40.633335,Drop,tie,3,76
A_real_s1,level_1_1,1,23,0x689A233D,42.633336,Drop,tie,3,79
A_real_s1,level_1_1,1,23,0x689A233D,44.100002,Drop,zu,1,80
A_real_s1,level_1_1,1,23,0x689A233D,44.633336,Drop,zu,1,81
A_real_s1,level_1_1,1,23,0x689A233D,46.633336,Drop,e_liu,1,82
A_real_s1,level_1_1,1,23,0x689A233D,48.633336,Drop,e_liu,1,83
A_real_s1,level_1_1,1,23,0x689A233D,50.400003,Drop,zu,1,84
A_real_s1,level_1_1,1,23,0x689A233D,50.633336,Drop,zu,1,85
A_real_s1,level_1_1,1,23,0x689A233D,52.633336,Drop,e_shan,1,86
A_real_s1,level_1_1,1,23,0x689A233D,54.633336,Drop,e_shan,1,87
A_real_s1,level_1_1,1,23,0x689A233D,56.633336,Drop,zu,1,88
A_real_s1,level_1_1,1,23,0x689A233D,57.333336,Drop,zu,1,89
A_real_s1,level_1_1,1,23,0x689A233D,58.733336,Drop,zqi,3,92
A_real_s1,level_1_1,1,23,0x689A233D,61.96667,Drop,e_shan,1,93
A_real_s1,level_1_1,1,23,0x689A233D,63.96667,Drop,e_shan,1,94
A_real_s1,level_1_1,1,23,0x689A233D,65.86667,Drop,e_lang,1,95
A_real_s1,level_1_1,1,23,0x689A233D,75.000004,Drop,zu,1,96
A_real_s1,level_1_1,1,23,0x689A233D,76.800004,Drop,zu,1,97
A_real_s1,level_1_1,1,23,0x689A233D,77.000004,Drop,bld_cheng,20,117
A_real_s1,level_1_1,1,23,0x689A233D,77.000004,End,,0,117
A_real_s1,level_1_1,1,24,0xB34F3D23,0,Start,,0,45
A_real_s1,level_1_1,1,24,0xB34F3D23,4.633334,Drop,zu,1,46
A_real_s1,level_1_1,1,24,0xB34F3D23,5.366667,Drop,zu,1,47
A_real_s1,level_1_1,1,24,0xB34F3D23,6.1,Drop,zu,1,48
A_real_s1,level_1_1,1,24,0xB34F3D23,7.7,Drop,zu,1,49
A_real_s1,level_1_1,1,24,0xB34F3D23,8.433334,Drop,zu,1,50
A_real_s1,level_1_1,1,24,0xB34F3D23,9.1,Drop,zu,1,51
A_real_s1,level_1_1,1,24,0xB34F3D23,11.133334,Drop,e_liu,1,52
A_real_s1,level_1_1,1,24,0xB34F3D23,13.133334,Drop,e_liu,1,53
A_real_s1,level_1_1,1,24,0xB34F3D23,13.633334,Drop,zu,1,54
A_real_s1,level_1_1,1,24,0xB34F3D23,15.133334,Drop,e_liu,1,55
A_real_s1,level_1_1,1,24,0xB34F3D23,15.133334,Drop,e_liu,1,56
A_real_s1,level_1_1,1,24,0xB34F3D23,15.733334,Drop,zu,1,57
A_real_s1,level_1_1,1,24,0xB34F3D23,16.466668,Drop,zu,1,58
A_real_s1,level_1_1,1,24,0xB34F3D23,17.133334,Drop,zu,1,59
A_real_s1,level_1_1,1,24,0xB34F3D23,17.133334,Drop,zu,1,60
A_real_s1,level_1_1,1,24,0xB34F3D23,18.133334,Drop,zu,1,61
A_real_s1,level_1_1,1,24,0xB34F3D23,19.533334,Drop,zu,1,62
A_real_s1,level_1_1,1,24,0xB34F3D23,21.000001,Drop,zu,1,63
A_real_s1,level_1_1,1,24,0xB34F3D23,23.000001,Drop,e_shan,1,64
A_real_s1,level_1_1,1,24,0xB34F3D23,25.000001,Drop,e_shan,1,65
A_real_s1,level_1_1,1,24,0xB34F3D23,27.000001,Drop,e_shan,1,66
A_real_s1,level_1_1,1,24,0xB34F3D23,27.166668,Drop,e_lang,1,67
A_real_s1,level_1_1,1,24,0xB34F3D23,27.900001,Drop,e_lang,1,68
A_real_s1,level_1_1,1,24,0xB34F3D23,28.633335,Drop,e_lang,1,69
A_real_s1,level_1_1,1,24,0xB34F3D23,33.500002,Drop,zu,1,70
A_real_s1,level_1_1,1,24,0xB34F3D23,34.966668,Drop,zu,1,71
A_real_s1,level_1_1,1,24,0xB34F3D23,36.766669,Drop,e_liu,1,72
A_real_s1,level_1_1,1,24,0xB34F3D23,38.766669,Drop,e_liu,1,73
A_real_s1,level_1_1,1,24,0xB34F3D23,40.766669,Drop,tie,3,76
A_real_s1,level_1_1,1,24,0xB34F3D23,44.766669,Drop,tie,3,79
A_real_s1,level_1_1,1,24,0xB34F3D23,44.766669,Drop,zu,1,80
A_real_s1,level_1_1,1,24,0xB34F3D23,44.766669,Drop,zu,1,81
A_real_s1,level_1_1,1,24,0xB34F3D23,46.766669,Drop,e_liu,1,82
A_real_s1,level_1_1,1,24,0xB34F3D23,48.766669,Drop,e_liu,1,83
A_real_s1,level_1_1,1,24,0xB34F3D23,50.366669,Drop,zu,1,84
A_real_s1,level_1_1,1,24,0xB34F3D23,50.766669,Drop,zu,1,85
A_real_s1,level_1_1,1,24,0xB34F3D23,52.766669,Drop,e_shan,1,86
A_real_s1,level_1_1,1,24,0xB34F3D23,54.76667,Drop,e_shan,1,87
A_real_s1,level_1_1,1,24,0xB34F3D23,56.700003,Drop,zu,1,88
A_real_s1,level_1_1,1,24,0xB34F3D23,56.76667,Drop,zu,1,89
A_real_s1,level_1_1,1,24,0xB34F3D23,60.76667,Drop,zqi,3,92
A_real_s1,level_1_1,1,24,0xB34F3D23,62.76667,Drop,e_shan,1,93
A_real_s1,level_1_1,1,24,0xB34F3D23,72.533337,Drop,e_shan,1,94
A_real_s1,level_1_1,1,24,0xB34F3D23,76.133337,Drop,zu,1,95
A_real_s1,level_1_1,1,24,0xB34F3D23,76.766671,Drop,zu,1,96
A_real_s1,level_1_1,1,24,0xB34F3D23,78.766671,Drop,e_liu,1,97
A_real_s1,level_1_1,1,24,0xB34F3D23,80.766671,Drop,bld_cheng,20,117
A_real_s1,level_1_1,1,24,0xB34F3D23,80.766671,Drop,e_liu,1,118
A_real_s1,level_1_1,1,24,0xB34F3D23,80.766671,End,,0,118
A_real_s1,level_1_1,1,25,0xC9859D96,0,Start,,0,45
A_real_s1,level_1_1,1,25,0xC9859D96,4.8,Drop,zu,1,46
A_real_s1,level_1_1,1,25,0xC9859D96,5.533334,Drop,zu,1,47
A_real_s1,level_1_1,1,25,0xC9859D96,7.066667,Drop,zu,1,48
A_real_s1,level_1_1,1,25,0xC9859D96,7.8,Drop,zu,1,49
A_real_s1,level_1_1,1,25,0xC9859D96,8,Drop,zu,1,50
A_real_s1,level_1_1,1,25,0xC9859D96,8.533334,Drop,zu,1,51
A_real_s1,level_1_1,1,25,0xC9859D96,10.000001,Drop,e_liu,1,52
A_real_s1,level_1_1,1,25,0xC9859D96,12.000001,Drop,e_liu,1,53
A_real_s1,level_1_1,1,25,0xC9859D96,13.233334,Drop,e_liu,1,54
A_real_s1,level_1_1,1,25,0xC9859D96,14.000001,Drop,e_liu,1,55
A_real_s1,level_1_1,1,25,0xC9859D96,14.066667,Drop,zu,1,56
A_real_s1,level_1_1,1,25,0xC9859D96,14.333334,Drop,zu,1,57
A_real_s1,level_1_1,1,25,0xC9859D96,14.800001,Drop,zu,1,58
A_real_s1,level_1_1,1,25,0xC9859D96,16.400001,Drop,zu,1,59
A_real_s1,level_1_1,1,25,0xC9859D96,17.500001,Drop,zu,1,60
A_real_s1,level_1_1,1,25,0xC9859D96,18.166668,Drop,zu,1,61
A_real_s1,level_1_1,1,25,0xC9859D96,19.566668,Drop,zu,1,62
A_real_s1,level_1_1,1,25,0xC9859D96,21.033334,Drop,zu,1,63
A_real_s1,level_1_1,1,25,0xC9859D96,24.033335,Drop,e_shan,1,64
A_real_s1,level_1_1,1,25,0xC9859D96,26.033335,Drop,e_shan,1,65
A_real_s1,level_1_1,1,25,0xC9859D96,27.333335,Drop,e_shan,1,66
A_real_s1,level_1_1,1,25,0xC9859D96,28.033335,Drop,e_lang,1,67
A_real_s1,level_1_1,1,25,0xC9859D96,28.066668,Drop,e_lang,1,68
A_real_s1,level_1_1,1,25,0xC9859D96,31.466668,Drop,e_lang,1,69
A_real_s1,level_1_1,1,25,0xC9859D96,34.666668,Drop,zu,1,70
A_real_s1,level_1_1,1,25,0xC9859D96,35.000002,Drop,zu,1,71
A_real_s1,level_1_1,1,25,0xC9859D96,36.933335,Drop,e_liu,1,72
A_real_s1,level_1_1,1,25,0xC9859D96,38.933335,Drop,e_liu,1,73
A_real_s1,level_1_1,1,25,0xC9859D96,40.933335,Drop,tie,3,76
A_real_s1,level_1_1,1,25,0xC9859D96,42.933336,Drop,tie,3,79
A_real_s1,level_1_1,1,25,0xC9859D96,42.933336,Drop,zu,1,80
A_real_s1,level_1_1,1,25,0xC9859D96,44.500002,Drop,zu,1,81
A_real_s1,level_1_1,1,25,0xC9859D96,46.100002,Drop,e_liu,1,82
A_real_s1,level_1_1,1,25,0xC9859D96,50.100003,Drop,zu,1,83
A_real_s1,level_1_1,1,25,0xC9859D96,50.100003,Drop,zu,1,84
A_real_s1,level_1_1,1,25,0xC9859D96,54.100003,Drop,e_shan,1,85
A_real_s1,level_1_1,1,25,0xC9859D96,56.100003,Drop,e_shan,1,86
A_real_s1,level_1_1,1,25,0xC9859D96,56.100003,Drop,zu,1,87
A_real_s1,level_1_1,1,25,0xC9859D96,58.100003,Drop,zu,1,88
A_real_s1,level_1_1,1,25,0xC9859D96,60.100003,Drop,zqi,3,91
A_real_s1,level_1_1,1,25,0xC9859D96,61.200003,Drop,e_liu,1,92
A_real_s1,level_1_1,1,25,0xC9859D96,62.100003,Drop,e_shan,1,93
A_real_s1,level_1_1,1,25,0xC9859D96,64.100003,Drop,e_shan,1,94
A_real_s1,level_1_1,1,25,0xC9859D96,69.400004,Drop,e_lang,1,95
A_real_s1,level_1_1,1,25,0xC9859D96,76.266671,Drop,zu,1,96
A_real_s1,level_1_1,1,25,0xC9859D96,76.266671,Drop,bld_cheng,20,116
A_real_s1,level_1_1,1,25,0xC9859D96,76.266671,End,,0,116
A_real_s5,level_1_5,5,1,0x3CDB712D,0,Start,,0,45
A_real_s5,level_1_5,5,1,0x3CDB712D,4.066667,Drop,zu,1,46
A_real_s5,level_1_5,5,1,0x3CDB712D,4.933334,Drop,zu,1,47
A_real_s5,level_1_5,5,1,0x3CDB712D,5.533334,Drop,zu,1,48
A_real_s5,level_1_5,5,1,0x3CDB712D,6.533334,Drop,e_liu,1,49
A_real_s5,level_1_5,5,1,0x3CDB712D,7.033334,Drop,zu,1,50
A_real_s5,level_1_5,5,1,0x3CDB712D,7.766667,Drop,e_liu,1,51
A_real_s5,level_1_5,5,1,0x3CDB712D,8.6,Drop,e_liu,1,52
A_real_s5,level_1_5,5,1,0x3CDB712D,8.666667,Drop,zu,1,53
A_real_s5,level_1_5,5,1,0x3CDB712D,9.033334,Drop,zu,1,54
A_real_s5,level_1_5,5,1,0x3CDB712D,9.366667,Drop,zu,1,55
A_real_s5,level_1_5,5,1,0x3CDB712D,10.233334,Drop,zu,1,56
A_real_s5,level_1_5,5,1,0x3CDB712D,10.300001,Drop,zu,1,57
A_real_s5,level_1_5,5,1,0x3CDB712D,10.400001,Drop,e_liu,1,58
A_real_s5,level_1_5,5,1,0x3CDB712D,10.466667,Drop,zu,1,59
A_real_s5,level_1_5,5,1,0x3CDB712D,10.800001,Drop,zu,1,60
A_real_s5,level_1_5,5,1,0x3CDB712D,13.800001,Drop,zu,1,61
A_real_s5,level_1_5,5,1,0x3CDB712D,14.833334,Drop,e_liu,1,62
A_real_s5,level_1_5,5,1,0x3CDB712D,15.800001,Drop,zu,1,63
A_real_s5,level_1_5,5,1,0x3CDB712D,17.800001,Drop,zu,1,64
A_real_s5,level_1_5,5,1,0x3CDB712D,19.800001,Drop,e_shan,1,65
A_real_s5,level_1_5,5,1,0x3CDB712D,20.833334,Drop,e_liu,1,66
A_real_s5,level_1_5,5,1,0x3CDB712D,20.966668,Drop,e_lang,1,67
A_real_s5,level_1_5,5,1,0x3CDB712D,21.800001,Drop,e_lang,1,68
A_real_s5,level_1_5,5,1,0x3CDB712D,21.800001,Drop,e_lang,1,69
A_real_s5,level_1_5,5,1,0x3CDB712D,22.600001,Drop,e_lang,1,70
A_real_s5,level_1_5,5,1,0x3CDB712D,23.066668,Drop,e_lang,1,71
A_real_s5,level_1_5,5,1,0x3CDB712D,23.600001,Drop,e_lang,1,72
A_real_s5,level_1_5,5,1,0x3CDB712D,23.800001,Drop,e_lang,1,73
A_real_s5,level_1_5,5,1,0x3CDB712D,24.633335,Drop,e_lang,1,74
A_real_s5,level_1_5,5,1,0x3CDB712D,25.800001,Drop,e_shan,1,75
A_real_s5,level_1_5,5,1,0x3CDB712D,27.066668,Drop,e_lang,1,76
A_real_s5,level_1_5,5,1,0x3CDB712D,27.800001,Drop,e_lang,1,77
A_real_s5,level_1_5,5,1,0x3CDB712D,27.800001,Drop,e_lang,1,78
A_real_s5,level_1_5,5,1,0x3CDB712D,28.566668,Drop,zu,1,79
A_real_s5,level_1_5,5,1,0x3CDB712D,28.966668,Drop,e_lang,1,80
A_real_s5,level_1_5,5,1,0x3CDB712D,29.800002,Drop,e_shan,1,81
A_real_s5,level_1_5,5,1,0x3CDB712D,29.800002,Drop,e_shan,1,82
A_real_s5,level_1_5,5,1,0x3CDB712D,29.800002,Drop,zu,1,83
A_real_s5,level_1_5,5,1,0x3CDB712D,29.800002,Drop,zu,1,84
A_real_s5,level_1_5,5,1,0x3CDB712D,30.433335,Drop,zu,1,85
A_real_s5,level_1_5,5,1,0x3CDB712D,31.433335,Drop,zu,1,86
A_real_s5,level_1_5,5,1,0x3CDB712D,31.800002,Drop,e_shan,1,87
A_real_s5,level_1_5,5,1,0x3CDB712D,32.433335,Drop,zu,1,88
A_real_s5,level_1_5,5,1,0x3CDB712D,33.800002,Drop,e_shan,1,89
A_real_s5,level_1_5,5,1,0x3CDB712D,33.800002,Drop,zu,1,90
A_real_s5,level_1_5,5,1,0x3CDB712D,33.800002,Drop,zu,1,91
A_real_s5,level_1_5,5,1,0x3CDB712D,35.433335,Drop,e_shan,1,92
A_real_s5,level_1_5,5,1,0x3CDB712D,35.800002,Drop,zu,1,93
A_real_s5,level_1_5,5,1,0x3CDB712D,36.133335,Drop,zu,1,94
A_real_s5,level_1_5,5,1,0x3CDB712D,36.633335,Drop,e_liu,1,95
A_real_s5,level_1_5,5,1,0x3CDB712D,37.366669,Drop,zu,1,96
A_real_s5,level_1_5,5,1,0x3CDB712D,37.666669,Drop,zu,1,97
A_real_s5,level_1_5,5,1,0x3CDB712D,37.800002,Drop,e_liu,1,98
A_real_s5,level_1_5,5,1,0x3CDB712D,39.800002,Drop,e_liu,1,99
A_real_s5,level_1_5,5,1,0x3CDB712D,40.900002,Drop,e_liu,1,100
A_real_s5,level_1_5,5,1,0x3CDB712D,41.800002,Drop,e_liu,1,101
A_real_s5,level_1_5,5,1,0x3CDB712D,43.800002,Drop,tie,3,104
A_real_s5,level_1_5,5,1,0x3CDB712D,43.800002,Drop,zu,1,105
A_real_s5,level_1_5,5,1,0x3CDB712D,45.800002,Drop,tie,3,108
A_real_s5,level_1_5,5,1,0x3CDB712D,47.666669,Drop,zu,1,109
A_real_s5,level_1_5,5,1,0x3CDB712D,47.800002,Drop,tie,3,112
A_real_s5,level_1_5,5,1,0x3CDB712D,47.800002,Drop,zu,1,113
A_real_s5,level_1_5,5,1,0x3CDB712D,47.800002,Drop,zu,1,114
A_real_s5,level_1_5,5,1,0x3CDB712D,49.800003,Drop,e_liu,1,115
A_real_s5,level_1_5,5,1,0x3CDB712D,49.800003,Drop,e_liu,1,116
A_real_s5,level_1_5,5,1,0x3CDB712D,51.800003,Drop,e_liu,1,117
A_real_s5,level_1_5,5,1,0x3CDB712D,53.100003,Drop,zu,1,118
A_real_s5,level_1_5,5,1,0x3CDB712D,53.800003,Drop,e_shan,1,119
A_real_s5,level_1_5,5,1,0x3CDB712D,55.800003,Drop,e_shan,1,120
A_real_s5,level_1_5,5,1,0x3CDB712D,57.800003,Drop,e_lang,1,121
A_real_s5,level_1_5,5,1,0x3CDB712D,59.800003,Drop,zqi,3,124
A_real_s5,level_1_5,5,1,0x3CDB712D,59.800003,Drop,zqi,3,127
A_real_s5,level_1_5,5,1,0x3CDB712D,61.800003,Drop,zqi,3,130
A_real_s5,level_1_5,5,1,0x3CDB712D,61.800003,Drop,e_lang,1,131
A_real_s5,level_1_5,5,1,0x3CDB712D,61.800003,Drop,e_lang,1,132
A_real_s5,level_1_5,5,1,0x3CDB712D,63.800003,Drop,e_shan,1,133
A_real_s5,level_1_5,5,1,0x3CDB712D,65.800003,Drop,e_lang,1,134
A_real_s5,level_1_5,5,1,0x3CDB712D,67.800004,Drop,e_lang,1,135
A_real_s5,level_1_5,5,1,0x3CDB712D,69.800004,Drop,e_lang,1,136
A_real_s5,level_1_5,5,1,0x3CDB712D,69.800004,Drop,e_lang,1,137
A_real_s5,level_1_5,5,1,0x3CDB712D,73.800004,Drop,bld_cheng,20,157
A_real_s5,level_1_5,5,1,0x3CDB712D,73.800004,Drop,e_shan,1,158
A_real_s5,level_1_5,5,1,0x3CDB712D,73.800004,End,,0,158
A_real_s5,level_1_5,5,2,0x0D21F212,0,Start,,0,45
A_real_s5,level_1_5,5,2,0x0D21F212,4.3,Drop,zu,1,46
A_real_s5,level_1_5,5,2,0x0D21F212,5.1,Drop,zu,1,47
A_real_s5,level_1_5,5,2,0x0D21F212,5.4,Drop,zu,1,48
A_real_s5,level_1_5,5,2,0x0D21F212,6.133334,Drop,zu,1,49
A_real_s5,level_1_5,5,2,0x0D21F212,7.6,Drop,e_liu,1,50
A_real_s5,level_1_5,5,2,0x0D21F212,8,Drop,e_liu,1,51
A_real_s5,level_1_5,5,2,0x0D21F212,8.333334,Drop,zu,1,52
A_real_s5,level_1_5,5,2,0x0D21F212,9.066667,Drop,zu,1,53
A_real_s5,level_1_5,5,2,0x0D21F212,11.600001,Drop,e_liu,1,54
A_real_s5,level_1_5,5,2,0x0D21F212,12.900001,Drop,zu,1,55
A_real_s5,level_1_5,5,2,0x0D21F212,13.600001,Drop,zu,1,56
A_real_s5,level_1_5,5,2,0x0D21F212,14.366667,Drop,zu,1,57
A_real_s5,level_1_5,5,2,0x0D21F212,14.833334,Drop,zu,1,58
A_real_s5,level_1_5,5,2,0x0D21F212,15.366667,Drop,zu,1,59
A_real_s5,level_1_5,5,2,0x0D21F212,15.600001,Drop,zu,1,60
A_real_s5,level_1_5,5,2,0x0D21F212,16.333334,Drop,zu,1,61
A_real_s5,level_1_5,5,2,0x0D21F212,17.000001,Drop,zu,1,62
A_real_s5,level_1_5,5,2,0x0D21F212,17.233334,Drop,zu,1,63
A_real_s5,level_1_5,5,2,0x0D21F212,17.600001,Drop,zu,1,64
A_real_s5,level_1_5,5,2,0x0D21F212,19.600001,Drop,e_shan,1,65
A_real_s5,level_1_5,5,2,0x0D21F212,20.733334,Drop,e_lang,1,66
A_real_s5,level_1_5,5,2,0x0D21F212,21.533334,Drop,e_lang,1,67
A_real_s5,level_1_5,5,2,0x0D21F212,21.600001,Drop,e_lang,1,68
A_real_s5,level_1_5,5,2,0x0D21F212,22.433335,Drop,e_lang,1,69
A_real_s5,level_1_5,5,2,0x0D21F212,23.066668,Drop,e_lang,1,70
A_real_s5,level_1_5,5,2,0x0D21F212,23.600001,Drop,e_lang,1,71
A_real_s5,level_1_5,5,2,0x0D21F212,24.100001,Drop,e_lang,1,72
A_real_s5,level_1_5,5,2,0x0D21F212,25.600001,Drop,e_shan,1,73
A_real_s5,level_1_5,5,2,0x0D21F212,27.266668,Drop,e_lang,1,74
A_real_s5,level_1_5,5,2,0x0D21F212,27.600001,Drop,e_shan,1,75
A_real_s5,level_1_5,5,2,0x0D21F212,28.200001,Drop,e_lang,1,76
A_real_s5,level_1_5,5,2,0x0D21F212,28.500001,Drop,e_lang,1,77
A_real_s5,level_1_5,5,2,0x0D21F212,28.933335,Drop,e_lang,1,78
A_real_s5,level_1_5,5,2,0x0D21F212,54.533336,Drop,e_liu,1,79
A_real_s5,level_1_5,5,2,0x0D21F212,55.033336,Drop,zu,1,80
A_real_s5,level_1_5,5,2,0x0D21F212,56.533336,Drop,e_shan,1,81
A_real_s5,level_1_5,5,2,0x0D21F212,57.533336,Drop,e_lang,1,82
A_real_s5,level_1_5,5,2,0x0D21F212,58.533336,Drop,e_shan,1,83
A_real_s5,level_1_5,5,2,0x0D21F212,58.533336,Drop,zu,1,84
A_real_s5,level_1_5,5,2,0x0D21F212,59.033336,Drop,e_shan,1,85
A_real_s5,level_1_5,5,2,0x0D21F212,59.333336,Drop,zu,1,86
A_real_s5,level_1_5,5,2,0x0D21F212,59.36667,Drop,zu,1,87
A_real_s5,level_1_5,5,2,0x0D21F212,60.000003,Drop,e_lang,1,88
A_real_s5,level_1_5,5,2,0x0D21F212,60.100003,Drop,e_lang,1,89
A_real_s5,level_1_5,5,2,0x0D21F212,60.533336,Drop,zqi,3,92
A_real_s5,level_1_5,5,2,0x0D21F212,60.533336,Drop,e_shan,1,93
A_real_s5,level_1_5,5,2,0x0D21F212,60.533336,Drop,e_liu,1,94
A_real_s5,level_1_5,5,2,0x0D21F212,62.533337,Drop,zqi,3,97
A_real_s5,level_1_5,5,2,0x0D21F212,62.533337,Drop,zqi,3,100
A_real_s5,level_1_5,5,2,0x0D21F212,63.16667,Drop,zu,1,101
A_real_s5,level_1_5,5,2,0x0D21F212,64.533337,Drop,e_liu,1,102
A_real_s5,level_1_5,5,2,0x0D21F212,66.533337,Drop,e_lang,1,103
A_real_s5,level_1_5,5,2,0x0D21F212,130.23334,End,,0,103
A_real_s5,level_1_5,5,3,0x5F16DFC3,0,Start,,0,45
A_real_s5,level_1_5,5,3,0x5F16DFC3,4.266667,Drop,zu,1,46
A_real_s5,level_1_5,5,3,0x5F16DFC3,5.1,Drop,zu,1,47
A_real_s5,level_1_5,5,3,0x5F16DFC3,5.5,Drop,zu,1,48
A_real_s5,level_1_5,5,3,0x5F16DFC3,6.966667,Drop,e_liu,1,49
A_real_s5,level_1_5,5,3,0x5F16DFC3,7.266667,Drop,zu,1,50
A_real_s5,level_1_5,5,3,0x5F16DFC3,8.133334,Drop,e_liu,1,51
A_real_s5,level_1_5,5,3,0x5F16DFC3,8.4,Drop,zu,1,52
A_real_s5,level_1_5,5,3,0x5F16DFC3,8.633334,Drop,zu,1,53
A_real_s5,level_1_5,5,3,0x5F16DFC3,9.066667,Drop,zu,1,54
A_real_s5,level_1_5,5,3,0x5F16DFC3,9.666667,Drop,zu,1,55
A_real_s5,level_1_5,5,3,0x5F16DFC3,9.700001,Drop,e_liu,1,56
A_real_s5,level_1_5,5,3,0x5F16DFC3,10.033334,Drop,zu,1,57
A_real_s5,level_1_5,5,3,0x5F16DFC3,10.066667,Drop,zu,1,58
A_real_s5,level_1_5,5,3,0x5F16DFC3,10.300001,Drop,zu,1,59
A_real_s5,level_1_5,5,3,0x5F16DFC3,10.500001,Drop,zu,1,60
A_real_s5,level_1_5,5,3,0x5F16DFC3,16.700001,Drop,zu,1,61
A_real_s5,level_1_5,5,3,0x5F16DFC3,17.900001,Drop,zu,1,62
A_real_s5,level_1_5,5,3,0x5F16DFC3,20.100001,Drop,e_liu,1,63
A_real_s5,level_1_5,5,3,0x5F16DFC3,20.933334,Drop,e_lang,1,64
A_real_s5,level_1_5,5,3,0x5F16DFC3,21.100001,Drop,e_lang,1,65
A_real_s5,level_1_5,5,3,0x5F16DFC3,22.200001,Drop,e_lang,1,66
A_real_s5,level_1_5,5,3,0x5F16DFC3,22.700001,Drop,e_lang,1,67
A_real_s5,level_1_5,5,3,0x5F16DFC3,22.966668,Drop,e_lang,1,68
A_real_s5,level_1_5,5,3,0x5F16DFC3,23.100001,Drop,e_lang,1,69
A_real_s5,level_1_5,5,3,0x5F16DFC3,24.166668,Drop,e_lang,1,70
A_real_s5,level_1_5,5,3,0x5F16DFC3,24.766668,Drop,zu,1,71
A_real_s5,level_1_5,5,3,0x5F16DFC3,25.100001,Drop,e_shan,1,72
A_real_s5,level_1_5,5,3,0x5F16DFC3,25.100001,Drop,zu,1,73
A_real_s5,level_1_5,5,3,0x5F16DFC3,25.100001,Drop,zu,1,74
A_real_s5,level_1_5,5,3,0x5F16DFC3,25.433335,Drop,zu,1,75
A_real_s5,level_1_5,5,3,0x5F16DFC3,26.166668,Drop,e_shan,1,76
A_real_s5,level_1_5,5,3,0x5F16DFC3,27.066668,Drop,e_lang,1,77
A_real_s5,level_1_5,5,3,0x5F16DFC3,27.100001,Drop,e_liu,1,78
A_real_s5,level_1_5,5,3,0x5F16DFC3,27.100001,Drop,zu,1,79
A_real_s5,level_1_5,5,3,0x5F16DFC3,27.100001,Drop,zu,1,80
A_real_s5,level_1_5,5,3,0x5F16DFC3,28.466668,Drop,zu,1,81
A_real_s5,level_1_5,5,3,0x5F16DFC3,29.100002,Drop,e_liu,1,82
A_real_s5,level_1_5,5,3,0x5F16DFC3,29.100002,Drop,zu,1,83
A_real_s5,level_1_5,5,3,0x5F16DFC3,29.100002,Drop,e_liu,1,84
A_real_s5,level_1_5,5,3,0x5F16DFC3,30.400002,Drop,e_shan,1,85
A_real_s5,level_1_5,5,3,0x5F16DFC3,30.666668,Drop,e_lang,1,86
A_real_s5,level_1_5,5,3,0x5F16DFC3,31.100002,Drop,e_lang,1,87
A_real_s5,level_1_5,5,3,0x5F16DFC3,32.633335,Drop,e_shan,1,88
A_real_s5,level_1_5,5,3,0x5F16DFC3,32.866668,Drop,e_lang,1,89
A_real_s5,level_1_5,5,3,0x5F16DFC3,33.100002,Drop,e_shan,1,90
A_real_s5,level_1_5,5,3,0x5F16DFC3,34.166668,Drop,e_shan,1,91
A_real_s5,level_1_5,5,3,0x5F16DFC3,35.100002,Drop,e_shan,1,92
A_real_s5,level_1_5,5,3,0x5F16DFC3,35.100002,Drop,zu,1,93
A_real_s5,level_1_5,5,3,0x5F16DFC3,36.766669,Drop,zu,1,94
A_real_s5,level_1_5,5,3,0x5F16DFC3,37.100002,Drop,zu,1,95
A_real_s5,level_1_5,5,3,0x5F16DFC3,39.100002,Drop,e_lang,1,96
A_real_s5,level_1_5,5,3,0x5F16DFC3,41.100002,Drop,zu,1,97
A_real_s5,level_1_5,5,3,0x5F16DFC3,43.100002,Drop,e_liu,1,98
A_real_s5,level_1_5,5,3,0x5F16DFC3,45.100002,Drop,zu,1,99
A_real_s5,level_1_5,5,3,0x5F16DFC3,47.100002,Drop,e_liu,1,100
A_real_s5,level_1_5,5,3,0x5F16DFC3,49.100003,Drop,e_liu,1,101
A_real_s5,level_1_5,5,3,0x5F16DFC3,51.100003,Drop,zu,1,102
A_real_s5,level_1_5,5,3,0x5F16DFC3,53.100003,Drop,e_liu,1,103
A_real_s5,level_1_5,5,3,0x5F16DFC3,55.100003,Drop,e_shan,1,104
A_real_s5,level_1_5,5,3,0x5F16DFC3,56.233336,Drop,e_lang,1,105
A_real_s5,level_1_5,5,3,0x5F16DFC3,56.700003,Drop,e_lang,1,106
A_real_s5,level_1_5,5,3,0x5F16DFC3,57.100003,Drop,e_lang,1,107
A_real_s5,level_1_5,5,3,0x5F16DFC3,57.733336,Drop,e_lang,1,108
A_real_s5,level_1_5,5,3,0x5F16DFC3,59.100003,Drop,zqi,3,111
A_real_s5,level_1_5,5,3,0x5F16DFC3,61.100003,Drop,zqi,3,114
A_real_s5,level_1_5,5,3,0x5F16DFC3,63.100003,Drop,zqi,3,117
A_real_s5,level_1_5,5,3,0x5F16DFC3,65.100003,Drop,e_shan,1,118
A_real_s5,level_1_5,5,3,0x5F16DFC3,65.900003,Drop,e_lang,1,119
A_real_s5,level_1_5,5,3,0x5F16DFC3,66.300003,Drop,e_lang,1,120
A_real_s5,level_1_5,5,3,0x5F16DFC3,70.600004,Drop,e_lang,1,121
A_real_s5,level_1_5,5,3,0x5F16DFC3,76.900004,Drop,zu,1,122
A_real_s5,level_1_5,5,3,0x5F16DFC3,76.966671,Drop,zu,1,123
A_real_s5,level_1_5,5,3,0x5F16DFC3,78.633337,Drop,zu,1,124
A_real_s5,level_1_5,5,3,0x5F16DFC3,78.900004,Drop,e_liu,1,125
A_real_s5,level_1_5,5,3,0x5F16DFC3,80.900004,Drop,e_liu,1,126
A_real_s5,level_1_5,5,3,0x5F16DFC3,82.900004,Drop,tie,3,129
A_real_s5,level_1_5,5,3,0x5F16DFC3,84.900004,Drop,tie,3,132
A_real_s5,level_1_5,5,3,0x5F16DFC3,84.900004,Drop,zu,1,133
A_real_s5,level_1_5,5,3,0x5F16DFC3,86.900005,Drop,zu,1,134
A_real_s5,level_1_5,5,3,0x5F16DFC3,86.900005,Drop,tie,3,137
A_real_s5,level_1_5,5,3,0x5F16DFC3,86.900005,Drop,e_liu,1,138
A_real_s5,level_1_5,5,3,0x5F16DFC3,86.900005,Drop,e_liu,1,139
A_real_s5,level_1_5,5,3,0x5F16DFC3,160.000008,End,,0,139
A_real_s5,level_1_5,5,4,0x19314B34,0,Start,,0,45
A_real_s5,level_1_5,5,4,0x19314B34,4.266667,Drop,zu,1,46
A_real_s5,level_1_5,5,4,0x19314B34,5.1,Drop,zu,1,47
A_real_s5,level_1_5,5,4,0x19314B34,5.366667,Drop,zu,1,48
A_real_s5,level_1_5,5,4,0x19314B34,6.1,Drop,zu,1,49
A_real_s5,level_1_5,5,4,0x19314B34,7.966667,Drop,e_liu,1,50
A_real_s5,level_1_5,5,4,0x19314B34,8,Drop,zu,1,51
A_real_s5,level_1_5,5,4,0x19314B34,9.066667,Drop,zu,1,52
A_real_s5,level_1_5,5,4,0x19314B34,9.333334,Drop,e_liu,1,53
A_real_s5,level_1_5,5,4,0x19314B34,9.4,Drop,zu,1,54
A_real_s5,level_1_5,5,4,0x19314B34,9.666667,Drop,zu,1,55
A_real_s5,level_1_5,5,4,0x19314B34,10.000001,Drop,e_liu,1,56
A_real_s5,level_1_5,5,4,0x19314B34,10.066667,Drop,zu,1,57
A_real_s5,level_1_5,5,4,0x19314B34,10.100001,Drop,zu,1,58
A_real_s5,level_1_5,5,4,0x19314B34,12.666667,Drop,zu,1,59
A_real_s5,level_1_5,5,4,0x19314B34,13.466667,Drop,zu,1,60
A_real_s5,level_1_5,5,4,0x19314B34,14.433334,Drop,zu,1,61
A_real_s5,level_1_5,5,4,0x19314B34,14.666667,Drop,zu,1,62
A_real_s5,level_1_5,5,4,0x19314B34,15.033334,Drop,zu,1,63
A_real_s5,level_1_5,5,4,0x19314B34,15.433334,Drop,zu,1,64
A_real_s5,level_1_5,5,4,0x19314B34,16.200001,Drop,zu,1,65
A_real_s5,level_1_5,5,4,0x19314B34,16.500001,Drop,zu,1,66
A_real_s5,level_1_5,5,4,0x19314B34,16.666668,Drop,zu,1,67
A_real_s5,level_1_5,5,4,0x19314B34,17.466668,Drop,zu,1,68
A_real_s5,level_1_5,5,4,0x19314B34,18.466668,Drop,zu,1,69
A_real_s5,level_1_5,5,4,0x19314B34,18.666668,Drop,e_shan,1,70
A_real_s5,level_1_5,5,4,0x19314B34,20.666668,Drop,e_shan,1,71
A_real_s5,level_1_5,5,4,0x19314B34,21.233334,Drop,e_lang,1,72
A_real_s5,level_1_5,5,4,0x19314B34,21.600001,Drop,e_lang,1,73
A_real_s5,level_1_5,5,4,0x19314B34,22.266668,Drop,e_lang,1,74
A_real_s5,level_1_5,5,4,0x19314B34,22.666668,Drop,e_lang,1,75
A_real_s5,level_1_5,5,4,0x19314B34,23.700001,Drop,e_lang,1,76
A_real_s5,level_1_5,5,4,0x19314B34,24.300001,Drop,e_lang,1,77
A_real_s5,level_1_5,5,4,0x19314B34,24.666668,Drop,e_lang,1,78
A_real_s5,level_1_5,5,4,0x19314B34,26.666668,Drop,e_lang,1,79
A_real_s5,level_1_5,5,4,0x19314B34,28.400001,Drop,e_lang,1,80
A_real_s5,level_1_5,5,4,0x19314B34,28.666668,Drop,e_lang,1,81
A_real_s5,level_1_5,5,4,0x19314B34,30.666668,Drop,e_shan,1,82
A_real_s5,level_1_5,5,4,0x19314B34,31.533335,Drop,e_lang,1,83
A_real_s5,level_1_5,5,4,0x19314B34,34.166668,Drop,zu,1,84
A_real_s5,level_1_5,5,4,0x19314B34,36.133335,Drop,zu,1,85
A_real_s5,level_1_5,5,4,0x19314B34,36.166669,Drop,zu,1,86
A_real_s5,level_1_5,5,4,0x19314B34,36.733335,Drop,zu,1,87
A_real_s5,level_1_5,5,4,0x19314B34,38.733335,Drop,e_liu,1,88
A_real_s5,level_1_5,5,4,0x19314B34,40.733335,Drop,tie,3,91
A_real_s5,level_1_5,5,4,0x19314B34,42.733336,Drop,e_liu,1,92
A_real_s5,level_1_5,5,4,0x19314B34,44.366669,Drop,zu,1,93
A_real_s5,level_1_5,5,4,0x19314B34,44.733336,Drop,zu,1,94
A_real_s5,level_1_5,5,4,0x19314B34,46.366669,Drop,zu,1,95
A_real_s5,level_1_5,5,4,0x19314B34,46.733336,Drop,e_liu,1,96
A_real_s5,level_1_5,5,4,0x19314B34,48.733336,Drop,e_liu,1,97
A_real_s5,level_1_5,5,4,0x19314B34,49.500003,Drop,zu,1,98
A_real_s5,level_1_5,5,4,0x19314B34,50.500003,Drop,zu,1,99
A_real_s5,level_1_5,5,4,0x19314B34,50.733336,Drop,zu,1,100
A_real_s5,level_1_5,5,4,0x19314B34,52.500003,Drop,zu,1,101
A_real_s5,level_1_5,5,4,0x19314B34,52.733336,Drop,e_shan,1,102
A_real_s5,level_1_5,5,4,0x19314B34,54.733336,Drop,e_shan,1,103
A_real_s5,level_1_5,5,4,0x19314B34,56.333336,Drop,e_lang,1,104
A_real_s5,level_1_5,5,4,0x19314B34,56.733336,Drop,e_lang,1,105
A_real_s5,level_1_5,5,4,0x19314B34,56.733336,Drop,e_lang,1,106
A_real_s5,level_1_5,5,4,0x19314B34,57.66667,Drop,e_lang,1,107
A_real_s5,level_1_5,5,4,0x19314B34,59.16667,Drop,zqi,3,110
A_real_s5,level_1_5,5,4,0x19314B34,61.16667,Drop,zqi,3,113
A_real_s5,level_1_5,5,4,0x19314B34,61.16667,Drop,zqi,3,116
A_real_s5,level_1_5,5,4,0x19314B34,61.16667,Drop,e_liu,1,117
A_real_s5,level_1_5,5,4,0x19314B34,63.16667,Drop,e_shan,1,118
A_real_s5,level_1_5,5,4,0x19314B34,64.233337,Drop,zu,1,119
A_real_s5,level_1_5,5,4,0x19314B34,65.16667,Drop,e_shan,1,120
A_real_s5,level_1_5,5,4,0x19314B34,66.333337,Drop,e_lang,1,121
A_real_s5,level_1_5,5,4,0x19314B34,66.76667,Drop,e_lang,1,122
A_real_s5,level_1_5,5,4,0x19314B34,67.16667,Drop,e_shan,1,123
A_real_s5,level_1_5,5,4,0x19314B34,68.233337,Drop,e_shan,1,124
A_real_s5,level_1_5,5,4,0x19314B34,69.16667,Drop,e_liu,1,125
A_real_s5,level_1_5,5,4,0x19314B34,71.16667,Drop,e_shan,1,126
A_real_s5,level_1_5,5,4,0x19314B34,71.733337,Drop,e_shan,1,127
A_real_s5,level_1_5,5,4,0x19314B34,71.96667,Drop,e_lang,1,128
A_real_s5,level_1_5,5,4,0x19314B34,73.16667,Drop,tie,3,131
A_real_s5,level_1_5,5,4,0x19314B34,75.166671,Drop,e_shan,1,132
A_real_s5,level_1_5,5,4,0x19314B34,77.166671,Drop,e_shan,1,133
A_real_s5,level_1_5,5,4,0x19314B34,77.166671,Drop,e_liu,1,134
A_real_s5,level_1_5,5,4,0x19314B34,78.600004,Drop,zu,1,135
A_real_s5,level_1_5,5,4,0x19314B34,79.166671,Drop,zu,1,136
A_real_s5,level_1_5,5,4,0x19314B34,79.166671,Drop,e_lang,1,137
A_real_s5,level_1_5,5,4,0x19314B34,80.266671,Drop,zu,1,138
A_real_s5,level_1_5,5,4,0x19314B34,81.166671,Drop,e_liu,1,139
A_real_s5,level_1_5,5,4,0x19314B34,83.166671,Drop,e_liu,1,140
A_real_s5,level_1_5,5,4,0x19314B34,85.166671,Drop,tie,3,143
A_real_s5,level_1_5,5,4,0x19314B34,87.166671,Drop,e_liu,1,144
A_real_s5,level_1_5,5,4,0x19314B34,87.166671,Drop,zu,1,145
A_real_s5,level_1_5,5,4,0x19314B34,160.000008,End,,0,145
A_real_s5,level_1_5,5,5,0x3AADB0FF,0,Start,,0,45
A_real_s5,level_1_5,5,5,0x3AADB0FF,4.3,Drop,zu,1,46
A_real_s5,level_1_5,5,5,0x3AADB0FF,5.3,Drop,zu,1,47
A_real_s5,level_1_5,5,5,0x3AADB0FF,5.433334,Drop,zu,1,48
A_real_s5,level_1_5,5,5,0x3AADB0FF,6.033334,Drop,zu,1,49
A_real_s5,level_1_5,5,5,0x3AADB0FF,7.5,Drop,e_liu,1,50
A_real_s5,level_1_5,5,5,0x3AADB0FF,8,Drop,e_liu,1,51
A_real_s5,level_1_5,5,5,0x3AADB0FF,8,Drop,zu,1,52
A_real_s5,level_1_5,5,5,0x3AADB0FF,8.433334,Drop,zu,1,53
A_real_s5,level_1_5,5,5,0x3AADB0FF,8.633334,Drop,zu,1,54
A_real_s5,level_1_5,5,5,0x3AADB0FF,9.566667,Drop,zu,1,55
A_real_s5,level_1_5,5,5,0x3AADB0FF,11.466667,Drop,zu,1,56
A_real_s5,level_1_5,5,5,0x3AADB0FF,11.733334,Drop,e_liu,1,57
A_real_s5,level_1_5,5,5,0x3AADB0FF,12.400001,Drop,zu,1,58
A_real_s5,level_1_5,5,5,0x3AADB0FF,12.700001,Drop,zu,1,59
A_real_s5,level_1_5,5,5,0x3AADB0FF,13.700001,Drop,zu,1,60
A_real_s5,level_1_5,5,5,0x3AADB0FF,13.733334,Drop,zu,1,61
A_real_s5,level_1_5,5,5,0x3AADB0FF,14.700001,Drop,zu,1,62
A_real_s5,level_1_5,5,5,0x3AADB0FF,15.433334,Drop,zu,1,63
A_real_s5,level_1_5,5,5,0x3AADB0FF,15.700001,Drop,zu,1,64
A_real_s5,level_1_5,5,5,0x3AADB0FF,15.733334,Drop,zu,1,65
A_real_s5,level_1_5,5,5,0x3AADB0FF,16.700001,Drop,zu,1,66
A_real_s5,level_1_5,5,5,0x3AADB0FF,17.366668,Drop,zu,1,67
A_real_s5,level_1_5,5,5,0x3AADB0FF,17.700001,Drop,zu,1,68
A_real_s5,level_1_5,5,5,0x3AADB0FF,18.300001,Drop,e_shan,1,69
A_real_s5,level_1_5,5,5,0x3AADB0FF,20.300001,Drop,e_shan,1,70
A_real_s5,level_1_5,5,5,0x3AADB0FF,21.233334,Drop,e_lang,1,71
A_real_s5,level_1_5,5,5,0x3AADB0FF,22.100001,Drop,e_lang,1,72
A_real_s5,level_1_5,5,5,0x3AADB0FF,22.300001,Drop,e_shan,1,73
A_real_s5,level_1_5,5,5,0x3AADB0FF,22.633335,Drop,e_shan,1,74
A_real_s5,level_1_5,5,5,0x3AADB0FF,23.233335,Drop,e_lang,1,75
A_real_s5,level_1_5,5,5,0x3AADB0FF,23.366668,Drop,e_lang,1,76
A_real_s5,level_1_5,5,5,0x3AADB0FF,23.533335,Drop,e_lang,1,77
A_real_s5,level_1_5,5,5,0x3AADB0FF,23.766668,Drop,e_lang,1,78
A_real_s5,level_1_5,5,5,0x3AADB0FF,24.100001,Drop,e_lang,1,79
A_real_s5,level_1_5,5,5,0x3AADB0FF,24.300001,Drop,e_lang,1,80
A_real_s5,level_1_5,5,5,0x3AADB0FF,26.300001,Drop,e_shan,1,81
A_real_s5,level_1_5,5,5,0x3AADB0FF,27.633335,Drop,e_lang,1,82
A_real_s5,level_1_5,5,5,0x3AADB0FF,28.200001,Drop,e_lang,1,83
A_real_s5,level_1_5,5,5,0x3AADB0FF,28.300001,Drop,e_shan,1,84
A_real_s5,level_1_5,5,5,0x3AADB0FF,28.300001,Drop,e_shan,1,85
A_real_s5,level_1_5,5,5,0x3AADB0FF,28.933335,Drop,e_lang,1,86
A_real_s5,level_1_5,5,5,0x3AADB0FF,29.233335,Drop,e_lang,1,87
A_real_s5,level_1_5,5,5,0x3AADB0FF,36.000002,Drop,zu,1,88
A_real_s5,level_1_5,5,5,0x3AADB0FF,36.766669,Drop,zu,1,89
A_real_s5,level_1_5,5,5,0x3AADB0FF,38.766669,Drop,e_liu,1,90
A_real_s5,level_1_5,5,5,0x3AADB0FF,40.766669,Drop,tie,3,93
A_real_s5,level_1_5,5,5,0x3AADB0FF,42.766669,Drop,tie,3,96
A_real_s5,level_1_5,5,5,0x3AADB0FF,44.766669,Drop,tie,3,99
A_real_s5,level_1_5,5,5,0x3AADB0FF,46.200002,Drop,zu,1,100
A_real_s5,level_1_5,5,5,0x3AADB0FF,46.766669,Drop,e_liu,1,101
A_real_s5,level_1_5,5,5,0x3AADB0FF,48.766669,Drop,e_liu,1,102
A_real_s5,level_1_5,5,5,0x3AADB0FF,50.766669,Drop,zu,1,103
A_real_s5,level_1_5,5,5,0x3AADB0FF,52.766669,Drop,e_shan,1,104
A_real_s5,level_1_5,5,5,0x3AADB0FF,54.76667,Drop,e_shan,1,105
A_real_s5,level_1_5,5,5,0x3AADB0FF,56.16667,Drop,e_lang,1,106
A_real_s5,level_1_5,5,5,0x3AADB0FF,56.76667,Drop,e_lang,1,107
A_real_s5,level_1_5,5,5,0x3AADB0FF,57.800003,Drop,e_lang,1,108
A_real_s5,level_1_5,5,5,0x3AADB0FF,58.76667,Drop,e_lang,1,109
A_real_s5,level_1_5,5,5,0x3AADB0FF,60.76667,Drop,zqi,3,112
A_real_s5,level_1_5,5,5,0x3AADB0FF,62.76667,Drop,e_shan,1,113
A_real_s5,level_1_5,5,5,0x3AADB0FF,64.76667,Drop,e_shan,1,114
A_real_s5,level_1_5,5,5,0x3AADB0FF,66.56667,Drop,e_lang,1,115
A_real_s5,level_1_5,5,5,0x3AADB0FF,66.96667,Drop,e_lang,1,116
A_real_s5,level_1_5,5,5,0x3AADB0FF,68.96667,Drop,e_lang,1,117
A_real_s5,level_1_5,5,5,0x3AADB0FF,70.96667,Drop,e_shan,1,118
A_real_s5,level_1_5,5,5,0x3AADB0FF,74.066671,Drop,bld_cheng,20,138
A_real_s5,level_1_5,5,5,0x3AADB0FF,74.066671,End,,0,138
A_real_s5,level_1_5,5,6,0x1AF0C266,0,Start,,0,45
A_real_s5,level_1_5,5,6,0x1AF0C266,4.266667,Drop,zu,1,46
A_real_s5,level_1_5,5,6,0x1AF0C266,4.966667,Drop,zu,1,47
A_real_s5,level_1_5,5,6,0x1AF0C266,5.4,Drop,zu,1,48
A_real_s5,level_1_5,5,6,0x1AF0C266,6.133334,Drop,zu,1,49
A_real_s5,level_1_5,5,6,0x1AF0C266,7.6,Drop,e_liu,1,50
A_real_s5,level_1_5,5,6,0x1AF0C266,8,Drop,e_liu,1,51
A_real_s5,level_1_5,5,6,0x1AF0C266,8,Drop,e_liu,1,52
A_real_s5,level_1_5,5,6,0x1AF0C266,8.333334,Drop,zu,1,53
A_real_s5,level_1_5,5,6,0x1AF0C266,9.066667,Drop,e_liu,1,54
A_real_s5,level_1_5,5,6,0x1AF0C266,11.766667,Drop,e_liu,1,55
A_real_s5,level_1_5,5,6,0x1AF0C266,12.500001,Drop,zu,1,56
A_real_s5,level_1_5,5,6,0x1AF0C266,12.833334,Drop,zu,1,57
A_real_s5,level_1_5,5,6,0x1AF0C266,13.666667,Drop,zu,1,58
A_real_s5,level_1_5,5,6,0x1AF0C266,13.766667,Drop,zu,1,59
A_real_s5,level_1_5,5,6,0x1AF0C266,14.433334,Drop,zu,1,60
A_real_s5,level_1_5,5,6,0x1AF0C266,15.433334,Drop,zu,1,61
A_real_s5,level_1_5,5,6,0x1AF0C266,15.766667,Drop,zu,1,62
A_real_s5,level_1_5,5,6,0x1AF0C266,16.433334,Drop,zu,1,63
A_real_s5,level_1_5,5,6,0x1AF0C266,17.433334,Drop,zu,1,64
A_real_s5,level_1_5,5,6,0x1AF0C266,17.766668,Drop,zu,1,65
A_real_s5,level_1_5,5,6,0x1AF0C266,18.433334,Drop,zu,1,66
A_real_s5,level_1_5,5,6,0x1AF0C266,19.433334,Drop,zu,1,67
A_real_s5,level_1_5,5,6,0x1AF0C266,19.766668,Drop,e_shan,1,68
A_real_s5,level_1_5,5,6,0x1AF0C266,21.433334,Drop,e_lang,1,69
A_real_s5,level_1_5,5,6,0x1AF0C266,21.766668,Drop,e_lang,1,70
A_real_s5,level_1_5,5,6,0x1AF0C266,22.800001,Drop,e_lang,1,71
A_real_s5,level_1_5,5,6,0x1AF0C266,23.300001,Drop,e_lang,1,72
A_real_s5,level_1_5,5,6,0x1AF0C266,23.766668,Drop,e_lang,1,73
A_real_s5,level_1_5,5,6,0x1AF0C266,24.700001,Drop,e_lang,1,74
A_real_s5,level_1_5,5,6,0x1AF0C266,25.766668,Drop,e_shan,1,75
A_real_s5,level_1_5,5,6,0x1AF0C266,26.433335,Drop,e_lang,1,76
A_real_s5,level_1_5,5,6,0x1AF0C266,27.233335,Drop,e_lang,1,77
A_real_s5,level_1_5,5,6,0x1AF0C266,27.766668,Drop,e_lang,1,78
A_real_s5,level_1_5,5,6,0x1AF0C266,28.266668,Drop,e_lang,1,79
A_real_s5,level_1_5,5,6,0x1AF0C266,28.666668,Drop,e_lang,1,80
A_real_s5,level_1_5,5,6,0x1AF0C266,48.433336,Drop,e_shan,1,81
A_real_s5,level_1_5,5,6,0x1AF0C266,49.766669,Drop,zu,1,82
A_real_s5,level_1_5,5,6,0x1AF0C266,51.466669,Drop,zu,1,83
A_real_s5,level_1_5,5,6,0x1AF0C266,51.766669,Drop,tie,3,86
A_real_s5,level_1_5,5,6,0x1AF0C266,53.766669,Drop,e_shan,1,87
A_real_s5,level_1_5,5,6,0x1AF0C266,55.500003,Drop,e_liu,1,88
A_real_s5,level_1_5,5,6,0x1AF0C266,55.76667,Drop,e_shan,1,89
A_real_s5,level_1_5,5,6,0x1AF0C266,56.76667,Drop,e_lang,1,90
A_real_s5,level_1_5,5,6,0x1AF0C266,56.96667,Drop,zu,1,91
A_real_s5,level_1_5,5,6,0x1AF0C266,57.700003,Drop,zu,1,92
A_real_s5,level_1_5,5,6,0x1AF0C266,57.76667,Drop,e_shan,1,93
A_real_s5,level_1_5,5,6,0x1AF0C266,57.76667,Drop,zu,1,94
A_real_s5,level_1_5,5,6,0x1AF0C266,57.76667,Drop,zu,1,95
A_real_s5,level_1_5,5,6,0x1AF0C266,57.833336,Drop,zu,1,96
A_real_s5,level_1_5,5,6,0x1AF0C266,59.76667,Drop,zqi,3,99
A_real_s5,level_1_5,5,6,0x1AF0C266,60.16667,Drop,e_shan,1,100
A_real_s5,level_1_5,5,6,0x1AF0C266,60.633336,Drop,e_lang,1,101
A_real_s5,level_1_5,5,6,0x1AF0C266,60.933337,Drop,e_lang,1,102
A_real_s5,level_1_5,5,6,0x1AF0C266,61.16667,Drop,e_lang,1,103
A_real_s5,level_1_5,5,6,0x1AF0C266,61.200003,Drop,e_shan,1,104
A_real_s5,level_1_5,5,6,0x1AF0C266,61.76667,Drop,e_liu,1,105
A_real_s5,level_1_5,5,6,0x1AF0C266,61.76667,Drop,e_liu,1,106
A_real_s5,level_1_5,5,6,0x1AF0C266,61.76667,Drop,zu,1,107
A_real_s5,level_1_5,5,6,0x1AF0C266,62.833337,Drop,e_liu,1,108
A_real_s5,level_1_5,5,6,0x1AF0C266,63.06667,Drop,zu,1,109
A_real_s5,level_1_5,5,6,0x1AF0C266,63.56667,Drop,zu,1,110
A_real_s5,level_1_5,5,6,0x1AF0C266,63.76667,Drop,zqi,3,113
A_real_s5,level_1_5,5,6,0x1AF0C266,63.76667,Drop,zqi,3,116
A_real_s5,level_1_5,5,6,0x1AF0C266,65.76667,Drop,e_shan,1,117
A_real_s5,level_1_5,5,6,0x1AF0C266,67.76667,Drop,tie,3,120
A_real_s5,level_1_5,5,6,0x1AF0C266,67.76667,Drop,e_shan,1,121
A_real_s5,level_1_5,5,6,0x1AF0C266,69.76667,Drop,tie,3,124
A_real_s5,level_1_5,5,6,0x1AF0C266,69.76667,Drop,e_lang,1,125
A_real_s5,level_1_5,5,6,0x1AF0C266,71.76667,Drop,e_shan,1,126
A_real_s5,level_1_5,5,6,0x1AF0C266,71.76667,Drop,e_lang,1,127
A_real_s5,level_1_5,5,6,0x1AF0C266,71.76667,Drop,zu,1,128
A_real_s5,level_1_5,5,6,0x1AF0C266,71.76667,Drop,zu,1,129
A_real_s5,level_1_5,5,6,0x1AF0C266,73.766671,Drop,e_shan,1,130
A_real_s5,level_1_5,5,6,0x1AF0C266,73.766671,Drop,e_liu,1,131
A_real_s5,level_1_5,5,6,0x1AF0C266,73.766671,Drop,e_liu,1,132
A_real_s5,level_1_5,5,6,0x1AF0C266,75.766671,Drop,e_liu,1,133
A_real_s5,level_1_5,5,6,0x1AF0C266,75.766671,Drop,e_lang,1,134
A_real_s5,level_1_5,5,6,0x1AF0C266,77.766671,Drop,e_shan,1,135
A_real_s5,level_1_5,5,6,0x1AF0C266,77.766671,Drop,e_shan,1,136
A_real_s5,level_1_5,5,6,0x1AF0C266,77.766671,Drop,e_shan,1,137
A_real_s5,level_1_5,5,6,0x1AF0C266,77.766671,Drop,zu,1,138
A_real_s5,level_1_5,5,6,0x1AF0C266,135.300007,End,,0,138
A_real_s5,level_1_5,5,7,0x553C6438,0,Start,,0,45
A_real_s5,level_1_5,5,7,0x553C6438,4.266667,Drop,zu,1,46
A_real_s5,level_1_5,5,7,0x553C6438,5.033334,Drop,zu,1,47
A_real_s5,level_1_5,5,7,0x553C6438,5.366667,Drop,zu,1,48
A_real_s5,level_1_5,5,7,0x553C6438,6.1,Drop,zu,1,49
A_real_s5,level_1_5,5,7,0x553C6438,7.566667,Drop,e_liu,1,50
A_real_s5,level_1_5,5,7,0x553C6438,8,Drop,e_liu,1,51
A_real_s5,level_1_5,5,7,0x553C6438,8.8,Drop,zu,1,52
A_real_s5,level_1_5,5,7,0x553C6438,9.033334,Drop,zu,1,53
A_real_s5,level_1_5,5,7,0x553C6438,9.266667,Drop,zu,1,54
A_real_s5,level_1_5,5,7,0x553C6438,10.766667,Drop,zu,1,55
A_real_s5,level_1_5,5,7,0x553C6438,11.633334,Drop,e_liu,1,56
A_real_s5,level_1_5,5,7,0x553C6438,12.766667,Drop,zu,1,57
A_real_s5,level_1_5,5,7,0x553C6438,13.633334,Drop,zu,1,58
A_real_s5,level_1_5,5,7,0x553C6438,14.300001,Drop,zu,1,59
A_real_s5,level_1_5,5,7,0x553C6438,14.766667,Drop,zu,1,60
A_real_s5,level_1_5,5,7,0x553C6438,15.233334,Drop,zu,1,61
A_real_s5,level_1_5,5,7,0x553C6438,15.633334,Drop,zu,1,62
A_real_s5,level_1_5,5,7,0x553C6438,16.333334,Drop,zu,1,63
A_real_s5,level_1_5,5,7,0x553C6438,17.000001,Drop,zu,1,64
A_real_s5,level_1_5,5,7,0x553C6438,17.633334,Drop,zu,1,65
A_real_s5,level_1_5,5,7,0x553C6438,17.633334,Drop,zu,1,66
A_real_s5,level_1_5,5,7,0x553C6438,19.633334,Drop,e_shan,1,67
A_real_s5,level_1_5,5,7,0x553C6438,21.266668,Drop,e_lang,1,68
A_real_s5,level_1_5,5,7,0x553C6438,21.633334,Drop,e_shan,1,69
A_real_s5,level_1_5,5,7,0x553C6438,22.066668,Drop,e_lang,1,70
A_real_s5,level_1_5,5,7,0x553C6438,23.100001,Drop,e_lang,1,71
A_real_s5,level_1_5,5,7,0x553C6438,23.633335,Drop,e_lang,1,72
A_real_s5,level_1_5,5,7,0x553C6438,24.933335,Drop,e_lang,1,73
A_real_s5,level_1_5,5,7,0x553C6438,25.633335,Drop,e_shan,1,74
A_real_s5,level_1_5,5,7,0x553C6438,26.400001,Drop,e_lang,1,75
A_real_s5,level_1_5,5,7,0x553C6438,26.900001,Drop,e_lang,1,76
A_real_s5,level_1_5,5,7,0x553C6438,27.300001,Drop,e_lang,1,77
A_real_s5,level_1_5,5,7,0x553C6438,27.633335,Drop,e_lang,1,78
A_real_s5,level_1_5,5,7,0x553C6438,27.633335,Drop,e_lang,1,79
A_real_s5,level_1_5,5,7,0x553C6438,28.700001,Drop,e_lang,1,80
A_real_s5,level_1_5,5,7,0x553C6438,29.633335,Drop,e_shan,1,81
A_real_s5,level_1_5,5,7,0x553C6438,31.633335,Drop,e_shan,1,82
A_real_s5,level_1_5,5,7,0x553C6438,33.633335,Drop,e_shan,1,83
A_real_s5,level_1_5,5,7,0x553C6438,35.633335,Drop,zu,1,84
A_real_s5,level_1_5,5,7,0x553C6438,35.633335,Drop,zu,1,85
A_real_s5,level_1_5,5,7,0x553C6438,37.066669,Drop,zu,1,86
A_real_s5,level_1_5,5,7,0x553C6438,37.633335,Drop,e_liu,1,87
A_real_s5,level_1_5,5,7,0x553C6438,37.633335,Drop,zu,1,88
A_real_s5,level_1_5,5,7,0x553C6438,39.633335,Drop,e_liu,1,89
A_real_s5,level_1_5,5,7,0x553C6438,41.633336,Drop,tie,3,92
A_real_s5,level_1_5,5,7,0x553C6438,41.633336,Drop,e_liu,1,93
A_real_s5,level_1_5,5,7,0x553C6438,43.633336,Drop,zu,1,94
A_real_s5,level_1_5,5,7,0x553C6438,45.633336,Drop,tie,3,97
A_real_s5,level_1_5,5,7,0x553C6438,47.633336,Drop,e_liu,1,98
A_real_s5,level_1_5,5,7,0x553C6438,47.633336,Drop,e_liu,1,99
A_real_s5,level_1_5,5,7,0x553C6438,49.633336,Drop,e_liu,1,100
A_real_s5,level_1_5,5,7,0x553C6438,51.633336,Drop,zu,1,101
A_real_s5,level_1_5,5,7,0x553C6438,52.066669,Drop,zu,1,102
A_real_s5,level_1_5,5,7,0x553C6438,53.633336,Drop,e_shan,1,103
A_real_s5,level_1_5,5,7,0x553C6438,55.633336,Drop,e_lang,1,104
A_real_s5,level_1_5,5,7,0x553C6438,55.633336,Drop,zu,1,105
A_real_s5,level_1_5,5,7,0x553C6438,56.700003,Drop,e_lang,1,106
A_real_s5,level_1_5,5,7,0x553C6438,57.233336,Drop,e_lang,1,107
A_real_s5,level_1_5,5,7,0x553C6438,57.533336,Drop,e_lang,1,108
A_real_s5,level_1_5,5,7,0x553C6438,57.633336,Drop,e_shan,1,109
A_real_s5,level_1_5,5,7,0x553C6438,59.633336,Drop,zqi,3,112
A_real_s5,level_1_5,5,7,0x553C6438,61.66667,Drop,zqi,3,115
A_real_s5,level_1_5,5,7,0x553C6438,61.66667,Drop,zqi,3,118
A_real_s5,level_1_5,5,7,0x553C6438,63.66667,Drop,e_shan,1,119
A_real_s5,level_1_5,5,7,0x553C6438,65.46667,Drop,e_lang,1,120
A_real_s5,level_1_5,5,7,0x553C6438,65.66667,Drop,e_shan,1,121
A_real_s5,level_1_5,5,7,0x553C6438,65.66667,Drop,e_lang,1,122
A_real_s5,level_1_5,5,7,0x553C6438,67.66667,Drop,e_shan,1,123
A_real_s5,level_1_5,5,7,0x553C6438,67.66667,Drop,e_shan,1,124
A_real_s5,level_1_5,5,7,0x553C6438,67.66667,Drop,zu,1,125
A_real_s5,level_1_5,5,7,0x553C6438,69.66667,Drop,e_shan,1,126
A_real_s5,level_1_5,5,7,0x553C6438,69.900004,Drop,e_lang,1,127
A_real_s5,level_1_5,5,7,0x553C6438,70.600004,Drop,zu,1,128
A_real_s5,level_1_5,5,7,0x553C6438,71.66667,Drop,e_liu,1,129
A_real_s5,level_1_5,5,7,0x553C6438,73.233337,Drop,zu,1,130
A_real_s5,level_1_5,5,7,0x553C6438,73.666671,Drop,e_shan,1,131
A_real_s5,level_1_5,5,7,0x553C6438,74.600004,Drop,zu,1,132
A_real_s5,level_1_5,5,7,0x553C6438,75.666671,Drop,tie,3,135
A_real_s5,level_1_5,5,7,0x553C6438,76.766671,Drop,zu,1,136
A_real_s5,level_1_5,5,7,0x553C6438,77.666671,Drop,zu,1,137
A_real_s5,level_1_5,5,7,0x553C6438,77.666671,Drop,e_shan,1,138
A_real_s5,level_1_5,5,7,0x553C6438,77.666671,Drop,zu,1,139
A_real_s5,level_1_5,5,7,0x553C6438,78.000004,Drop,e_lang,1,140
A_real_s5,level_1_5,5,7,0x553C6438,79.666671,Drop,e_liu,1,141
A_real_s5,level_1_5,5,7,0x553C6438,80.000004,Drop,e_liu,1,142
A_real_s5,level_1_5,5,7,0x553C6438,81.666671,Drop,e_liu,1,143
A_real_s5,level_1_5,5,7,0x553C6438,81.666671,Drop,zu,1,144
A_real_s5,level_1_5,5,7,0x553C6438,82.133338,Drop,e_liu,1,145
A_real_s5,level_1_5,5,7,0x553C6438,83.100004,Drop,e_liu,1,146
A_real_s5,level_1_5,5,7,0x553C6438,83.666671,Drop,tie,3,149
A_real_s5,level_1_5,5,7,0x553C6438,85.666671,Drop,tie,3,152
A_real_s5,level_1_5,5,7,0x553C6438,85.666671,Drop,zu,1,153
A_real_s5,level_1_5,5,7,0x553C6438,129.63334,End,,0,153
A_real_s5,level_1_5,5,8,0xEEDA1445,0,Start,,0,45
A_real_s5,level_1_5,5,8,0xEEDA1445,4.133334,Drop,zu,1,46
A_real_s5,level_1_5,5,8,0xEEDA1445,4.933334,Drop,zu,1,47
A_real_s5,level_1_5,5,8,0xEEDA1445,5.4,Drop,zu,1,48
A_real_s5,level_1_5,5,8,0xEEDA1445,6.133334,Drop,zu,1,49
A_real_s5,level_1_5,5,8,0xEEDA1445,6.866667,Drop,e_liu,1,50
A_real_s5,level_1_5,5,8,0xEEDA1445,8,Drop,e_liu,1,51
A_real_s5,level_1_5,5,8,0xEEDA1445,8.333334,Drop,e_liu,1,52
A_real_s5,level_1_5,5,8,0xEEDA1445,8.666667,Drop,zu,1,53
A_real_s5,level_1_5,5,8,0xEEDA1445,8.933334,Drop,zu,1,54
A_real_s5,level_1_5,5,8,0xEEDA1445,9.166667,Drop,zu,1,55
A_real_s5,level_1_5,5,8,0xEEDA1445,9.600001,Drop,zu,1,56
A_real_s5,level_1_5,5,8,0xEEDA1445,12.400001,Drop,zu,1,57
A_real_s5,level_1_5,5,8,0xEEDA1445,12.866667,Drop,zu,1,58
A_real_s5,level_1_5,5,8,0xEEDA1445,13.600001,Drop,zu,1,59
A_real_s5,level_1_5,5,8,0xEEDA1445,14.600001,Drop,zu,1,60
A_real_s5,level_1_5,5,8,0xEEDA1445,14.866667,Drop,zu,1,61
A_real_s5,level_1_5,5,8,0xEEDA1445,14.866667,Drop,zu,1,62
A_real_s5,level_1_5,5,8,0xEEDA1445,15.633334,Drop,zu,1,63
A_real_s5,level_1_5,5,8,0xEEDA1445,16.633334,Drop,zu,1,64
A_real_s5,level_1_5,5,8,0xEEDA1445,16.866668,Drop,zu,1,65
A_real_s5,level_1_5,5,8,0xEEDA1445,17.633334,Drop,zu,1,66
A_real_s5,level_1_5,5,8,0xEEDA1445,18.866668,Drop,e_shan,1,67
A_real_s5,level_1_5,5,8,0xEEDA1445,20.866668,Drop,e_shan,1,68
A_real_s5,level_1_5,5,8,0xEEDA1445,21.000001,Drop,e_lang,1,69
A_real_s5,level_1_5,5,8,0xEEDA1445,21.633334,Drop,e_shan,1,70
A_real_s5,level_1_5,5,8,0xEEDA1445,22.200001,Drop,e_lang,1,71
A_real_s5,level_1_5,5,8,0xEEDA1445,22.633335,Drop,e_lang,1,72
A_real_s5,level_1_5,5,8,0xEEDA1445,22.866668,Drop,e_shan,1,73
A_real_s5,level_1_5,5,8,0xEEDA1445,23.633335,Drop,e_lang,1,74
A_real_s5,level_1_5,5,8,0xEEDA1445,23.666668,Drop,e_lang,1,75
A_real_s5,level_1_5,5,8,0xEEDA1445,24.366668,Drop,e_lang,1,76
A_real_s5,level_1_5,5,8,0xEEDA1445,24.400001,Drop,e_lang,1,77
A_real_s5,level_1_5,5,8,0xEEDA1445,24.700001,Drop,e_lang,1,78
A_real_s5,level_1_5,5,8,0xEEDA1445,24.866668,Drop,e_shan,1,79
A_real_s5,level_1_5,5,8,0xEEDA1445,26.866668,Drop,e_lang,1,80
A_real_s5,level_1_5,5,8,0xEEDA1445,27.500001,Drop,e_lang,1,81
A_real_s5,level_1_5,5,8,0xEEDA1445,28.200001,Drop,e_lang,1,82
A_real_s5,level_1_5,5,8,0xEEDA1445,28.500001,Drop,e_lang,1,83
A_real_s5,level_1_5,5,8,0xEEDA1445,28.866668,Drop,e_shan,1,84
A_real_s5,level_1_5,5,8,0xEEDA1445,30.866668,Drop,e_shan,1,85
A_real_s5,level_1_5,5,8,0xEEDA1445,34.000002,Drop,zu,1,86
A_real_s5,level_1_5,5,8,0xEEDA1445,36.000002,Drop,zu,1,87
A_real_s5,level_1_5,5,8,0xEEDA1445,36.000002,Drop,zu,1,88
A_real_s5,level_1_5,5,8,0xEEDA1445,37.066669,Drop,zu,1,89
A_real_s5,level_1_5,5,8,0xEEDA1445,38.000002,Drop,e_liu,1,90
A_real_s5,level_1_5,5,8,0xEEDA1445,40.000002,Drop,e_liu,1,91
A_real_s5,level_1_5,5,8,0xEEDA1445,42.000002,Drop,tie,3,94
A_real_s5,level_1_5,5,8,0xEEDA1445,44.000002,Drop,zu,1,95
A_real_s5,level_1_5,5,8,0xEEDA1445,46.000002,Drop,zu,1,96
A_real_s5,level_1_5,5,8,0xEEDA1445,48.000003,Drop,e_liu,1,97
A_real_s5,level_1_5,5,8,0xEEDA1445,50.000003,Drop,zu,1,98
A_real_s5,level_1_5,5,8,0xEEDA1445,50.633336,Drop,zu,1,99
A_real_s5,level_1_5,5,8,0xEEDA1445,52.066669,Drop,zu,1,100
A_real_s5,level_1_5,5,8,0xEEDA1445,54.066669,Drop,e_shan,1,101
A_real_s5,level_1_5,5,8,0xEEDA1445,56.06667,Drop,e_lang,1,102
A_real_s5,level_1_5,5,8,0xEEDA1445,56.56667,Drop,e_lang,1,103
A_real_s5,level_1_5,5,8,0xEEDA1445,57.033336,Drop,e_lang,1,104
A_real_s5,level_1_5,5,8,0xEEDA1445,57.56667,Drop,e_lang,1,105
A_real_s5,level_1_5,5,8,0xEEDA1445,58.56667,Drop,zqi,3,108
A_real_s5,level_1_5,5,8,0xEEDA1445,60.56667,Drop,zqi,3,111
A_real_s5,level_1_5,5,8,0xEEDA1445,63.46667,Drop,zqi,3,114
A_real_s5,level_1_5,5,8,0xEEDA1445,66.300003,Drop,e_lang,1,115
A_real_s5,level_1_5,5,8,0xEEDA1445,72.56667,Drop,e_shan,1,116
A_real_s5,level_1_5,5,8,0xEEDA1445,72.900004,Drop,e_lang,1,117
A_real_s5,level_1_5,5,8,0xEEDA1445,75.333337,Drop,zu,1,118
A_real_s5,level_1_5,5,8,0xEEDA1445,77.333337,Drop,zu,1,119
A_real_s5,level_1_5,5,8,0xEEDA1445,77.866671,Drop,zu,1,120
A_real_s5,level_1_5,5,8,0xEEDA1445,79.333337,Drop,e_liu,1,121
A_real_s5,level_1_5,5,8,0xEEDA1445,80.533338,Drop,e_shan,1,122
A_real_s5,level_1_5,5,8,0xEEDA1445,81.200004,Drop,e_liu,1,123
A_real_s5,level_1_5,5,8,0xEEDA1445,81.333338,Drop,e_liu,1,124
A_real_s5,level_1_5,5,8,0xEEDA1445,81.333338,Drop,bld_cheng,20,144
A_real_s5,level_1_5,5,8,0xEEDA1445,81.333338,End,,0,144
A_real_s5,level_1_5,5,9,0x260EAFEC,0,Start,,0,45
A_real_s5,level_1_5,5,9,0x260EAFEC,4.233334,Drop,zu,1,46
A_real_s5,level_1_5,5,9,0x260EAFEC,4.966667,Drop,zu,1,47
A_real_s5,level_1_5,5,9,0x260EAFEC,5.4,Drop,zu,1,48
A_real_s5,level_1_5,5,9,0x260EAFEC,6.133334,Drop,zu,1,49
A_real_s5,level_1_5,5,9,0x260EAFEC,7.6,Drop,e_liu,1,50
A_real_s5,level_1_5,5,9,0x260EAFEC,8,Drop,e_liu,1,51
A_real_s5,level_1_5,5,9,0x260EAFEC,8.233334,Drop,zu,1,52
A_real_s5,level_1_5,5,9,0x260EAFEC,8.433334,Drop,zu,1,53
A_real_s5,level_1_5,5,9,0x260EAFEC,8.9,Drop,zu,1,54
A_real_s5,level_1_5,5,9,0x260EAFEC,9.133334,Drop,zu,1,55
A_real_s5,level_1_5,5,9,0x260EAFEC,9.533334,Drop,zu,1,56
A_real_s5,level_1_5,5,9,0x260EAFEC,9.633334,Drop,zu,1,57
A_real_s5,level_1_5,5,9,0x260EAFEC,9.933334,Drop,zu,1,58
A_real_s5,level_1_5,5,9,0x260EAFEC,10.000001,Drop,e_liu,1,59
A_real_s5,level_1_5,5,9,0x260EAFEC,12.766667,Drop,e_liu,1,60
A_real_s5,level_1_5,5,9,0x260EAFEC,13.400001,Drop,zu,1,61
A_real_s5,level_1_5,5,9,0x260EAFEC,14.066667,Drop,e_liu,1,62
A_real_s5,level_1_5,5,9,0x260EAFEC,14.766667,Drop,e_liu,1,63
A_real_s5,level_1_5,5,9,0x260EAFEC,14.766667,Drop,zu,1,64
A_real_s5,level_1_5,5,9,0x260EAFEC,15.333334,Drop,zu,1,65
A_real_s5,level_1_5,5,9,0x260EAFEC,15.733334,Drop,zu,1,66
A_real_s5,level_1_5,5,9,0x260EAFEC,16.066668,Drop,zu,1,67
A_real_s5,level_1_5,5,9,0x260EAFEC,16.566668,Drop,zu,1,68
A_real_s5,level_1_5,5,9,0x260EAFEC,16.733334,Drop,zu,1,69
A_real_s5,level_1_5,5,9,0x260EAFEC,16.766668,Drop,zu,1,70
A_real_s5,level_1_5,5,9,0x260EAFEC,16.766668,Drop,zu,1,71
A_real_s5,level_1_5,5,9,0x260EAFEC,18.333334,Drop,zu,1,72
A_real_s5,level_1_5,5,9,0x260EAFEC,18.766668,Drop,e_liu,1,73
A_real_s5,level_1_5,5,9,0x260EAFEC,18.766668,Drop,zu,1,74
A_real_s5,level_1_5,5,9,0x260EAFEC,20.766668,Drop,e_shan,1,75
A_real_s5,level_1_5,5,9,0x260EAFEC,22.766668,Drop,e_shan,1,76
A_real_s5,level_1_5,5,9,0x260EAFEC,22.766668,Drop,e_shan,1,77
A_real_s5,level_1_5,5,9,0x260EAFEC,22.766668,Drop,e_lang,1,78
A_real_s5,level_1_5,5,9,0x260EAFEC,24.766668,Drop,e_shan,1,79
A_real_s5,level_1_5,5,9,0x260EAFEC,25.466668,Drop,e_lang,1,80
A_real_s5,level_1_5,5,9,0x260EAFEC,25.866668,Drop,e_lang,1,81
A_real_s5,level_1_5,5,9,0x260EAFEC,26.166668,Drop,e_lang,1,82
A_real_s5,level_1_5,5,9,0x260EAFEC,26.200001,Drop,e_lang,1,83
A_real_s5,level_1_5,5,9,0x260EAFEC,26.733335,Drop,e_lang,1,84
A_real_s5,level_1_5,5,9,0x260EAFEC,26.766668,Drop,e_lang,1,85
A_real_s5,level_1_5,5,9,0x260EAFEC,27.566668,Drop,e_lang,1,86
A_real_s5,level_1_5,5,9,0x260EAFEC,28.700001,Drop,e_lang,1,87
A_real_s5,level_1_5,5,9,0x260EAFEC,28.766668,Drop,e_shan,1,88
A_real_s5,level_1_5,5,9,0x260EAFEC,29.633335,Drop,e_lang,1,89
A_real_s5,level_1_5,5,9,0x260EAFEC,34.033335,Drop,zu,1,90
A_real_s5,level_1_5,5,9,0x260EAFEC,36.033335,Drop,zu,1,91
A_real_s5,level_1_5,5,9,0x260EAFEC,38.033335,Drop,e_liu,1,92
A_real_s5,level_1_5,5,9,0x260EAFEC,40.033335,Drop,e_liu,1,93
A_real_s5,level_1_5,5,9,0x260EAFEC,42.033336,Drop,tie,3,96
A_real_s5,level_1_5,5,9,0x260EAFEC,44.033336,Drop,zu,1,97
A_real_s5,level_1_5,5,9,0x260EAFEC,44.533336,Drop,zu,1,98
A_real_s5,level_1_5,5,9,0x260EAFEC,46.033336,Drop,zu,1,99
A_real_s5,level_1_5,5,9,0x260EAFEC,48.033336,Drop,e_liu,1,100
A_real_s5,level_1_5,5,9,0x260EAFEC,50.033336,Drop,e_liu,1,101
A_real_s5,level_1_5,5,9,0x260EAFEC,50.533336,Drop,zu,1,102
A_real_s5,level_1_5,5,9,0x260EAFEC,51.533336,Drop,zu,1,103
A_real_s5,level_1_5,5,9,0x260EAFEC,52.533336,Drop,e_shan,1,104
A_real_s5,level_1_5,5,9,0x260EAFEC,54.533336,Drop,e_shan,1,105
A_real_s5,level_1_5,5,9,0x260EAFEC,56.16667,Drop,e_lang,1,106
A_real_s5,level_1_5,5,9,0x260EAFEC,56.533336,Drop,e_lang,1,107
A_real_s5,level_1_5,5,9,0x260EAFEC,57.033336,Drop,e_lang,1,108
A_real_s5,level_1_5,5,9,0x260EAFEC,57.96667,Drop,e_lang,1,109
A_real_s5,level_1_5,5,9,0x260EAFEC,58.633336,Drop,zqi,3,112
A_real_s5,level_1_5,5,9,0x260EAFEC,60.633336,Drop,zqi,3,115
A_real_s5,level_1_5,5,9,0x260EAFEC,60.633336,Drop,zqi,3,118
A_real_s5,level_1_5,5,9,0x260EAFEC,62.633337,Drop,e_shan,1,119
A_real_s5,level_1_5,5,9,0x260EAFEC,64.633337,Drop,e_shan,1,120
A_real_s5,level_1_5,5,9,0x260EAFEC,65.36667,Drop,e_lang,1,121
A_real_s5,level_1_5,5,9,0x260EAFEC,66.100003,Drop,e_lang,1,122
A_real_s5,level_1_5,5,9,0x260EAFEC,66.26667,Drop,e_lang,1,123
A_real_s5,level_1_5,5,9,0x260EAFEC,72.26667,Drop,e_shan,1,124
A_real_s5,level_1_5,5,9,0x260EAFEC,73.666671,Drop,e_shan,1,125
A_real_s5,level_1_5,5,9,0x260EAFEC,75.266671,Drop,zu,1,126
A_real_s5,level_1_5,5,9,0x260EAFEC,75.600004,Drop,zu,1,127
A_real_s5,level_1_5,5,9,0x260EAFEC,75.666671,Drop,e_shan,1,128
A_real_s5,level_1_5,5,9,0x260EAFEC,76.266671,Drop,zu,1,129
A_real_s5,level_1_5,5,9,0x260EAFEC,76.566671,Drop,zu,1,130
A_real_s5,level_1_5,5,9,0x260EAFEC,77.666671,Drop,e_shan,1,131
A_real_s5,level_1_5,5,9,0x260EAFEC,79.666671,Drop,e_liu,1,132
A_real_s5,level_1_5,5,9,0x260EAFEC,81.233338,Drop,e_liu,1,133
A_real_s5,level_1_5,5,9,0x260EAFEC,81.666671,Drop,tie,3,136
A_real_s5,level_1_5,5,9,0x260EAFEC,83.666671,Drop,tie,3,139
A_real_s5,level_1_5,5,9,0x260EAFEC,85.366671,Drop,zu,1,140
A_real_s5,level_1_5,5,9,0x260EAFEC,85.666671,Drop,zu,1,141
A_real_s5,level_1_5,5,9,0x260EAFEC,86.566671,Drop,zu,1,142
A_real_s5,level_1_5,5,9,0x260EAFEC,87.366671,Drop,zu,1,143
A_real_s5,level_1_5,5,9,0x260EAFEC,87.666671,Drop,e_liu,1,144
A_real_s5,level_1_5,5,9,0x260EAFEC,87.666671,Drop,tie,3,147
A_real_s5,level_1_5,5,9,0x260EAFEC,87.666671,Drop,bld_cheng,20,167
A_real_s5,level_1_5,5,9,0x260EAFEC,87.666671,End,,0,167
A_real_s5,level_1_5,5,10,0x8D9994B5,0,Start,,0,45
A_real_s5,level_1_5,5,10,0x8D9994B5,4.333334,Drop,zu,1,46
A_real_s5,level_1_5,5,10,0x8D9994B5,5.133334,Drop,zu,1,47
A_real_s5,level_1_5,5,10,0x8D9994B5,5.533334,Drop,zu,1,48
A_real_s5,level_1_5,5,10,0x8D9994B5,6.266667,Drop,zu,1,49
A_real_s5,level_1_5,5,10,0x8D9994B5,8,Drop,e_liu,1,50
A_real_s5,level_1_5,5,10,0x8D9994B5,8.3,Drop,zu,1,51
A_real_s5,level_1_5,5,10,0x8D9994B5,8.466667,Drop,e_liu,1,52
A_real_s5,level_1_5,5,10,0x8D9994B5,9.066667,Drop,zu,1,53
A_real_s5,level_1_5,5,10,0x8D9994B5,9.466667,Drop,zu,1,54
A_real_s5,level_1_5,5,10,0x8D9994B5,11.600001,Drop,e_liu,1,55
A_real_s5,level_1_5,5,10,0x8D9994B5,12.833334,Drop,zu,1,56
A_real_s5,level_1_5,5,10,0x8D9994B5,13.600001,Drop,zu,1,57
A_real_s5,level_1_5,5,10,0x8D9994B5,13.833334,Drop,zu,1,58
A_real_s5,level_1_5,5,10,0x8D9994B5,14.833334,Drop,zu,1,59
A_real_s5,level_1_5,5,10,0x8D9994B5,15.400001,Drop,zu,1,60
A_real_s5,level_1_5,5,10,0x8D9994B5,15.600001,Drop,zu,1,61
A_real_s5,level_1_5,5,10,0x8D9994B5,15.600001,Drop,zu,1,62
A_real_s5,level_1_5,5,10,0x8D9994B5,16.400001,Drop,zu,1,63
A_real_s5,level_1_5,5,10,0x8D9994B5,17.266668,Drop,zu,1,64
A_real_s5,level_1_5,5,10,0x8D9994B5,17.600001,Drop,zu,1,65
A_real_s5,level_1_5,5,10,0x8D9994B5,19.600001,Drop,e_shan,1,66
A_real_s5,level_1_5,5,10,0x8D9994B5,21.233334,Drop,e_lang,1,67
A_real_s5,level_1_5,5,10,0x8D9994B5,21.600001,Drop,e_lang,1,68
A_real_s5,level_1_5,5,10,0x8D9994B5,22.366668,Drop,e_lang,1,69
A_real_s5,level_1_5,5,10,0x8D9994B5,23.200001,Drop,e_lang,1,70
A_real_s5,level_1_5,5,10,0x8D9994B5,23.600001,Drop,e_lang,1,71
A_real_s5,level_1_5,5,10,0x8D9994B5,24.300001,Drop,e_lang,1,72
A_real_s5,level_1_5,5,10,0x8D9994B5,25.033335,Drop,e_lang,1,73
A_real_s5,level_1_5,5,10,0x8D9994B5,25.600001,Drop,e_shan,1,74
A_real_s5,level_1_5,5,10,0x8D9994B5,27.033335,Drop,e_lang,1,75
A_real_s5,level_1_5,5,10,0x8D9994B5,27.600001,Drop,e_lang,1,76
A_real_s5,level_1_5,5,10,0x8D9994B5,27.600001,Drop,e_lang,1,77
A_real_s5,level_1_5,5,10,0x8D9994B5,28.733335,Drop,e_lang,1,78
A_real_s5,level_1_5,5,10,0x8D9994B5,29.600002,Drop,e_shan,1,79
A_real_s5,level_1_5,5,10,0x8D9994B5,36.033335,Drop,zu,1,80
A_real_s5,level_1_5,5,10,0x8D9994B5,40.933335,Drop,e_liu,1,81
A_real_s5,level_1_5,5,10,0x8D9994B5,41.166669,Drop,e_liu,1,82
A_real_s5,level_1_5,5,10,0x8D9994B5,42.933336,Drop,tie,3,85
A_real_s5,level_1_5,5,10,0x8D9994B5,43.366669,Drop,zu,1,86
A_real_s5,level_1_5,5,10,0x8D9994B5,44.366669,Drop,zu,1,87
A_real_s5,level_1_5,5,10,0x8D9994B5,44.933336,Drop,zu,1,88
A_real_s5,level_1_5,5,10,0x8D9994B5,46.933336,Drop,e_liu,1,89
A_real_s5,level_1_5,5,10,0x8D9994B5,48.933336,Drop,e_liu,1,90
A_real_s5,level_1_5,5,10,0x8D9994B5,50.933336,Drop,zu,1,91
A_real_s5,level_1_5,5,10,0x8D9994B5,52.433336,Drop,e_liu,1,92
A_real_s5,level_1_5,5,10,0x8D9994B5,52.933336,Drop,e_shan,1,93
A_real_s5,level_1_5,5,10,0x8D9994B5,54.933336,Drop,e_shan,1,94
A_real_s5,level_1_5,5,10,0x8D9994B5,56.333336,Drop,e_lang,1,95
A_real_s5,level_1_5,5,10,0x8D9994B5,56.900003,Drop,e_lang,1,96
A_real_s5,level_1_5,5,10,0x8D9994B5,56.933336,Drop,e_lang,1,97
A_real_s5,level_1_5,5,10,0x8D9994B5,57.833336,Drop,e_lang,1,98
A_real_s5,level_1_5,5,10,0x8D9994B5,58.933336,Drop,zqi,3,101
A_real_s5,level_1_5,5,10,0x8D9994B5,60.933337,Drop,zqi,3,104
A_real_s5,level_1_5,5,10,0x8D9994B5,60.933337,Drop,e_shan,1,105
A_real_s5,level_1_5,5,10,0x8D9994B5,62.933337,Drop,zqi,3,108
A_real_s5,level_1_5,5,10,0x8D9994B5,64.933337,Drop,e_lang,1,109
A_real_s5,level_1_5,5,10,0x8D9994B5,65.86667,Drop,e_lang,1,110
A_real_s5,level_1_5,5,10,0x8D9994B5,66.733337,Drop,e_lang,1,111
A_real_s5,level_1_5,5,10,0x8D9994B5,66.933337,Drop,e_shan,1,112
A_real_s5,level_1_5,5,10,0x8D9994B5,68.933337,Drop,e_shan,1,113
A_real_s5,level_1_5,5,10,0x8D9994B5,70.56667,Drop,e_shan,1,114
A_real_s5,level_1_5,5,10,0x8D9994B5,70.933337,Drop,e_shan,1,115
A_real_s5,level_1_5,5,10,0x8D9994B5,70.933337,Drop,zu,1,116
A_real_s5,level_1_5,5,10,0x8D9994B5,72.733337,Drop,e_shan,1,117
A_real_s5,level_1_5,5,10,0x8D9994B5,72.933337,Drop,e_shan,1,118
A_real_s5,level_1_5,5,10,0x8D9994B5,72.933337,Drop,zu,1,119
A_real_s5,level_1_5,5,10,0x8D9994B5,73.733337,Drop,zu,1,120
A_real_s5,level_1_5,5,10,0x8D9994B5,74.933337,Drop,tie,3,123
A_real_s5,level_1_5,5,10,0x8D9994B5,76.100004,Drop,zu,1,124
A_real_s5,level_1_5,5,10,0x8D9994B5,76.933337,Drop,zu,1,125
A_real_s5,level_1_5,5,10,0x8D9994B5,78.933337,Drop,e_liu,1,126
A_real_s5,level_1_5,5,10,0x8D9994B5,78.933337,Drop,zu,1,127
A_real_s5,level_1_5,5,10,0x8D9994B5,79.433337,Drop,e_shan,1,128
A_real_s5,level_1_5,5,10,0x8D9994B5,80.933338,Drop,e_liu,1,129
A_real_s5,level_1_5,5,10,0x8D9994B5,80.933338,Drop,e_lang,1,130
A_real_s5,level_1_5,5,10,0x8D9994B5,82.766671,Drop,e_liu,1,131
A_real_s5,level_1_5,5,10,0x8D9994B5,82.933338,Drop,tie,3,134
A_real_s5,level_1_5,5,10,0x8D9994B5,84.933338,Drop,e_liu,1,135
A_real_s5,level_1_5,5,10,0x8D9994B5,84.933338,Drop,zu,1,136
A_real_s5,level_1_5,5,10,0x8D9994B5,86.933338,Drop,zu,1,137
A_real_s5,level_1_5,5,10,0x8D9994B5,86.933338,Drop,zu,1,138
A_real_s5,level_1_5,5,10,0x8D9994B5,86.933338,Drop,zu,1,139
A_real_s5,level_1_5,5,10,0x8D9994B5,86.933338,Drop,zu,1,140
A_real_s5,level_1_5,5,10,0x8D9994B5,160.000008,End,,0,140
A_real_s5,level_1_5,5,11,0x5EE20D72,0,Start,,0,45
A_real_s5,level_1_5,5,11,0x5EE20D72,4.066667,Drop,zu,1,46
A_real_s5,level_1_5,5,11,0x5EE20D72,4.9,Drop,zu,1,47
A_real_s5,level_1_5,5,11,0x5EE20D72,5.433334,Drop,zu,1,48
A_real_s5,level_1_5,5,11,0x5EE20D72,6.1,Drop,zu,1,49
A_real_s5,level_1_5,5,11,0x5EE20D72,7.166667,Drop,e_liu,1,50
A_real_s5,level_1_5,5,11,0x5EE20D72,7.9,Drop,e_liu,1,51
A_real_s5,level_1_5,5,11,0x5EE20D72,8.233334,Drop,e_liu,1,52
A_real_s5,level_1_5,5,11,0x5EE20D72,8.833334,Drop,zu,1,53
A_real_s5,level_1_5,5,11,0x5EE20D72,9.1,Drop,e_liu,1,54
A_real_s5,level_1_5,5,11,0x5EE20D72,9.133334,Drop,zu,1,55
A_real_s5,level_1_5,5,11,0x5EE20D72,9.900001,Drop,zu,1,56
A_real_s5,level_1_5,5,11,0x5EE20D72,10.166667,Drop,zu,1,57
A_real_s5,level_1_5,5,11,0x5EE20D72,10.533334,Drop,zu,1,58
A_real_s5,level_1_5,5,11,0x5EE20D72,10.733334,Drop,zu,1,59
A_real_s5,level_1_5,5,11,0x5EE20D72,20.366668,Drop,e_lang,1,60
A_real_s5,level_1_5,5,11,0x5EE20D72,20.533334,Drop,zu,1,61
A_real_s5,level_1_5,5,11,0x5EE20D72,21.533334,Drop,e_lang,1,62
A_real_s5,level_1_5,5,11,0x5EE20D72,22.266668,Drop,e_lang,1,63
A_real_s5,level_1_5,5,11,0x5EE20D72,22.366668,Drop,e_lang,1,64
A_real_s5,level_1_5,5,11,0x5EE20D72,23.000001,Drop,e_lang,1,65
A_real_s5,level_1_5,5,11,0x5EE20D72,23.733335,Drop,e_lang,1,66
A_real_s5,level_1_5,5,11,0x5EE20D72,24.366668,Drop,e_lang,1,67
A_real_s5,level_1_5,5,11,0x5EE20D72,24.366668,Drop,e_lang,1,68
A_real_s5,level_1_5,5,11,0x5EE20D72,26.366668,Drop,e_shan,1,69
A_real_s5,level_1_5,5,11,0x5EE20D72,27.300001,Drop,e_lang,1,70
A_real_s5,level_1_5,5,11,0x5EE20D72,28.366668,Drop,e_shan,1,71
A_real_s5,level_1_5,5,11,0x5EE20D72,28.966668,Drop,e_lang,1,72
A_real_s5,level_1_5,5,11,0x5EE20D72,30.366668,Drop,e_shan,1,73
A_real_s5,level_1_5,5,11,0x5EE20D72,32.366668,Drop,e_lang,1,74
A_real_s5,level_1_5,5,11,0x5EE20D72,32.366668,Drop,e_lang,1,75
A_real_s5,level_1_5,5,11,0x5EE20D72,34.366668,Drop,e_shan,1,76
A_real_s5,level_1_5,5,11,0x5EE20D72,36.366669,Drop,e_shan,1,77
A_real_s5,level_1_5,5,11,0x5EE20D72,38.366669,Drop,e_shan,1,78
A_real_s5,level_1_5,5,11,0x5EE20D72,40.366669,Drop,tie,3,81
A_real_s5,level_1_5,5,11,0x5EE20D72,42.366669,Drop,tie,3,84
A_real_s5,level_1_5,5,11,0x5EE20D72,44.366669,Drop,zu,1,85
A_real_s5,level_1_5,5,11,0x5EE20D72,46.200002,Drop,zu,1,86
A_real_s5,level_1_5,5,11,0x5EE20D72,46.400002,Drop,e_liu,1,87
A_real_s5,level_1_5,5,11,0x5EE20D72,48.400003,Drop,e_liu,1,88
A_real_s5,level_1_5,5,11,0x5EE20D72,48.400003,Drop,e_liu,1,89
A_real_s5,level_1_5,5,11,0x5EE20D72,50.400003,Drop,zu,1,90
A_real_s5,level_1_5,5,11,0x5EE20D72,52.400003,Drop,zu,1,91
A_real_s5,level_1_5,5,11,0x5EE20D72,54.400003,Drop,e_shan,1,92
A_real_s5,level_1_5,5,11,0x5EE20D72,56.133336,Drop,e_lang,1,93
A_real_s5,level_1_5,5,11,0x5EE20D72,56.400003,Drop,e_liu,1,94
A_real_s5,level_1_5,5,11,0x5EE20D72,57.533336,Drop,e_lang,1,95
A_real_s5,level_1_5,5,11,0x5EE20D72,57.76667,Drop,e_lang,1,96
A_real_s5,level_1_5,5,11,0x5EE20D72,58.233336,Drop,e_lang,1,97
A_real_s5,level_1_5,5,11,0x5EE20D72,58.400003,Drop,e_shan,1,98
A_real_s5,level_1_5,5,11,0x5EE20D72,60.400003,Drop,zqi,3,101
A_real_s5,level_1_5,5,11,0x5EE20D72,60.400003,Drop,zqi,3,104
A_real_s5,level_1_5,5,11,0x5EE20D72,62.400003,Drop,e_shan,1,105
A_real_s5,level_1_5,5,11,0x5EE20D72,64.400003,Drop,e_shan,1,106
A_real_s5,level_1_5,5,11,0x5EE20D72,66.100003,Drop,e_lang,1,107
A_real_s5,level_1_5,5,11,0x5EE20D72,66.400003,Drop,e_lang,1,108
A_real_s5,level_1_5,5,11,0x5EE20D72,68.300004,Drop,zqi,3,111
A_real_s5,level_1_5,5,11,0x5EE20D72,68.400004,Drop,e_shan,1,112
A_real_s5,level_1_5,5,11,0x5EE20D72,70.400004,Drop,e_shan,1,113
A_real_s5,level_1_5,5,11,0x5EE20D72,72.400004,Drop,zu,1,114
A_real_s5,level_1_5,5,11,0x5EE20D72,74.066671,Drop,bld_cheng,20,134
A_real_s5,level_1_5,5,11,0x5EE20D72,74.066671,End,,0,134
A_real_s5,level_1_5,5,12,0xF6C41854,0,Start,,0,45
A_real_s5,level_1_5,5,12,0xF6C41854,4.066667,Drop,zu,1,46
A_real_s5,level_1_5,5,12,0xF6C41854,4.933334,Drop,zu,1,47
A_real_s5,level_1_5,5,12,0xF6C41854,5.433334,Drop,zu,1,48
A_real_s5,level_1_5,5,12,0xF6C41854,6.166667,Drop,zu,1,49
A_real_s5,level_1_5,5,12,0xF6C41854,7.6,Drop,e_liu,1,50
A_real_s5,level_1_5,5,12,0xF6C41854,8.1,Drop,e_liu,1,51
A_real_s5,level_1_5,5,12,0xF6C41854,8.833334,Drop,zu,1,52
A_real_s5,level_1_5,5,12,0xF6C41854,11.533334,Drop,zu,1,53
A_real_s5,level_1_5,5,12,0xF6C41854,11.566667,Drop,zu,1,54
A_real_s5,level_1_5,5,12,0xF6C41854,11.633334,Drop,e_liu,1,55
A_real_s5,level_1_5,5,12,0xF6C41854,12.500001,Drop,zu,1,56
A_real_s5,level_1_5,5,12,0xF6C41854,12.600001,Drop,zu,1,57
A_real_s5,level_1_5,5,12,0xF6C41854,12.633334,Drop,zu,1,58
A_real_s5,level_1_5,5,12,0xF6C41854,13.633334,Drop,zu,1,59
A_real_s5,level_1_5,5,12,0xF6C41854,13.633334,Drop,zu,1,60
A_real_s5,level_1_5,5,12,0xF6C41854,14.633334,Drop,zu,1,61
A_real_s5,level_1_5,5,12,0xF6C41854,15.333334,Drop,zu,1,62
A_real_s5,level_1_5,5,12,0xF6C41854,15.633334,Drop,zu,1,63
A_real_s5,level_1_5,5,12,0xF6C41854,15.633334,Drop,zu,1,64
A_real_s5,level_1_5,5,12,0xF6C41854,16.633334,Drop,zu,1,65
A_real_s5,level_1_5,5,12,0xF6C41854,17.333334,Drop,zu,1,66
A_real_s5,level_1_5,5,12,0xF6C41854,17.633334,Drop,zu,1,67
A_real_s5,level_1_5,5,12,0xF6C41854,18.233334,Drop,e_shan,1,68
A_real_s5,level_1_5,5,12,0xF6C41854,20.233334,Drop,e_shan,1,69
A_real_s5,level_1_5,5,12,0xF6C41854,21.166668,Drop,e_lang,1,70
A_real_s5,level_1_5,5,12,0xF6C41854,22.133334,Drop,e_lang,1,71
A_real_s5,level_1_5,5,12,0xF6C41854,22.233334,Drop,e_shan,1,72
A_real_s5,level_1_5,5,12,0xF6C41854,22.233334,Drop,e_lang,1,73
A_real_s5,level_1_5,5,12,0xF6C41854,22.666668,Drop,e_lang,1,74
A_real_s5,level_1_5,5,12,0xF6C41854,23.966668,Drop,e_lang,1,75
A_real_s5,level_1_5,5,12,0xF6C41854,24.233335,Drop,e_shan,1,76
A_real_s5,level_1_5,5,12,0xF6C41854,24.233335,Drop,e_lang,1,77
A_real_s5,level_1_5,5,12,0xF6C41854,24.233335,Drop,e_lang,1,78
A_real_s5,level_1_5,5,12,0xF6C41854,24.766668,Drop,e_lang,1,79
A_real_s5,level_1_5,5,12,0xF6C41854,26.233335,Drop,e_shan,1,80
A_real_s5,level_1_5,5,12,0xF6C41854,28.133335,Drop,e_lang,1,81
A_real_s5,level_1_5,5,12,0xF6C41854,28.233335,Drop,e_shan,1,82
A_real_s5,level_1_5,5,12,0xF6C41854,28.666668,Drop,e_lang,1,83
A_real_s5,level_1_5,5,12,0xF6C41854,29.366668,Drop,e_shan,1,84
A_real_s5,level_1_5,5,12,0xF6C41854,29.633335,Drop,e_lang,1,85
A_real_s5,level_1_5,5,12,0xF6C41854,30.333335,Drop,e_lang,1,86
A_real_s5,level_1_5,5,12,0xF6C41854,34.166668,Drop,zu,1,87
A_real_s5,level_1_5,5,12,0xF6C41854,34.900002,Drop,zu,1,88
A_real_s5,level_1_5,5,12,0xF6C41854,35.166669,Drop,zu,1,89
A_real_s5,level_1_5,5,12,0xF6C41854,36.166669,Drop,zu,1,90
A_real_s5,level_1_5,5,12,0xF6C41854,37.233335,Drop,e_liu,1,91
A_real_s5,level_1_5,5,12,0xF6C41854,39.000002,Drop,e_liu,1,92
A_real_s5,level_1_5,5,12,0xF6C41854,39.233335,Drop,e_liu,1,93
A_real_s5,level_1_5,5,12,0xF6C41854,40.466669,Drop,e_liu,1,94
A_real_s5,level_1_5,5,12,0xF6C41854,41.233335,Drop,tie,3,97
A_real_s5,level_1_5,5,12,0xF6C41854,43.233336,Drop,tie,3,100
A_real_s5,level_1_5,5,12,0xF6C41854,45.233336,Drop,tie,3,103
A_real_s5,level_1_5,5,12,0xF6C41854,45.233336,Drop,zu,1,104
A_real_s5,level_1_5,5,12,0xF6C41854,47.200002,Drop,zu,1,105
A_real_s5,level_1_5,5,12,0xF6C41854,47.400002,Drop,e_liu,1,106
A_real_s5,level_1_5,5,12,0xF6C41854,49.400003,Drop,e_liu,1,107
A_real_s5,level_1_5,5,12,0xF6C41854,51.200003,Drop,zu,1,108
A_real_s5,level_1_5,5,12,0xF6C41854,53.400003,Drop,e_shan,1,109
A_real_s5,level_1_5,5,12,0xF6C41854,55.400003,Drop,e_shan,1,110
A_real_s5,level_1_5,5,12,0xF6C41854,56.26667,Drop,e_lang,1,111
A_real_s5,level_1_5,5,12,0xF6C41854,56.733336,Drop,e_lang,1,112
A_real_s5,level_1_5,5,12,0xF6C41854,57.26667,Drop,e_lang,1,113
A_real_s5,level_1_5,5,12,0xF6C41854,57.400003,Drop,e_lang,1,114
A_real_s5,level_1_5,5,12,0xF6C41854,59.400003,Drop,zqi,3,117
A_real_s5,level_1_5,5,12,0xF6C41854,59.400003,Drop,zqi,3,120
A_real_s5,level_1_5,5,12,0xF6C41854,76.566671,Drop,bld_cheng,20,140
A_real_s5,level_1_5,5,12,0xF6C41854,76.566671,End,,0,140
A_real_s5,level_1_5,5,13,0xCC1AF4D3,0,Start,,0,45
A_real_s5,level_1_5,5,13,0xCC1AF4D3,4.1,Drop,zu,1,46
A_real_s5,level_1_5,5,13,0xCC1AF4D3,4.933334,Drop,zu,1,47
A_real_s5,level_1_5,5,13,0xCC1AF4D3,5.4,Drop,zu,1,48
A_real_s5,level_1_5,5,13,0xCC1AF4D3,6.133334,Drop,zu,1,49
A_real_s5,level_1_5,5,13,0xCC1AF4D3,7.866667,Drop,e_liu,1,50
A_real_s5,level_1_5,5,13,0xCC1AF4D3,8,Drop,e_liu,1,51
A_real_s5,level_1_5,5,13,0xCC1AF4D3,8.5,Drop,zu,1,52
A_real_s5,level_1_5,5,13,0xCC1AF4D3,8.7,Drop,zu,1,53
A_real_s5,level_1_5,5,13,0xCC1AF4D3,8.933334,Drop,zu,1,54
A_real_s5,level_1_5,5,13,0xCC1AF4D3,10.633334,Drop,zu,1,55
A_real_s5,level_1_5,5,13,0xCC1AF4D3,11.633334,Drop,e_liu,1,56
A_real_s5,level_1_5,5,13,0xCC1AF4D3,12.466667,Drop,zu,1,57
A_real_s5,level_1_5,5,13,0xCC1AF4D3,13.466667,Drop,zu,1,58
A_real_s5,level_1_5,5,13,0xCC1AF4D3,13.633334,Drop,zu,1,59
A_real_s5,level_1_5,5,13,0xCC1AF4D3,14.900001,Drop,zu,1,60
A_real_s5,level_1_5,5,13,0xCC1AF4D3,15.300001,Drop,zu,1,61
A_real_s5,level_1_5,5,13,0xCC1AF4D3,15.633334,Drop,zu,1,62
A_real_s5,level_1_5,5,13,0xCC1AF4D3,16.400001,Drop,zu,1,63
A_real_s5,level_1_5,5,13,0xCC1AF4D3,17.133334,Drop,zu,1,64
A_real_s5,level_1_5,5,13,0xCC1AF4D3,17.300001,Drop,zu,1,65
A_real_s5,level_1_5,5,13,0xCC1AF4D3,17.633334,Drop,zu,1,66
A_real_s5,level_1_5,5,13,0xCC1AF4D3,19.633334,Drop,e_shan,1,67
A_real_s5,level_1_5,5,13,0xCC1AF4D3,21.533334,Drop,e_lang,1,68
A_real_s5,level_1_5,5,13,0xCC1AF4D3,21.633334,Drop,e_lang,1,69
A_real_s5,level_1_5,5,13,0xCC1AF4D3,22.833335,Drop,e_lang,1,70
A_real_s5,level_1_5,5,13,0xCC1AF4D3,23.266668,Drop,e_lang,1,71
A_real_s5,level_1_5,5,13,0xCC1AF4D3,23.633335,Drop,e_lang,1,72
A_real_s5,level_1_5,5,13,0xCC1AF4D3,24.166668,Drop,e_lang,1,73
A_real_s5,level_1_5,5,13,0xCC1AF4D3,24.900001,Drop,e_lang,1,74
A_real_s5,level_1_5,5,13,0xCC1AF4D3,25.633335,Drop,e_shan,1,75
A_real_s5,level_1_5,5,13,0xCC1AF4D3,27.033335,Drop,e_lang,1,76
A_real_s5,level_1_5,5,13,0xCC1AF4D3,27.633335,Drop,e_lang,1,77
A_real_s5,level_1_5,5,13,0xCC1AF4D3,28.400001,Drop,e_lang,1,78
A_real_s5,level_1_5,5,13,0xCC1AF4D3,28.733335,Drop,e_lang,1,79
A_real_s5,level_1_5,5,13,0xCC1AF4D3,29.633335,Drop,e_shan,1,80
A_real_s5,level_1_5,5,13,0xCC1AF4D3,31.633335,Drop,e_shan,1,81
A_real_s5,level_1_5,5,13,0xCC1AF4D3,33.633335,Drop,e_shan,1,82
A_real_s5,level_1_5,5,13,0xCC1AF4D3,34.066668,Drop,zu,1,83
A_real_s5,level_1_5,5,13,0xCC1AF4D3,35.066668,Drop,zu,1,84
A_real_s5,level_1_5,5,13,0xCC1AF4D3,35.633335,Drop,zu,1,85
A_real_s5,level_1_5,5,13,0xCC1AF4D3,37.033335,Drop,zu,1,86
A_real_s5,level_1_5,5,13,0xCC1AF4D3,37.633335,Drop,e_liu,1,87
A_real_s5,level_1_5,5,13,0xCC1AF4D3,39.633335,Drop,e_liu,1,88
A_real_s5,level_1_5,5,13,0xCC1AF4D3,41.633336,Drop,tie,3,91
A_real_s5,level_1_5,5,13,0xCC1AF4D3,43.633336,Drop,tie,3,94
A_real_s5,level_1_5,5,13,0xCC1AF4D3,43.633336,Drop,zu,1,95
A_real_s5,level_1_5,5,13,0xCC1AF4D3,44.233336,Drop,zu,1,96
A_real_s5,level_1_5,5,13,0xCC1AF4D3,45.633336,Drop,tie,3,99
A_real_s5,level_1_5,5,13,0xCC1AF4D3,45.633336,Drop,zu,1,100
A_real_s5,level_1_5,5,13,0xCC1AF4D3,46.033336,Drop,zu,1,101
A_real_s5,level_1_5,5,13,0xCC1AF4D3,47.633336,Drop,e_liu,1,102
A_real_s5,level_1_5,5,13,0xCC1AF4D3,49.633336,Drop,zu,1,103
A_real_s5,level_1_5,5,13,0xCC1AF4D3,49.633336,Drop,e_liu,1,104
A_real_s5,level_1_5,5,13,0xCC1AF4D3,50.833336,Drop,zu,1,105
A_real_s5,level_1_5,5,13,0xCC1AF4D3,51.633336,Drop,zu,1,106
A_real_s5,level_1_5,5,13,0xCC1AF4D3,53.633336,Drop,e_shan,1,107
A_real_s5,level_1_5,5,13,0xCC1AF4D3,55.633336,Drop,e_shan,1,108
A_real_s5,level_1_5,5,13,0xCC1AF4D3,56.133336,Drop,e_lang,1,109
A_real_s5,level_1_5,5,13,0xCC1AF4D3,56.700003,Drop,e_lang,1,110
A_real_s5,level_1_5,5,13,0xCC1AF4D3,57.36667,Drop,e_lang,1,111
A_real_s5,level_1_5,5,13,0xCC1AF4D3,57.633336,Drop,e_lang,1,112
A_real_s5,level_1_5,5,13,0xCC1AF4D3,59.633336,Drop,zqi,3,115
A_real_s5,level_1_5,5,13,0xCC1AF4D3,62.16667,Drop,zqi,3,118
A_real_s5,level_1_5,5,13,0xCC1AF4D3,62.16667,Drop,zqi,3,121
A_real_s5,level_1_5,5,13,0xCC1AF4D3,64.16667,Drop,e_shan,1,122
A_real_s5,level_1_5,5,13,0xCC1AF4D3,64.16667,Drop,e_shan,1,123
A_real_s5,level_1_5,5,13,0xCC1AF4D3,66.16667,Drop,e_shan,1,124
A_real_s5,level_1_5,5,13,0xCC1AF4D3,66.16667,Drop,e_liu,1,125
A_real_s5,level_1_5,5,13,0xCC1AF4D3,68.16667,Drop,e_shan,1,126
A_real_s5,level_1_5,5,13,0xCC1AF4D3,68.600004,Drop,e_lang,1,127
A_real_s5,level_1_5,5,13,0xCC1AF4D3,69.76667,Drop,e_shan,1,128
A_real_s5,level_1_5,5,13,0xCC1AF4D3,70.16667,Drop,e_lang,1,129
A_real_s5,level_1_5,5,13,0xCC1AF4D3,70.600004,Drop,e_lang,1,130
A_real_s5,level_1_5,5,13,0xCC1AF4D3,71.033337,Drop,e_lang,1,131
A_real_s5,level_1_5,5,13,0xCC1AF4D3,74.166671,Drop,e_shan,1,132
A_real_s5,level_1_5,5,13,0xCC1AF4D3,74.900004,Drop,zu,1,133
A_real_s5,level_1_5,5,13,0xCC1AF4D3,78.933337,Drop,e_shan,1,134
A_real_s5,level_1_5,5,13,0xCC1AF4D3,79.800004,Drop,e_liu,1,135
A_real_s5,level_1_5,5,13,0xCC1AF4D3,80.000004,Drop,e_liu,1,136
A_real_s5,level_1_5,5,13,0xCC1AF4D3,81.133338,Drop,e_liu,1,137
A_real_s5,level_1_5,5,13,0xCC1AF4D3,81.800004,Drop,e_liu,1,138
A_real_s5,level_1_5,5,13,0xCC1AF4D3,83.433338,Drop,e_liu,1,139
A_real_s5,level_1_5,5,13,0xCC1AF4D3,83.800004,Drop,tie,3,142
A_real_s5,level_1_5,5,13,0xCC1AF4D3,85.800004,Drop,zu,1,143
A_real_s5,level_1_5,5,13,0xCC1AF4D3,85.800004,Drop,zu,1,144
A_real_s5,level_1_5,5,13,0xCC1AF4D3,87.800005,Drop,tie,3,147
A_real_s5,level_1_5,5,13,0xCC1AF4D3,87.800005,Drop,zu,1,148
A_real_s5,level_1_5,5,13,0xCC1AF4D3,87.800005,Drop,zu,1,149
A_real_s5,level_1_5,5,13,0xCC1AF4D3,160.000008,End,,0,149
A_real_s5,level_1_5,5,14,0xC29B6FF3,0,Start,,0,45
A_real_s5,level_1_5,5,14,0xC29B6FF3,4.1,Drop,zu,1,46
A_real_s5,level_1_5,5,14,0xC29B6FF3,4.933334,Drop,zu,1,47
A_real_s5,level_1_5,5,14,0xC29B6FF3,5.433334,Drop,zu,1,48
A_real_s5,level_1_5,5,14,0xC29B6FF3,6.1,Drop,zu,1,49
A_real_s5,level_1_5,5,14,0xC29B6FF3,7.133334,Drop,e_liu,1,50
A_real_s5,level_1_5,5,14,0xC29B6FF3,8.1,Drop,e_liu,1,51
A_real_s5,level_1_5,5,14,0xC29B6FF3,8.666667,Drop,zu,1,52
A_real_s5,level_1_5,5,14,0xC29B6FF3,8.966667,Drop,zu,1,53
A_real_s5,level_1_5,5,14,0xC29B6FF3,11.600001,Drop,e_liu,1,54
A_real_s5,level_1_5,5,14,0xC29B6FF3,12.500001,Drop,zu,1,55
A_real_s5,level_1_5,5,14,0xC29B6FF3,13.500001,Drop,zu,1,56
A_real_s5,level_1_5,5,14,0xC29B6FF3,13.600001,Drop,zu,1,57
A_real_s5,level_1_5,5,14,0xC29B6FF3,14.500001,Drop,zu,1,58
A_real_s5,level_1_5,5,14,0xC29B6FF3,15.400001,Drop,zu,1,59
A_real_s5,level_1_5,5,14,0xC29B6FF3,15.600001,Drop,zu,1,60
A_real_s5,level_1_5,5,14,0xC29B6FF3,16.466668,Drop,zu,1,61
A_real_s5,level_1_5,5,14,0xC29B6FF3,17.200001,Drop,zu,1,62
A_real_s5,level_1_5,5,14,0xC29B6FF3,17.500001,Drop,zu,1,63
A_real_s5,level_1_5,5,14,0xC29B6FF3,17.600001,Drop,zu,1,64
A_real_s5,level_1_5,5,14,0xC29B6FF3,19.600001,Drop,e_shan,1,65
A_real_s5,level_1_5,5,14,0xC29B6FF3,21.600001,Drop,e_shan,1,66
A_real_s5,level_1_5,5,14,0xC29B6FF3,21.933334,Drop,e_shan,1,67
A_real_s5,level_1_5,5,14,0xC29B6FF3,22.366668,Drop,e_lang,1,68
A_real_s5,level_1_5,5,14,0xC29B6FF3,22.500001,Drop,e_lang,1,69
A_real_s5,level_1_5,5,14,0xC29B6FF3,23.200001,Drop,e_lang,1,70
A_real_s5,level_1_5,5,14,0xC29B6FF3,23.600001,Drop,e_lang,1,71
A_real_s5,level_1_5,5,14,0xC29B6FF3,24.133335,Drop,e_shan,1,72
A_real_s5,level_1_5,5,14,0xC29B6FF3,24.966668,Drop,e_lang,1,73
A_real_s5,level_1_5,5,14,0xC29B6FF3,25.600001,Drop,e_lang,1,74
A_real_s5,level_1_5,5,14,0xC29B6FF3,25.800001,Drop,e_lang,1,75
A_real_s5,level_1_5,5,14,0xC29B6FF3,26.800001,Drop,e_lang,1,76
A_real_s5,level_1_5,5,14,0xC29B6FF3,27.366668,Drop,e_lang,1,77
A_real_s5,level_1_5,5,14,0xC29B6FF3,29.966668,Drop,e_shan,1,78
A_real_s5,level_1_5,5,14,0xC29B6FF3,30.300002,Drop,e_lang,1,79
A_real_s5,level_1_5,5,14,0xC29B6FF3,30.866668,Drop,e_lang,1,80
A_real_s5,level_1_5,5,14,0xC29B6FF3,31.266668,Drop,e_lang,1,81
A_real_s5,level_1_5,5,14,0xC29B6FF3,31.966668,Drop,e_shan,1,82
A_real_s5,level_1_5,5,14,0xC29B6FF3,33.966668,Drop,e_shan,1,83
A_real_s5,level_1_5,5,14,0xC29B6FF3,34.500002,Drop,zu,1,84
A_real_s5,level_1_5,5,14,0xC29B6FF3,35.500002,Drop,zu,1,85
A_real_s5,level_1_5,5,14,0xC29B6FF3,35.966669,Drop,zu,1,86
A_real_s5,level_1_5,5,14,0xC29B6FF3,36.500002,Drop,zu,1,87
A_real_s5,level_1_5,5,14,0xC29B6FF3,37.966669,Drop,e_liu,1,88
A_real_s5,level_1_5,5,14,0xC29B6FF3,39.966669,Drop,e_liu,1,89
A_real_s5,level_1_5,5,14,0xC29B6FF3,39.966669,Drop,e_liu,1,90
A_real_s5,level_1_5,5,14,0xC29B6FF3,41.966669,Drop,e_liu,1,91
A_real_s5,level_1_5,5,14,0xC29B6FF3,43.966669,Drop,tie,3,94
A_real_s5,level_1_5,5,14,0xC29B6FF3,45.966669,Drop,tie,3,97
A_real_s5,level_1_5,5,14,0xC29B6FF3,45.966669,Drop,zu,1,98
A_real_s5,level_1_5,5,14,0xC29B6FF3,47.966669,Drop,tie,3,101
A_real_s5,level_1_5,5,14,0xC29B6FF3,47.966669,Drop,zu,1,102
A_real_s5,level_1_5,5,14,0xC29B6FF3,47.966669,Drop,zu,1,103
A_real_s5,level_1_5,5,14,0xC29B6FF3,47.966669,Drop,zu,1,104
A_real_s5,level_1_5,5,14,0xC29B6FF3,49.966669,Drop,e_liu,1,105
A_real_s5,level_1_5,5,14,0xC29B6FF3,49.966669,Drop,e_liu,1,106
A_real_s5,level_1_5,5,14,0xC29B6FF3,51.966669,Drop,e_liu,1,107
A_real_s5,level_1_5,5,14,0xC29B6FF3,53.966669,Drop,zu,1,108
A_real_s5,level_1_5,5,14,0xC29B6FF3,55.96667,Drop,e_lang,1,109
A_real_s5,level_1_5,5,14,0xC29B6FF3,57.96667,Drop,e_shan,1,110
A_real_s5,level_1_5,5,14,0xC29B6FF3,59.96667,Drop,zqi,3,113
A_real_s5,level_1_5,5,14,0xC29B6FF3,59.96667,Drop,zqi,3,116
A_real_s5,level_1_5,5,14,0xC29B6FF3,61.96667,Drop,zqi,3,119
A_real_s5,level_1_5,5,14,0xC29B6FF3,61.96667,Drop,e_lang,1,120
A_real_s5,level_1_5,5,14,0xC29B6FF3,61.96667,Drop,e_lang,1,121
A_real_s5,level_1_5,5,14,0xC29B6FF3,63.96667,Drop,e_shan,1,122
A_real_s5,level_1_5,5,14,0xC29B6FF3,65.96667,Drop,e_lang,1,123
A_real_s5,level_1_5,5,14,0xC29B6FF3,67.96667,Drop,e_lang,1,124
A_real_s5,level_1_5,5,14,0xC29B6FF3,69.96667,Drop,e_lang,1,125
A_real_s5,level_1_5,5,14,0xC29B6FF3,69.96667,Drop,e_lang,1,126
A_real_s5,level_1_5,5,14,0xC29B6FF3,73.966671,Drop,bld_cheng,20,146
A_real_s5,level_1_5,5,14,0xC29B6FF3,73.966671,End,,0,146
A_real_s5,level_1_5,5,15,0x43CE5061,0,Start,,0,45
A_real_s5,level_1_5,5,15,0x43CE5061,4.133334,Drop,zu,1,46
A_real_s5,level_1_5,5,15,0x43CE5061,4.933334,Drop,zu,1,47
A_real_s5,level_1_5,5,15,0x43CE5061,5.5,Drop,zu,1,48
A_real_s5,level_1_5,5,15,0x43CE5061,6.5,Drop,zu,1,49
A_real_s5,level_1_5,5,15,0x43CE5061,7.233334,Drop,e_liu,1,50
A_real_s5,level_1_5,5,15,0x43CE5061,8,Drop,e_liu,1,51
A_real_s5,level_1_5,5,15,0x43CE5061,8.366667,Drop,zu,1,52
A_real_s5,level_1_5,5,15,0x43CE5061,9.466667,Drop,zu,1,53
A_real_s5,level_1_5,5,15,0x43CE5061,11.600001,Drop,e_liu,1,54
A_real_s5,level_1_5,5,15,0x43CE5061,12.633334,Drop,zu,1,55
A_real_s5,level_1_5,5,15,0x43CE5061,13.600001,Drop,zu,1,56
A_real_s5,level_1_5,5,15,0x43CE5061,14.400001,Drop,zu,1,57
A_real_s5,level_1_5,5,15,0x43CE5061,14.833334,Drop,zu,1,58
A_real_s5,level_1_5,5,15,0x43CE5061,15.366667,Drop,zu,1,59
A_real_s5,level_1_5,5,15,0x43CE5061,15.600001,Drop,zu,1,60
A_real_s5,level_1_5,5,15,0x43CE5061,16.400001,Drop,zu,1,61
A_real_s5,level_1_5,5,15,0x43CE5061,17.033334,Drop,zu,1,62
A_real_s5,level_1_5,5,15,0x43CE5061,17.600001,Drop,zu,1,63
A_real_s5,level_1_5,5,15,0x43CE5061,18.033334,Drop,zu,1,64
A_real_s5,level_1_5,5,15,0x43CE5061,19.600001,Drop,e_shan,1,65
A_real_s5,level_1_5,5,15,0x43CE5061,20.433334,Drop,e_shan,1,66
A_real_s5,level_1_5,5,15,0x43CE5061,21.133334,Drop,e_lang,1,67
A_real_s5,level_1_5,5,15,0x43CE5061,21.600001,Drop,e_shan,1,68
A_real_s5,level_1_5,5,15,0x43CE5061,21.900001,Drop,e_lang,1,69
A_real_s5,level_1_5,5,15,0x43CE5061,22.633335,Drop,e_lang,1,70
A_real_s5,level_1_5,5,15,0x43CE5061,23.366668,Drop,e_lang,1,71
A_real_s5,level_1_5,5,15,0x43CE5061,23.400001,Drop,e_lang,1,72
A_real_s5,level_1_5,5,15,0x43CE5061,23.600001,Drop,e_shan,1,73
A_real_s5,level_1_5,5,15,0x43CE5061,24.100001,Drop,e_lang,1,74
A_real_s5,level_1_5,5,15,0x43CE5061,24.833335,Drop,e_lang,1,75
A_real_s5,level_1_5,5,15,0x43CE5061,24.933335,Drop,e_lang,1,76
A_real_s5,level_1_5,5,15,0x43CE5061,25.600001,Drop,e_shan,1,77
A_real_s5,level_1_5,5,15,0x43CE5061,27.566668,Drop,e_lang,1,78
A_real_s5,level_1_5,5,15,0x43CE5061,27.600001,Drop,e_shan,1,79
A_real_s5,level_1_5,5,15,0x43CE5061,28.000001,Drop,e_lang,1,80
A_real_s5,level_1_5,5,15,0x43CE5061,29.600002,Drop,e_shan,1,81
A_real_s5,level_1_5,5,15,0x43CE5061,29.800002,Drop,e_lang,1,82
A_real_s5,level_1_5,5,15,0x43CE5061,30.233335,Drop,e_lang,1,83
A_real_s5,level_1_5,5,15,0x43CE5061,34.000002,Drop,zu,1,84
A_real_s5,level_1_5,5,15,0x43CE5061,36.000002,Drop,zu,1,85
A_real_s5,level_1_5,5,15,0x43CE5061,37.000002,Drop,zu,1,86
A_real_s5,level_1_5,5,15,0x43CE5061,38.000002,Drop,e_liu,1,87
A_real_s5,level_1_5,5,15,0x43CE5061,40.000002,Drop,e_liu,1,88
A_real_s5,level_1_5,5,15,0x43CE5061,42.000002,Drop,tie,3,91
A_real_s5,level_1_5,5,15,0x43CE5061,44.000002,Drop,zu,1,92
A_real_s5,level_1_5,5,15,0x43CE5061,44.233336,Drop,zu,1,93
A_real_s5,level_1_5,5,15,0x43CE5061,46.000002,Drop,zu,1,94
A_real_s5,level_1_5,5,15,0x43CE5061,48.000003,Drop,e_liu,1,95
A_real_s5,level_1_5,5,15,0x43CE5061,48.000003,Drop,e_liu,1,96
A_real_s5,level_1_5,5,15,0x43CE5061,50.000003,Drop,zu,1,97
A_real_s5,level_1_5,5,15,0x43CE5061,51.233336,Drop,e_liu,1,98
A_real_s5,level_1_5,5,15,0x43CE5061,52.000003,Drop,zu,1,99
A_real_s5,level_1_5,5,15,0x43CE5061,54.000003,Drop,e_shan,1,100
A_real_s5,level_1_5,5,15,0x43CE5061,56.000003,Drop,e_lang,1,101
A_real_s5,level_1_5,5,15,0x43CE5061,56.433336,Drop,e_lang,1,102
A_real_s5,level_1_5,5,15,0x43CE5061,57.700003,Drop,e_lang,1,103
A_real_s5,level_1_5,5,15,0x43CE5061,58.000003,Drop,e_shan,1,104
A_real_s5,level_1_5,5,15,0x43CE5061,58.000003,Drop,e_lang,1,105
A_real_s5,level_1_5,5,15,0x43CE5061,60.000003,Drop,zqi,3,108
A_real_s5,level_1_5,5,15,0x43CE5061,60.000003,Drop,zqi,3,111
A_real_s5,level_1_5,5,15,0x43CE5061,64.800003,Drop,zqi,3,114
A_real_s5,level_1_5,5,15,0x43CE5061,64.86667,Drop,e_lang,1,115
A_real_s5,level_1_5,5,15,0x43CE5061,66.46667,Drop,e_lang,1,116
A_real_s5,level_1_5,5,15,0x43CE5061,66.86667,Drop,e_shan,1,117
A_real_s5,level_1_5,5,15,0x43CE5061,67.933337,Drop,e_lang,1,118
A_real_s5,level_1_5,5,15,0x43CE5061,73.733337,Drop,bld_cheng,20,138
A_real_s5,level_1_5,5,15,0x43CE5061,73.733337,End,,0,138
A_real_s5,level_1_5,5,16,0xB184A480,0,Start,,0,45
A_real_s5,level_1_5,5,16,0xB184A480,4.133334,Drop,zu,1,46
A_real_s5,level_1_5,5,16,0xB184A480,4.933334,Drop,zu,1,47
A_real_s5,level_1_5,5,16,0xB184A480,5.4,Drop,zu,1,48
A_real_s5,level_1_5,5,16,0xB184A480,6.866667,Drop,e_liu,1,49
A_real_s5,level_1_5,5,16,0xB184A480,7.466667,Drop,zu,1,50
A_real_s5,level_1_5,5,16,0xB184A480,8,Drop,e_liu,1,51
A_real_s5,level_1_5,5,16,0xB184A480,8.066667,Drop,zu,1,52
A_real_s5,level_1_5,5,16,0xB184A480,8.933334,Drop,zu,1,53
A_real_s5,level_1_5,5,16,0xB184A480,9.600001,Drop,zu,1,54
A_real_s5,level_1_5,5,16,0xB184A480,9.833334,Drop,zu,1,55
A_real_s5,level_1_5,5,16,0xB184A480,10.100001,Drop,zu,1,56
A_real_s5,level_1_5,5,16,0xB184A480,12.033334,Drop,zu,1,57
A_real_s5,level_1_5,5,16,0xB184A480,12.500001,Drop,zu,1,58
A_real_s5,level_1_5,5,16,0xB184A480,13.300001,Drop,zu,1,59
A_real_s5,level_1_5,5,16,0xB184A480,14.300001,Drop,zu,1,60
A_real_s5,level_1_5,5,16,0xB184A480,14.500001,Drop,zu,1,61
A_real_s5,level_1_5,5,16,0xB184A480,15.233334,Drop,zu,1,62
A_real_s5,level_1_5,5,16,0xB184A480,16.166668,Drop,zu,1,63
A_real_s5,level_1_5,5,16,0xB184A480,16.500001,Drop,zu,1,64
A_real_s5,level_1_5,5,16,0xB184A480,16.500001,Drop,zu,1,65
A_real_s5,level_1_5,5,16,0xB184A480,17.233334,Drop,zu,1,66
A_real_s5,level_1_5,5,16,0xB184A480,18.166668,Drop,zu,1,67
A_real_s5,level_1_5,5,16,0xB184A480,18.500001,Drop,e_shan,1,68
A_real_s5,level_1_5,5,16,0xB184A480,20.500001,Drop,e_shan,1,69
A_real_s5,level_1_5,5,16,0xB184A480,21.233334,Drop,e_lang,1,70
A_real_s5,level_1_5,5,16,0xB184A480,21.566668,Drop,e_lang,1,71
A_real_s5,level_1_5,5,16,0xB184A480,22.500001,Drop,e_shan,1,72
A_real_s5,level_1_5,5,16,0xB184A480,24.133335,Drop,e_lang,1,73
A_real_s5,level_1_5,5,16,0xB184A480,24.500001,Drop,e_lang,1,74
A_real_s5,level_1_5,5,16,0xB184A480,26.500001,Drop,e_shan,1,75
A_real_s5,level_1_5,5,16,0xB184A480,28.166668,Drop,e_lang,1,76
A_real_s5,level_1_5,5,16,0xB184A480,28.500001,Drop,e_lang,1,77
A_real_s5,level_1_5,5,16,0xB184A480,30.500002,Drop,e_shan,1,78
A_real_s5,level_1_5,5,16,0xB184A480,31.366668,Drop,e_lang,1,79
A_real_s5,level_1_5,5,16,0xB184A480,31.866668,Drop,e_lang,1,80
A_real_s5,level_1_5,5,16,0xB184A480,32.500002,Drop,e_shan,1,81
A_real_s5,level_1_5,5,16,0xB184A480,33.733335,Drop,e_lang,1,82
A_real_s5,level_1_5,5,16,0xB184A480,34.066668,Drop,e_lang,1,83
A_real_s5,level_1_5,5,16,0xB184A480,34.400002,Drop,e_lang,1,84
A_real_s5,level_1_5,5,16,0xB184A480,34.466668,Drop,e_lang,1,85
A_real_s5,level_1_5,5,16,0xB184A480,34.500002,Drop,zu,1,86
A_real_s5,level_1_5,5,16,0xB184A480,34.933335,Drop,zu,1,87
A_real_s5,level_1_5,5,16,0xB184A480,35.933335,Drop,zu,1,88
A_real_s5,level_1_5,5,16,0xB184A480,36.500002,Drop,zu,1,89
A_real_s5,level_1_5,5,16,0xB184A480,38.500002,Drop,e_liu,1,90
A_real_s5,level_1_5,5,16,0xB184A480,40.500002,Drop,tie,3,93
A_real_s5,level_1_5,5,16,0xB184A480,42.500002,Drop,tie,3,96
A_real_s5,level_1_5,5,16,0xB184A480,43.333336,Drop,zu,1,97
A_real_s5,level_1_5,5,16,0xB184A480,44.500002,Drop,zu,1,98
A_real_s5,level_1_5,5,16,0xB184A480,44.500002,Drop,e_liu,1,99
A_real_s5,level_1_5,5,16,0xB184A480,45.333336,Drop,zu,1,100
A_real_s5,level_1_5,5,16,0xB184A480,46.500002,Drop,e_liu,1,101
A_real_s5,level_1_5,5,16,0xB184A480,48.500003,Drop,e_liu,1,102
A_real_s5,level_1_5,5,16,0xB184A480,48.500003,Drop,e_liu,1,103
A_real_s5,level_1_5,5,16,0xB184A480,49.900003,Drop,zu,1,104
A_real_s5,level_1_5,5,16,0xB184A480,50.500003,Drop,zu,1,105
A_real_s5,level_1_5,5,16,0xB184A480,50.500003,Drop,zu,1,106
A_real_s5,level_1_5,5,16,0xB184A480,51.366669,Drop,e_liu,1,107
A_real_s5,level_1_5,5,16,0xB184A480,52.500003,Drop,e_shan,1,108
A_real_s5,level_1_5,5,16,0xB184A480,52.500003,Drop,zu,1,109
A_real_s5,level_1_5,5,16,0xB184A480,54.500003,Drop,e_shan,1,110
A_real_s5,level_1_5,5,16,0xB184A480,56.433336,Drop,e_lang,1,111
A_real_s5,level_1_5,5,16,0xB184A480,56.500003,Drop,e_lang,1,112
A_real_s5,level_1_5,5,16,0xB184A480,56.500003,Drop,e_lang,1,113
A_real_s5,level_1_5,5,16,0xB184A480,57.500003,Drop,e_lang,1,114
A_real_s5,level_1_5,5,16,0xB184A480,58.500003,Drop,e_shan,1,115
A_real_s5,level_1_5,5,16,0xB184A480,60.500003,Drop,zqi,3,118
A_real_s5,level_1_5,5,16,0xB184A480,60.500003,Drop,zqi,3,121
A_real_s5,level_1_5,5,16,0xB184A480,61.600003,Drop,zqi,3,124
A_real_s5,level_1_5,5,16,0xB184A480,62.500003,Drop,e_shan,1,125
A_real_s5,level_1_5,5,16,0xB184A480,64.500003,Drop,e_shan,1,126
A_real_s5,level_1_5,5,16,0xB184A480,65.36667,Drop,e_lang,1,127
A_real_s5,level_1_5,5,16,0xB184A480,66.100003,Drop,e_lang,1,128
A_real_s5,level_1_5,5,16,0xB184A480,66.500003,Drop,e_lang,1,129
A_real_s5,level_1_5,5,16,0xB184A480,66.500003,Drop,e_shan,1,130
A_real_s5,level_1_5,5,16,0xB184A480,68.500004,Drop,e_shan,1,131
A_real_s5,level_1_5,5,16,0xB184A480,70.500004,Drop,e_liu,1,132
A_real_s5,level_1_5,5,16,0xB184A480,72.500004,Drop,zu,1,133
A_real_s5,level_1_5,5,16,0xB184A480,73.833337,Drop,bld_cheng,20,153
A_real_s5,level_1_5,5,16,0xB184A480,73.833337,End,,0,153
A_real_s5,level_1_5,5,17,0x8782774A,0,Start,,0,45
A_real_s5,level_1_5,5,17,0x8782774A,4.1,Drop,zu,1,46
A_real_s5,level_1_5,5,17,0x8782774A,4.966667,Drop,zu,1,47
A_real_s5,level_1_5,5,17,0x8782774A,5.4,Drop,zu,1,48
A_real_s5,level_1_5,5,17,0x8782774A,5.566667,Drop,zu,1,49
A_real_s5,level_1_5,5,17,0x8782774A,6.866667,Drop,e_liu,1,50
A_real_s5,level_1_5,5,17,0x8782774A,8,Drop,e_liu,1,51
A_real_s5,level_1_5,5,17,0x8782774A,8.8,Drop,zu,1,52
A_real_s5,level_1_5,5,17,0x8782774A,9.066667,Drop,zu,1,53
A_real_s5,level_1_5,5,17,0x8782774A,9.266667,Drop,zu,1,54
A_real_s5,level_1_5,5,17,0x8782774A,10.033334,Drop,zu,1,55
A_real_s5,level_1_5,5,17,0x8782774A,10.066667,Drop,zu,1,56
A_real_s5,level_1_5,5,17,0x8782774A,11.633334,Drop,e_liu,1,57
A_real_s5,level_1_5,5,17,0x8782774A,12.400001,Drop,zu,1,58
A_real_s5,level_1_5,5,17,0x8782774A,13.400001,Drop,zu,1,59
A_real_s5,level_1_5,5,17,0x8782774A,13.633334,Drop,zu,1,60
A_real_s5,level_1_5,5,17,0x8782774A,14.400001,Drop,zu,1,61
A_real_s5,level_1_5,5,17,0x8782774A,15.233334,Drop,zu,1,62
A_real_s5,level_1_5,5,17,0x8782774A,15.400001,Drop,zu,1,63
A_real_s5,level_1_5,5,17,0x8782774A,15.633334,Drop,zu,1,64
A_real_s5,level_1_5,5,17,0x8782774A,16.400001,Drop,zu,1,65
A_real_s5,level_1_5,5,17,0x8782774A,17.266668,Drop,zu,1,66
A_real_s5,level_1_5,5,17,0x8782774A,17.633334,Drop,zu,1,67
A_real_s5,level_1_5,5,17,0x8782774A,19.633334,Drop,e_shan,1,68
A_real_s5,level_1_5,5,17,0x8782774A,21.033334,Drop,e_lang,1,69
A_real_s5,level_1_5,5,17,0x8782774A,21.600001,Drop,e_lang,1,70
A_real_s5,level_1_5,5,17,0x8782774A,21.633334,Drop,e_shan,1,71
A_real_s5,level_1_5,5,17,0x8782774A,22.133334,Drop,e_lang,1,72
A_real_s5,level_1_5,5,17,0x8782774A,22.633335,Drop,e_lang,1,73
A_real_s5,level_1_5,5,17,0x8782774A,23.633335,Drop,e_lang,1,74
A_real_s5,level_1_5,5,17,0x8782774A,24.700001,Drop,e_lang,1,75
A_real_s5,level_1_5,5,17,0x8782774A,25.633335,Drop,e_shan,1,76
A_real_s5,level_1_5,5,17,0x8782774A,26.266668,Drop,e_lang,1,77
A_real_s5,level_1_5,5,17,0x8782774A,27.133335,Drop,e_lang,1,78
A_real_s5,level_1_5,5,17,0x8782774A,27.566668,Drop,e_lang,1,79
A_real_s5,level_1_5,5,17,0x8782774A,27.633335,Drop,e_shan,1,80
A_real_s5,level_1_5,5,17,0x8782774A,28.266668,Drop,e_lang,1,81
A_real_s5,level_1_5,5,17,0x8782774A,28.700001,Drop,e_lang,1,82
A_real_s5,level_1_5,5,17,0x8782774A,29.633335,Drop,e_shan,1,83
A_real_s5,level_1_5,5,17,0x8782774A,31.633335,Drop,e_shan,1,84
A_real_s5,level_1_5,5,17,0x8782774A,34.066668,Drop,zu,1,85
A_real_s5,level_1_5,5,17,0x8782774A,36.066669,Drop,zu,1,86
A_real_s5,level_1_5,5,17,0x8782774A,36.066669,Drop,zu,1,87
A_real_s5,level_1_5,5,17,0x8782774A,38.066669,Drop,e_liu,1,88
A_real_s5,level_1_5,5,17,0x8782774A,40.066669,Drop,e_liu,1,89
A_real_s5,level_1_5,5,17,0x8782774A,40.066669,Drop,e_liu,1,90
A_real_s5,level_1_5,5,17,0x8782774A,42.066669,Drop,tie,3,93
A_real_s5,level_1_5,5,17,0x8782774A,44.066669,Drop,zu,1,94
A_real_s5,level_1_5,5,17,0x8782774A,46.066669,Drop,tie,3,97
A_real_s5,level_1_5,5,17,0x8782774A,46.066669,Drop,zu,1,98
A_real_s5,level_1_5,5,17,0x8782774A,48.066669,Drop,e_liu,1,99
A_real_s5,level_1_5,5,17,0x8782774A,50.066669,Drop,zu,1,100
A_real_s5,level_1_5,5,17,0x8782774A,52.066669,Drop,zu,1,101
A_real_s5,level_1_5,5,17,0x8782774A,52.066669,Drop,zu,1,102
A_real_s5,level_1_5,5,17,0x8782774A,52.100003,Drop,zu,1,103
A_real_s5,level_1_5,5,17,0x8782774A,54.066669,Drop,e_shan,1,104
A_real_s5,level_1_5,5,17,0x8782774A,56.06667,Drop,e_lang,1,105
A_real_s5,level_1_5,5,17,0x8782774A,56.66667,Drop,e_lang,1,106
A_real_s5,level_1_5,5,17,0x8782774A,57.100003,Drop,e_lang,1,107
A_real_s5,level_1_5,5,17,0x8782774A,57.56667,Drop,e_lang,1,108
A_real_s5,level_1_5,5,17,0x8782774A,58.06667,Drop,e_shan,1,109
A_real_s5,level_1_5,5,17,0x8782774A,60.06667,Drop,zqi,3,112
A_real_s5,level_1_5,5,17,0x8782774A,60.06667,Drop,zqi,3,115
A_real_s5,level_1_5,5,17,0x8782774A,62.06667,Drop,zqi,3,118
A_real_s5,level_1_5,5,17,0x8782774A,64.06667,Drop,e_shan,1,119
A_real_s5,level_1_5,5,17,0x8782774A,65.333337,Drop,e_lang,1,120
A_real_s5,level_1_5,5,17,0x8782774A,66.06667,Drop,e_shan,1,121
A_real_s5,level_1_5,5,17,0x8782774A,66.633337,Drop,e_lang,1,122
A_real_s5,level_1_5,5,17,0x8782774A,67.333337,Drop,e_lang,1,123
A_real_s5,level_1_5,5,17,0x8782774A,68.06667,Drop,e_shan,1,124
A_real_s5,level_1_5,5,17,0x8782774A,68.300004,Drop,e_shan,1,125
A_real_s5,level_1_5,5,17,0x8782774A,70.06667,Drop,e_shan,1,126
A_real_s5,level_1_5,5,17,0x8782774A,70.06667,Drop,e_liu,1,127
A_real_s5,level_1_5,5,17,0x8782774A,70.06667,Drop,zu,1,128
A_real_s5,level_1_5,5,17,0x8782774A,72.06667,Drop,tie,3,131
A_real_s5,level_1_5,5,17,0x8782774A,72.06667,Drop,e_lang,1,132
A_real_s5,level_1_5,5,17,0x8782774A,72.600004,Drop,e_liu,1,133
A_real_s5,level_1_5,5,17,0x8782774A,74.066671,Drop,e_shan,1,134
A_real_s5,level_1_5,5,17,0x8782774A,76.066671,Drop,e_shan,1,135
A_real_s5,level_1_5,5,17,0x8782774A,76.333337,Drop,zu,1,136
A_real_s5,level_1_5,5,17,0x8782774A,76.700004,Drop,zu,1,137
A_real_s5,level_1_5,5,17,0x8782774A,77.333337,Drop,zu,1,138
A_real_s5,level_1_5,5,17,0x8782774A,77.700004,Drop,zu,1,139
A_real_s5,level_1_5,5,17,0x8782774A,78.066671,Drop,e_liu,1,140
A_real_s5,level_1_5,5,17,0x8782774A,78.066671,Drop,e_liu,1,141
A_real_s5,level_1_5,5,17,0x8782774A,80.066671,Drop,e_liu,1,142
A_real_s5,level_1_5,5,17,0x8782774A,80.433338,Drop,zu,1,143
A_real_s5,level_1_5,5,17,0x8782774A,81.433338,Drop,e_liu,1,144
A_real_s5,level_1_5,5,17,0x8782774A,82.066671,Drop,tie,3,147
A_real_s5,level_1_5,5,17,0x8782774A,84.066671,Drop,tie,3,150
A_real_s5,level_1_5,5,17,0x8782774A,84.066671,Drop,e_liu,1,151
A_real_s5,level_1_5,5,17,0x8782774A,86.066671,Drop,tie,3,154
A_real_s5,level_1_5,5,17,0x8782774A,86.066671,Drop,e_liu,1,155
A_real_s5,level_1_5,5,17,0x8782774A,86.066671,Drop,zu,1,156
A_real_s5,level_1_5,5,17,0x8782774A,86.066671,Drop,zu,1,157
A_real_s5,level_1_5,5,17,0x8782774A,160.000008,End,,0,157
A_real_s5,level_1_5,5,18,0xE4012C1F,0,Start,,0,45
A_real_s5,level_1_5,5,18,0xE4012C1F,4.1,Drop,zu,1,46
A_real_s5,level_1_5,5,18,0xE4012C1F,4.933334,Drop,zu,1,47
A_real_s5,level_1_5,5,18,0xE4012C1F,5.4,Drop,zu,1,48
A_real_s5,level_1_5,5,18,0xE4012C1F,6.133334,Drop,zu,1,49
A_real_s5,level_1_5,5,18,0xE4012C1F,7.6,Drop,e_liu,1,50
A_real_s5,level_1_5,5,18,0xE4012C1F,8,Drop,e_liu,1,51
A_real_s5,level_1_5,5,18,0xE4012C1F,8.433334,Drop,zu,1,52
A_real_s5,level_1_5,5,18,0xE4012C1F,9.1,Drop,zu,1,53
A_real_s5,level_1_5,5,18,0xE4012C1F,9.333334,Drop,zu,1,54
A_real_s5,level_1_5,5,18,0xE4012C1F,9.5,Drop,e_liu,1,55
A_real_s5,level_1_5,5,18,0xE4012C1F,9.966667,Drop,zu,1,56
A_real_s5,level_1_5,5,18,0xE4012C1F,12.500001,Drop,zu,1,57
A_real_s5,level_1_5,5,18,0xE4012C1F,13.100001,Drop,zu,1,58
A_real_s5,level_1_5,5,18,0xE4012C1F,13.500001,Drop,zu,1,59
A_real_s5,level_1_5,5,18,0xE4012C1F,14.500001,Drop,zu,1,60
A_real_s5,level_1_5,5,18,0xE4012C1F,15.100001,Drop,zu,1,61
A_real_s5,level_1_5,5,18,0xE4012C1F,15.500001,Drop,zu,1,62
A_real_s5,level_1_5,5,18,0xE4012C1F,16.466668,Drop,zu,1,63
A_real_s5,level_1_5,5,18,0xE4012C1F,17.100001,Drop,zu,1,64
A_real_s5,level_1_5,5,18,0xE4012C1F,17.333334,Drop,zu,1,65
A_real_s5,level_1_5,5,18,0xE4012C1F,17.500001,Drop,zu,1,66
A_real_s5,level_1_5,5,18,0xE4012C1F,19.100001,Drop,e_shan,1,67
A_real_s5,level_1_5,5,18,0xE4012C1F,21.100001,Drop,e_shan,1,68
A_real_s5,level_1_5,5,18,0xE4012C1F,21.800001,Drop,e_lang,1,69
A_real_s5,level_1_5,5,18,0xE4012C1F,23.033335,Drop,e_lang,1,70
A_real_s5,level_1_5,5,18,0xE4012C1F,23.100001,Drop,e_lang,1,71
A_real_s5,level_1_5,5,18,0xE4012C1F,24.100001,Drop,e_lang,1,72
A_real_s5,level_1_5,5,18,0xE4012C1F,24.833335,Drop,e_lang,1,73
A_real_s5,level_1_5,5,18,0xE4012C1F,25.100001,Drop,e_shan,1,74
A_real_s5,level_1_5,5,18,0xE4012C1F,25.100001,Drop,e_lang,1,75
A_real_s5,level_1_5,5,18,0xE4012C1F,26.066668,Drop,e_lang,1,76
A_real_s5,level_1_5,5,18,0xE4012C1F,27.100001,Drop,e_lang,1,77
A_real_s5,level_1_5,5,18,0xE4012C1F,27.700001,Drop,e_lang,1,78
A_real_s5,level_1_5,5,18,0xE4012C1F,28.433335,Drop,e_lang,1,79
A_real_s5,level_1_5,5,18,0xE4012C1F,28.933335,Drop,e_lang,1,80
A_real_s5,level_1_5,5,18,0xE4012C1F,29.100002,Drop,e_shan,1,81
A_real_s5,level_1_5,5,18,0xE4012C1F,31.100002,Drop,e_shan,1,82
A_real_s5,level_1_5,5,18,0xE4012C1F,32.200002,Drop,e_lang,1,83
A_real_s5,level_1_5,5,18,0xE4012C1F,33.100002,Drop,e_shan,1,84
A_real_s5,level_1_5,5,18,0xE4012C1F,35.100002,Drop,zu,1,85
A_real_s5,level_1_5,5,18,0xE4012C1F,35.100002,Drop,zu,1,86
A_real_s5,level_1_5,5,18,0xE4012C1F,36.433335,Drop,zu,1,87
A_real_s5,level_1_5,5,18,0xE4012C1F,37.100002,Drop,zu,1,88
A_real_s5,level_1_5,5,18,0xE4012C1F,39.100002,Drop,e_liu,1,89
A_real_s5,level_1_5,5,18,0xE4012C1F,41.100002,Drop,tie,3,92
A_real_s5,level_1_5,5,18,0xE4012C1F,43.100002,Drop,e_liu,1,93
A_real_s5,level_1_5,5,18,0xE4012C1F,43.500002,Drop,zu,1,94
A_real_s5,level_1_5,5,18,0xE4012C1F,44.500002,Drop,zu,1,95
A_real_s5,level_1_5,5,18,0xE4012C1F,45.100002,Drop,zu,1,96
A_real_s5,level_1_5,5,18,0xE4012C1F,45.100002,Drop,e_liu,1,97
A_real_s5,level_1_5,5,18,0xE4012C1F,47.100002,Drop,e_liu,1,98
A_real_s5,level_1_5,5,18,0xE4012C1F,49.100003,Drop,e_liu,1,99
A_real_s5,level_1_5,5,18,0xE4012C1F,49.100003,Drop,tie,3,102
A_real_s5,level_1_5,5,18,0xE4012C1F,50.600003,Drop,zu,1,103
A_real_s5,level_1_5,5,18,0xE4012C1F,51.100003,Drop,zu,1,104
A_real_s5,level_1_5,5,18,0xE4012C1F,53.100003,Drop,e_shan,1,105
A_real_s5,level_1_5,5,18,0xE4012C1F,55.100003,Drop,e_shan,1,106
A_real_s5,level_1_5,5,18,0xE4012C1F,56.400003,Drop,e_lang,1,107
A_real_s5,level_1_5,5,18,0xE4012C1F,57.033336,Drop,e_lang,1,108
A_real_s5,level_1_5,5,18,0xE4012C1F,57.100003,Drop,e_lang,1,109
A_real_s5,level_1_5,5,18,0xE4012C1F,57.100003,Drop,e_liu,1,110
A_real_s5,level_1_5,5,18,0xE4012C1F,57.46667,Drop,e_lang,1,111
A_real_s5,level_1_5,5,18,0xE4012C1F,59.100003,Drop,zqi,3,114
A_real_s5,level_1_5,5,18,0xE4012C1F,61.100003,Drop,zqi,3,117
A_real_s5,level_1_5,5,18,0xE4012C1F,61.100003,Drop,zqi,3,120
A_real_s5,level_1_5,5,18,0xE4012C1F,63.100003,Drop,e_shan,1,121
A_real_s5,level_1_5,5,18,0xE4012C1F,65.100003,Drop,e_lang,1,122
A_real_s5,level_1_5,5,18,0xE4012C1F,66.500003,Drop,e_lang,1,123
A_real_s5,level_1_5,5,18,0xE4012C1F,66.633337,Drop,e_lang,1,124
A_real_s5,level_1_5,5,18,0xE4012C1F,67.100003,Drop,e_shan,1,125
A_real_s5,level_1_5,5,18,0xE4012C1F,69.100004,Drop,e_shan,1,126
A_real_s5,level_1_5,5,18,0xE4012C1F,69.100004,Drop,e_liu,1,127
A_real_s5,level_1_5,5,18,0xE4012C1F,69.100004,Drop,zu,1,128
A_real_s5,level_1_5,5,18,0xE4012C1F,69.100004,Drop,zu,1,129
A_real_s5,level_1_5,5,18,0xE4012C1F,70.36667,Drop,zu,1,130
A_real_s5,level_1_5,5,18,0xE4012C1F,71.100004,Drop,e_shan,1,131
A_real_s5,level_1_5,5,18,0xE4012C1F,71.100004,Drop,e_shan,1,132
A_real_s5,level_1_5,5,18,0xE4012C1F,73.100004,Drop,tie,3,135
A_real_s5,level_1_5,5,18,0xE4012C1F,73.100004,Drop,e_liu,1,136
A_real_s5,level_1_5,5,18,0xE4012C1F,75.066671,Drop,e_shan,1,137
A_real_s5,level_1_5,5,18,0xE4012C1F,75.100004,Drop,e_shan,1,138
A_real_s5,level_1_5,5,18,0xE4012C1F,76.733337,Drop,zu,1,139
A_real_s5,level_1_5,5,18,0xE4012C1F,77.100004,Drop,zu,1,140
A_real_s5,level_1_5,5,18,0xE4012C1F,78.400004,Drop,zu,1,141
A_real_s5,level_1_5,5,18,0xE4012C1F,79.100004,Drop,e_liu,1,142
A_real_s5,level_1_5,5,18,0xE4012C1F,81.100004,Drop,e_liu,1,143
A_real_s5,level_1_5,5,18,0xE4012C1F,83.100004,Drop,zu,1,144
A_real_s5,level_1_5,5,18,0xE4012C1F,83.100004,Drop,e_liu,1,145
A_real_s5,level_1_5,5,18,0xE4012C1F,85.100004,Drop,e_liu,1,146
A_real_s5,level_1_5,5,18,0xE4012C1F,85.100004,Drop,zu,1,147
A_real_s5,level_1_5,5,18,0xE4012C1F,87.100005,Drop,tie,3,150
A_real_s5,level_1_5,5,18,0xE4012C1F,87.100005,Drop,tie,3,153
A_real_s5,level_1_5,5,18,0xE4012C1F,87.100005,Drop,tie,3,156
A_real_s5,level_1_5,5,18,0xE4012C1F,89.100005,Drop,zu,1,157
A_real_s5,level_1_5,5,18,0xE4012C1F,89.100005,Drop,zu,1,158
A_real_s5,level_1_5,5,18,0xE4012C1F,89.100005,Drop,tie,3,161
A_real_s5,level_1_5,5,18,0xE4012C1F,91.100005,Drop,e_liu,1,162
A_real_s5,level_1_5,5,18,0xE4012C1F,91.100005,Drop,e_liu,1,163
A_real_s5,level_1_5,5,18,0xE4012C1F,160.000008,End,,0,163
A_real_s5,level_1_5,5,19,0xF1D7371E,0,Start,,0,45
A_real_s5,level_1_5,5,19,0xF1D7371E,4.3,Drop,zu,1,46
A_real_s5,level_1_5,5,19,0xF1D7371E,5,Drop,zu,1,47
A_real_s5,level_1_5,5,19,0xF1D7371E,5.433334,Drop,zu,1,48
A_real_s5,level_1_5,5,19,0xF1D7371E,6.166667,Drop,zu,1,49
A_real_s5,level_1_5,5,19,0xF1D7371E,7.633334,Drop,e_liu,1,50
A_real_s5,level_1_5,5,19,0xF1D7371E,8,Drop,e_liu,1,51
A_real_s5,level_1_5,5,19,0xF1D7371E,8.333334,Drop,zu,1,52
A_real_s5,level_1_5,5,19,0xF1D7371E,8.8,Drop,zu,1,53
A_real_s5,level_1_5,5,19,0xF1D7371E,9.033334,Drop,zu,1,54
A_real_s5,level_1_5,5,19,0xF1D7371E,10.566667,Drop,zu,1,55
A_real_s5,level_1_5,5,19,0xF1D7371E,11.666667,Drop,e_liu,1,56
A_real_s5,level_1_5,5,19,0xF1D7371E,12.633334,Drop,zu,1,57
A_real_s5,level_1_5,5,19,0xF1D7371E,13.633334,Drop,zu,1,58
A_real_s5,level_1_5,5,19,0xF1D7371E,13.666667,Drop,zu,1,59
A_real_s5,level_1_5,5,19,0xF1D7371E,14.633334,Drop,zu,1,60
A_real_s5,level_1_5,5,19,0xF1D7371E,15.266667,Drop,zu,1,61
A_real_s5,level_1_5,5,19,0xF1D7371E,15.633334,Drop,zu,1,62
A_real_s5,level_1_5,5,19,0xF1D7371E,15.700001,Drop,zu,1,63
A_real_s5,level_1_5,5,19,0xF1D7371E,16.633334,Drop,zu,1,64
A_real_s5,level_1_5,5,19,0xF1D7371E,17.266668,Drop,zu,1,65
A_real_s5,level_1_5,5,19,0xF1D7371E,17.633334,Drop,zu,1,66
A_real_s5,level_1_5,5,19,0xF1D7371E,18.433334,Drop,e_shan,1,67
A_real_s5,level_1_5,5,19,0xF1D7371E,20.433334,Drop,e_shan,1,68
A_real_s5,level_1_5,5,19,0xF1D7371E,22.000001,Drop,e_lang,1,69
A_real_s5,level_1_5,5,19,0xF1D7371E,22.433335,Drop,e_lang,1,70
A_real_s5,level_1_5,5,19,0xF1D7371E,23.366668,Drop,e_lang,1,71
A_real_s5,level_1_5,5,19,0xF1D7371E,24.200001,Drop,e_lang,1,72
A_real_s5,level_1_5,5,19,0xF1D7371E,24.300001,Drop,e_shan,1,73
A_real_s5,level_1_5,5,19,0xF1D7371E,24.433335,Drop,e_shan,1,74
A_real_s5,level_1_5,5,19,0xF1D7371E,24.433335,Drop,e_lang,1,75
A_real_s5,level_1_5,5,19,0xF1D7371E,24.600001,Drop,e_lang,1,76
A_real_s5,level_1_5,5,19,0xF1D7371E,25.033335,Drop,e_lang,1,77
A_real_s5,level_1_5,5,19,0xF1D7371E,25.266668,Drop,e_lang,1,78
A_real_s5,level_1_5,5,19,0xF1D7371E,26.433335,Drop,e_shan,1,79
A_real_s5,level_1_5,5,19,0xF1D7371E,27.066668,Drop,e_lang,1,80
A_real_s5,level_1_5,5,19,0xF1D7371E,27.300001,Drop,e_lang,1,81
A_real_s5,level_1_5,5,19,0xF1D7371E,28.133335,Drop,e_lang,1,82
A_real_s5,level_1_5,5,19,0xF1D7371E,28.300001,Drop,e_lang,1,83
A_real_s5,level_1_5,5,19,0xF1D7371E,34.100002,Drop,zu,1,84
A_real_s5,level_1_5,5,19,0xF1D7371E,34.566668,Drop,zu,1,85
A_real_s5,level_1_5,5,19,0xF1D7371E,35.566669,Drop,zu,1,86
A_real_s5,level_1_5,5,19,0xF1D7371E,36.100002,Drop,zu,1,87
A_real_s5,level_1_5,5,19,0xF1D7371E,38.100002,Drop,e_liu,1,88
A_real_s5,level_1_5,5,19,0xF1D7371E,40.100002,Drop,e_liu,1,89
A_real_s5,level_1_5,5,19,0xF1D7371E,42.100002,Drop,tie,3,92
A_real_s5,level_1_5,5,19,0xF1D7371E,44.100002,Drop,zu,1,93
A_real_s5,level_1_5,5,19,0xF1D7371E,44.133336,Drop,e_liu,1,94
A_real_s5,level_1_5,5,19,0xF1D7371E,45.133336,Drop,zu,1,95
A_real_s5,level_1_5,5,19,0xF1D7371E,46.100002,Drop,zu,1,96
A_real_s5,level_1_5,5,19,0xF1D7371E,48.100003,Drop,e_liu,1,97
A_real_s5,level_1_5,5,19,0xF1D7371E,49.600003,Drop,zu,1,98
A_real_s5,level_1_5,5,19,0xF1D7371E,50.100003,Drop,zu,1,99
A_real_s5,level_1_5,5,19,0xF1D7371E,51.600003,Drop,zu,1,100
A_real_s5,level_1_5,5,19,0xF1D7371E,51.800003,Drop,zu,1,101
A_real_s5,level_1_5,5,19,0xF1D7371E,52.400003,Drop,e_shan,1,102
A_real_s5,level_1_5,5,19,0xF1D7371E,54.400003,Drop,e_shan,1,103
A_real_s5,level_1_5,5,19,0xF1D7371E,55.633336,Drop,e_lang,1,104
A_real_s5,level_1_5,5,19,0xF1D7371E,56.400003,Drop,e_lang,1,105
A_real_s5,level_1_5,5,19,0xF1D7371E,56.633336,Drop,e_lang,1,106
A_real_s5,level_1_5,5,19,0xF1D7371E,57.56667,Drop,e_lang,1,107
A_real_s5,level_1_5,5,19,0xF1D7371E,58.400003,Drop,e_shan,1,108
A_real_s5,level_1_5,5,19,0xF1D7371E,60.400003,Drop,zqi,3,111
A_real_s5,level_1_5,5,19,0xF1D7371E,62.400003,Drop,tie,3,114
A_real_s5,level_1_5,5,19,0xF1D7371E,62.400003,Drop,e_liu,1,115
A_real_s5,level_1_5,5,19,0xF1D7371E,64.033337,Drop,zu,1,116
A_real_s5,level_1_5,5,19,0xF1D7371E,64.400003,Drop,e_shan,1,117
A_real_s5,level_1_5,5,19,0xF1D7371E,64.400003,Drop,e_liu,1,118
A_real_s5,level_1_5,5,19,0xF1D7371E,64.76667,Drop,e_liu,1,119
A_real_s5,level_1_5,5,19,0xF1D7371E,66.400003,Drop,e_shan,1,120
A_real_s5,level_1_5,5,19,0xF1D7371E,68.400004,Drop,e_shan,1,121
A_real_s5,level_1_5,5,19,0xF1D7371E,68.400004,Drop,e_lang,1,122
A_real_s5,level_1_5,5,19,0xF1D7371E,160.000008,End,,0,122
A_real_s5,level_1_5,5,20,0xF1AB6C04,0,Start,,0,45
A_real_s5,level_1_5,5,20,0xF1AB6C04,4.066667,Drop,zu,1,46
A_real_s5,level_1_5,5,20,0xF1AB6C04,4.9,Drop,zu,1,47
A_real_s5,level_1_5,5,20,0xF1AB6C04,5.533334,Drop,zu,1,48
A_real_s5,level_1_5,5,20,0xF1AB6C04,5.733334,Drop,zu,1,49
A_real_s5,level_1_5,5,20,0xF1AB6C04,7.2,Drop,e_liu,1,50
A_real_s5,level_1_5,5,20,0xF1AB6C04,8.1,Drop,e_liu,1,51
A_real_s5,level_1_5,5,20,0xF1AB6C04,8.666667,Drop,zu,1,52
A_real_s5,level_1_5,5,20,0xF1AB6C04,11.566667,Drop,e_liu,1,53
A_real_s5,level_1_5,5,20,0xF1AB6C04,12.600001,Drop,zu,1,54
A_real_s5,level_1_5,5,20,0xF1AB6C04,13.566667,Drop,zu,1,55
A_real_s5,level_1_5,5,20,0xF1AB6C04,13.566667,Drop,zu,1,56
A_real_s5,level_1_5,5,20,0xF1AB6C04,14.300001,Drop,zu,1,57
A_real_s5,level_1_5,5,20,0xF1AB6C04,15.300001,Drop,zu,1,58
A_real_s5,level_1_5,5,20,0xF1AB6C04,15.566667,Drop,zu,1,59
A_real_s5,level_1_5,5,20,0xF1AB6C04,16.300001,Drop,zu,1,60
A_real_s5,level_1_5,5,20,0xF1AB6C04,16.966668,Drop,zu,1,61
A_real_s5,level_1_5,5,20,0xF1AB6C04,17.300001,Drop,zu,1,62
A_real_s5,level_1_5,5,20,0xF1AB6C04,17.566668,Drop,zu,1,63
A_real_s5,level_1_5,5,20,0xF1AB6C04,19.566668,Drop,e_shan,1,64
A_real_s5,level_1_5,5,20,0xF1AB6C04,20.466668,Drop,e_shan,1,65
A_real_s5,level_1_5,5,20,0xF1AB6C04,21.100001,Drop,e_lang,1,66
A_real_s5,level_1_5,5,20,0xF1AB6C04,21.566668,Drop,e_lang,1,67
A_real_s5,level_1_5,5,20,0xF1AB6C04,21.566668,Drop,e_shan,1,68
A_real_s5,level_1_5,5,20,0xF1AB6C04,22.400001,Drop,e_shan,1,69
A_real_s5,level_1_5,5,20,0xF1AB6C04,22.633335,Drop,e_lang,1,70
A_real_s5,level_1_5,5,20,0xF1AB6C04,23.000001,Drop,e_lang,1,71
A_real_s5,level_1_5,5,20,0xF1AB6C04,23.066668,Drop,e_lang,1,72
A_real_s5,level_1_5,5,20,0xF1AB6C04,23.566668,Drop,e_lang,1,73
A_real_s5,level_1_5,5,20,0xF1AB6C04,23.566668,Drop,e_lang,1,74
A_real_s5,level_1_5,5,20,0xF1AB6C04,24.666668,Drop,e_lang,1,75
A_real_s5,level_1_5,5,20,0xF1AB6C04,25.566668,Drop,e_shan,1,76
A_real_s5,level_1_5,5,20,0xF1AB6C04,27.400001,Drop,e_lang,1,77
A_real_s5,level_1_5,5,20,0xF1AB6C04,27.566668,Drop,e_shan,1,78
A_real_s5,level_1_5,5,20,0xF1AB6C04,27.900001,Drop,e_lang,1,79
A_real_s5,level_1_5,5,20,0xF1AB6C04,28.733335,Drop,e_shan,1,80
A_real_s5,level_1_5,5,20,0xF1AB6C04,28.966668,Drop,e_lang,1,81
A_real_s5,level_1_5,5,20,0xF1AB6C04,29.000002,Drop,e_lang,1,82
A_real_s5,level_1_5,5,20,0xF1AB6C04,34.000002,Drop,zu,1,83
A_real_s5,level_1_5,5,20,0xF1AB6C04,34.633335,Drop,zu,1,84
A_real_s5,level_1_5,5,20,0xF1AB6C04,35.633335,Drop,zu,1,85
A_real_s5,level_1_5,5,20,0xF1AB6C04,36.000002,Drop,zu,1,86
A_real_s5,level_1_5,5,20,0xF1AB6C04,38.000002,Drop,e_liu,1,87
A_real_s5,level_1_5,5,20,0xF1AB6C04,39.000002,Drop,e_liu,1,88
A_real_s5,level_1_5,5,20,0xF1AB6C04,40.000002,Drop,e_liu,1,89
A_real_s5,level_1_5,5,20,0xF1AB6C04,40.466669,Drop,e_liu,1,90
A_real_s5,level_1_5,5,20,0xF1AB6C04,42.000002,Drop,tie,3,93
A_real_s5,level_1_5,5,20,0xF1AB6C04,44.000002,Drop,tie,3,96
A_real_s5,level_1_5,5,20,0xF1AB6C04,46.000002,Drop,tie,3,99
A_real_s5,level_1_5,5,20,0xF1AB6C04,46.000002,Drop,zu,1,100
A_real_s5,level_1_5,5,20,0xF1AB6C04,47.233336,Drop,zu,1,101
A_real_s5,level_1_5,5,20,0xF1AB6C04,48.000003,Drop,e_liu,1,102
A_real_s5,level_1_5,5,20,0xF1AB6C04,50.000003,Drop,zu,1,103
A_real_s5,level_1_5,5,20,0xF1AB6C04,52.000003,Drop,zu,1,104
A_real_s5,level_1_5,5,20,0xF1AB6C04,53.233336,Drop,zu,1,105
A_real_s5,level_1_5,5,20,0xF1AB6C04,54.000003,Drop,e_shan,1,106
A_real_s5,level_1_5,5,20,0xF1AB6C04,56.000003,Drop,e_lang,1,107
A_real_s5,level_1_5,5,20,0xF1AB6C04,56.633336,Drop,e_lang,1,108
A_real_s5,level_1_5,5,20,0xF1AB6C04,57.100003,Drop,e_lang,1,109
A_real_s5,level_1_5,5,20,0xF1AB6C04,57.800003,Drop,e_lang,1,110
A_real_s5,level_1_5,5,20,0xF1AB6C04,58.600003,Drop,zqi,3,113
A_real_s5,level_1_5,5,20,0xF1AB6C04,60.600003,Drop,zqi,3,116
A_real_s5,level_1_5,5,20,0xF1AB6C04,60.600003,Drop,zqi,3,119
A_real_s5,level_1_5,5,20,0xF1AB6C04,62.600003,Drop,e_shan,1,120
A_real_s5,level_1_5,5,20,0xF1AB6C04,64.600003,Drop,e_shan,1,121
A_real_s5,level_1_5,5,20,0xF1AB6C04,65.433337,Drop,e_lang,1,122
A_real_s5,level_1_5,5,20,0xF1AB6C04,66.06667,Drop,e_lang,1,123
A_real_s5,level_1_5,5,20,0xF1AB6C04,66.233337,Drop,e_lang,1,124
A_real_s5,level_1_5,5,20,0xF1AB6C04,66.600003,Drop,e_shan,1,125
A_real_s5,level_1_5,5,20,0xF1AB6C04,68.600004,Drop,e_shan,1,126
A_real_s5,level_1_5,5,20,0xF1AB6C04,72.96667,Drop,bld_cheng,20,146
A_real_s5,level_1_5,5,20,0xF1AB6C04,72.96667,End,,0,146
A_real_s5,level_1_5,5,21,0x195FE031,0,Start,,0,45
A_real_s5,level_1_5,5,21,0x195FE031,4.2,Drop,zu,1,46
A_real_s5,level_1_5,5,21,0x195FE031,4.966667,Drop,zu,1,47
A_real_s5,level_1_5,5,21,0x195FE031,5.4,Drop,zu,1,48
A_real_s5,level_1_5,5,21,0x195FE031,6.133334,Drop,zu,1,49
A_real_s5,level_1_5,5,21,0x195FE031,7.933334,Drop,e_liu,1,50
A_real_s5,level_1_5,5,21,0x195FE031,8,Drop,e_liu,1,51
A_real_s5,level_1_5,5,21,0x195FE031,8.8,Drop,zu,1,52
A_real_s5,level_1_5,5,21,0x195FE031,9.033334,Drop,zu,1,53
A_real_s5,level_1_5,5,21,0x195FE031,9.266667,Drop,zu,1,54
A_real_s5,level_1_5,5,21,0x195FE031,9.533334,Drop,zu,1,55
A_real_s5,level_1_5,5,21,0x195FE031,10.066667,Drop,zu,1,56
A_real_s5,level_1_5,5,21,0x195FE031,10.466667,Drop,zu,1,57
A_real_s5,level_1_5,5,21,0x195FE031,11.600001,Drop,e_liu,1,58
A_real_s5,level_1_5,5,21,0x195FE031,12.366667,Drop,zu,1,59
A_real_s5,level_1_5,5,21,0x195FE031,13.366667,Drop,zu,1,60
A_real_s5,level_1_5,5,21,0x195FE031,13.600001,Drop,zu,1,61
A_real_s5,level_1_5,5,21,0x195FE031,14.366667,Drop,zu,1,62
A_real_s5,level_1_5,5,21,0x195FE031,15.233334,Drop,zu,1,63
A_real_s5,level_1_5,5,21,0x195FE031,15.600001,Drop,zu,1,64
A_real_s5,level_1_5,5,21,0x195FE031,16.366668,Drop,zu,1,65
A_real_s5,level_1_5,5,21,0x195FE031,17.000001,Drop,zu,1,66
A_real_s5,level_1_5,5,21,0x195FE031,17.366668,Drop,zu,1,67
A_real_s5,level_1_5,5,21,0x195FE031,17.600001,Drop,zu,1,68
A_real_s5,level_1_5,5,21,0x195FE031,19.600001,Drop,e_shan,1,69
A_real_s5,level_1_5,5,21,0x195FE031,21.000001,Drop,e_lang,1,70
A_real_s5,level_1_5,5,21,0x195FE031,21.600001,Drop,e_lang,1,71
A_real_s5,level_1_5,5,21,0x195FE031,22.800001,Drop,e_lang,1,72
A_real_s5,level_1_5,5,21,0x195FE031,23.600001,Drop,e_shan,1,73
A_real_s5,level_1_5,5,21,0x195FE031,23.600001,Drop,e_lang,1,74
A_real_s5,level_1_5,5,21,0x195FE031,24.533335,Drop,e_lang,1,75
A_real_s5,level_1_5,5,21,0x195FE031,25.033335,Drop,e_lang,1,76
A_real_s5,level_1_5,5,21,0x195FE031,25.266668,Drop,e_lang,1,77
A_real_s5,level_1_5,5,21,0x195FE031,25.600001,Drop,e_shan,1,78
A_real_s5,level_1_5,5,21,0x195FE031,27.033335,Drop,e_lang,1,79
A_real_s5,level_1_5,5,21,0x195FE031,27.600001,Drop,e_lang,1,80
A_real_s5,level_1_5,5,21,0x195FE031,27.600001,Drop,e_lang,1,81
A_real_s5,level_1_5,5,21,0x195FE031,28.800002,Drop,e_lang,1,82
A_real_s5,level_1_5,5,21,0x195FE031,29.600002,Drop,e_shan,1,83
A_real_s5,level_1_5,5,21,0x195FE031,31.600002,Drop,e_shan,1,84
A_real_s5,level_1_5,5,21,0x195FE031,34.033335,Drop,zu,1,85
A_real_s5,level_1_5,5,21,0x195FE031,35.033335,Drop,zu,1,86
A_real_s5,level_1_5,5,21,0x195FE031,36.033335,Drop,zu,1,87
A_real_s5,level_1_5,5,21,0x195FE031,36.033335,Drop,zu,1,88
A_real_s5,level_1_5,5,21,0x195FE031,38.033335,Drop,e_liu,1,89
A_real_s5,level_1_5,5,21,0x195FE031,40.033335,Drop,e_liu,1,90
A_real_s5,level_1_5,5,21,0x195FE031,42.033336,Drop,tie,3,93
A_real_s5,level_1_5,5,21,0x195FE031,44.033336,Drop,tie,3,96
A_real_s5,level_1_5,5,21,0x195FE031,44.433336,Drop,zu,1,97
A_real_s5,level_1_5,5,21,0x195FE031,46.033336,Drop,zu,1,98
A_real_s5,level_1_5,5,21,0x195FE031,48.033336,Drop,e_liu,1,99
A_real_s5,level_1_5,5,21,0x195FE031,50.033336,Drop,zu,1,100
A_real_s5,level_1_5,5,21,0x195FE031,50.433336,Drop,zu,1,101
A_real_s5,level_1_5,5,21,0x195FE031,51.433336,Drop,zu,1,102
A_real_s5,level_1_5,5,21,0x195FE031,52.033336,Drop,e_liu,1,103
A_real_s5,level_1_5,5,21,0x195FE031,53.433336,Drop,e_liu,1,104
A_real_s5,level_1_5,5,21,0x195FE031,54.033336,Drop,zu,1,105
A_real_s5,level_1_5,5,21,0x195FE031,54.033336,Drop,e_liu,1,106
A_real_s5,level_1_5,5,21,0x195FE031,55.900003,Drop,e_liu,1,107
A_real_s5,level_1_5,5,21,0x195FE031,56.033336,Drop,e_shan,1,108
A_real_s5,level_1_5,5,21,0x195FE031,56.033336,Drop,e_shan,1,109
A_real_s5,level_1_5,5,21,0x195FE031,58.033336,Drop,e_liu,1,110
A_real_s5,level_1_5,5,21,0x195FE031,58.033336,Drop,zu,1,111
A_real_s5,level_1_5,5,21,0x195FE031,60.033336,Drop,e_shan,1,112
A_real_s5,level_1_5,5,21,0x195FE031,60.033336,Drop,zqi,3,115
A_real_s5,level_1_5,5,21,0x195FE031,62.033337,Drop,zqi,3,118
A_real_s5,level_1_5,5,21,0x195FE031,62.033337,Drop,e_shan,1,119
A_real_s5,level_1_5,5,21,0x195FE031,62.033337,Drop,e_shan,1,120
A_real_s5,level_1_5,5,21,0x195FE031,111.700006,End,,0,120
A_real_s5,level_1_5,5,22,0x4E6FE13D,0,Start,,0,45
A_real_s5,level_1_5,5,22,0x4E6FE13D,4.266667,Drop,zu,1,46
A_real_s5,level_1_5,5,22,0x4E6FE13D,5,Drop,zu,1,47
A_real_s5,level_1_5,5,22,0x4E6FE13D,5.433334,Drop,zu,1,48
A_real_s5,level_1_5,5,22,0x4E6FE13D,6.166667,Drop,zu,1,49
A_real_s5,level_1_5,5,22,0x4E6FE13D,7.633334,Drop,e_liu,1,50
A_real_s5,level_1_5,5,22,0x4E6FE13D,8,Drop,e_liu,1,51
A_real_s5,level_1_5,5,22,0x4E6FE13D,8.866667,Drop,zu,1,52
A_real_s5,level_1_5,5,22,0x4E6FE13D,10.233334,Drop,zu,1,53
A_real_s5,level_1_5,5,22,0x4E6FE13D,10.766667,Drop,zu,1,54
A_real_s5,level_1_5,5,22,0x4E6FE13D,11.666667,Drop,e_liu,1,55
A_real_s5,level_1_5,5,22,0x4E6FE13D,12.666667,Drop,zu,1,56
A_real_s5,level_1_5,5,22,0x4E6FE13D,13.433334,Drop,zu,1,57
A_real_s5,level_1_5,5,22,0x4E6FE13D,13.666667,Drop,zu,1,58
A_real_s5,level_1_5,5,22,0x4E6FE13D,13.666667,Drop,zu,1,59
A_real_s5,level_1_5,5,22,0x4E6FE13D,14.666667,Drop,zu,1,60
A_real_s5,level_1_5,5,22,0x4E6FE13D,15.300001,Drop,zu,1,61
A_real_s5,level_1_5,5,22,0x4E6FE13D,15.666667,Drop,zu,1,62
A_real_s5,level_1_5,5,22,0x4E6FE13D,16.466668,Drop,zu,1,63
A_real_s5,level_1_5,5,22,0x4E6FE13D,17.066668,Drop,zu,1,64
A_real_s5,level_1_5,5,22,0x4E6FE13D,17.433334,Drop,zu,1,65
A_real_s5,level_1_5,5,22,0x4E6FE13D,17.666668,Drop,zu,1,66
A_real_s5,level_1_5,5,22,0x4E6FE13D,19.666668,Drop,e_shan,1,67
A_real_s5,level_1_5,5,22,0x4E6FE13D,20.466668,Drop,e_shan,1,68
A_real_s5,level_1_5,5,22,0x4E6FE13D,21.133334,Drop,e_lang,1,69
A_real_s5,level_1_5,5,22,0x4E6FE13D,21.666668,Drop,e_shan,1,70
A_real_s5,level_1_5,5,22,0x4E6FE13D,21.666668,Drop,e_lang,1,71
A_real_s5,level_1_5,5,22,0x4E6FE13D,23.200001,Drop,e_lang,1,72
A_real_s5,level_1_5,5,22,0x4E6FE13D,23.666668,Drop,e_shan,1,73
A_real_s5,level_1_5,5,22,0x4E6FE13D,23.666668,Drop,e_lang,1,74
A_real_s5,level_1_5,5,22,0x4E6FE13D,24.000001,Drop,e_lang,1,75
A_real_s5,level_1_5,5,22,0x4E6FE13D,24.200001,Drop,e_lang,1,76
A_real_s5,level_1_5,5,22,0x4E6FE13D,24.833335,Drop,e_lang,1,77
A_real_s5,level_1_5,5,22,0x4E6FE13D,25.200001,Drop,e_lang,1,78
A_real_s5,level_1_5,5,22,0x4E6FE13D,25.666668,Drop,e_shan,1,79
A_real_s5,level_1_5,5,22,0x4E6FE13D,27.033335,Drop,e_lang,1,80
A_real_s5,level_1_5,5,22,0x4E6FE13D,27.666668,Drop,e_lang,1,81
A_real_s5,level_1_5,5,22,0x4E6FE13D,27.666668,Drop,e_lang,1,82
A_real_s5,level_1_5,5,22,0x4E6FE13D,29.666668,Drop,e_shan,1,83
A_real_s5,level_1_5,5,22,0x4E6FE13D,30.366668,Drop,e_lang,1,84
A_real_s5,level_1_5,5,22,0x4E6FE13D,34.166668,Drop,zu,1,85
A_real_s5,level_1_5,5,22,0x4E6FE13D,36.133335,Drop,zu,1,86
A_real_s5,level_1_5,5,22,0x4E6FE13D,36.166669,Drop,zu,1,87
A_real_s5,level_1_5,5,22,0x4E6FE13D,38.166669,Drop,e_liu,1,88
A_real_s5,level_1_5,5,22,0x4E6FE13D,40.166669,Drop,e_liu,1,89
A_real_s5,level_1_5,5,22,0x4E6FE13D,42.166669,Drop,tie,3,92
A_real_s5,level_1_5,5,22,0x4E6FE13D,44.166669,Drop,zu,1,93
A_real_s5,level_1_5,5,22,0x4E6FE13D,46.166669,Drop,zu,1,94
A_real_s5,level_1_5,5,22,0x4E6FE13D,48.166669,Drop,e_liu,1,95
A_real_s5,level_1_5,5,22,0x4E6FE13D,50.166669,Drop,zu,1,96
A_real_s5,level_1_5,5,22,0x4E6FE13D,52.166669,Drop,zu,1,97
A_real_s5,level_1_5,5,22,0x4E6FE13D,54.166669,Drop,e_shan,1,98
A_real_s5,level_1_5,5,22,0x4E6FE13D,56.133336,Drop,e_lang,1,99
A_real_s5,level_1_5,5,22,0x4E6FE13D,56.16667,Drop,e_lang,1,100
A_real_s5,level_1_5,5,22,0x4E6FE13D,56.66667,Drop,e_lang,1,101
A_real_s5,level_1_5,5,22,0x4E6FE13D,57.56667,Drop,e_lang,1,102
A_real_s5,level_1_5,5,22,0x4E6FE13D,58.56667,Drop,zqi,3,105
A_real_s5,level_1_5,5,22,0x4E6FE13D,60.56667,Drop,zqi,3,108
A_real_s5,level_1_5,5,22,0x4E6FE13D,61.433337,Drop,zqi,3,111
A_real_s5,level_1_5,5,22,0x4E6FE13D,64.333337,Drop,e_shan,1,112
A_real_s5,level_1_5,5,22,0x4E6FE13D,65.36667,Drop,e_lang,1,113
A_real_s5,level_1_5,5,22,0x4E6FE13D,66.200003,Drop,e_lang,1,114
A_real_s5,level_1_5,5,22,0x4E6FE13D,66.333337,Drop,e_lang,1,115
A_real_s5,level_1_5,5,22,0x4E6FE13D,69.433337,Drop,e_shan,1,116
A_real_s5,level_1_5,5,22,0x4E6FE13D,71.433337,Drop,e_shan,1,117
A_real_s5,level_1_5,5,22,0x4E6FE13D,73.433337,Drop,e_shan,1,118
A_real_s5,level_1_5,5,22,0x4E6FE13D,73.433337,Drop,zu,1,119
A_real_s5,level_1_5,5,22,0x4E6FE13D,73.433337,Drop,e_liu,1,120
A_real_s5,level_1_5,5,22,0x4E6FE13D,75.433337,Drop,e_shan,1,121
A_real_s5,level_1_5,5,22,0x4E6FE13D,76.000004,Drop,zu,1,122
A_real_s5,level_1_5,5,22,0x4E6FE13D,77.200004,Drop,tie,3,125
A_real_s5,level_1_5,5,22,0x4E6FE13D,77.433337,Drop,zu,1,126
A_real_s5,level_1_5,5,22,0x4E6FE13D,77.433337,Drop,zu,1,127
A_real_s5,level_1_5,5,22,0x4E6FE13D,77.433337,Drop,e_shan,1,128
A_real_s5,level_1_5,5,22,0x4E6FE13D,79.133337,Drop,e_shan,1,129
A_real_s5,level_1_5,5,22,0x4E6FE13D,79.333337,Drop,zu,1,130
A_real_s5,level_1_5,5,22,0x4E6FE13D,79.433337,Drop,e_liu,1,131
A_real_s5,level_1_5,5,22,0x4E6FE13D,79.433337,Drop,e_liu,1,132
A_real_s5,level_1_5,5,22,0x4E6FE13D,80.133338,Drop,zu,1,133
A_real_s5,level_1_5,5,22,0x4E6FE13D,81.133338,Drop,e_liu,1,134
A_real_s5,level_1_5,5,22,0x4E6FE13D,81.433338,Drop,e_liu,1,135
A_real_s5,level_1_5,5,22,0x4E6FE13D,83.433338,Drop,tie,3,138
A_real_s5,level_1_5,5,22,0x4E6FE13D,85.433338,Drop,e_liu,1,139
A_real_s5,level_1_5,5,22,0x4E6FE13D,85.433338,Drop,zu,1,140
A_real_s5,level_1_5,5,22,0x4E6FE13D,87.433338,Drop,tie,3,143
A_real_s5,level_1_5,5,22,0x4E6FE13D,87.433338,Drop,tie,3,146
A_real_s5,level_1_5,5,22,0x4E6FE13D,89.433338,Drop,e_liu,1,147
A_real_s5,level_1_5,5,22,0x4E6FE13D,89.433338,Drop,e_liu,1,148
A_real_s5,level_1_5,5,22,0x4E6FE13D,91.433338,Drop,zu,1,149
A_real_s5,level_1_5,5,22,0x4E6FE13D,91.433338,Drop,zu,1,150
A_real_s5,level_1_5,5,22,0x4E6FE13D,91.433338,Drop,zu,1,151
A_real_s5,level_1_5,5,22,0x4E6FE13D,91.433338,Drop,zu,1,152
A_real_s5,level_1_5,5,22,0x4E6FE13D,93.433338,Drop,tie,3,155
A_real_s5,level_1_5,5,22,0x4E6FE13D,93.433338,Drop,e_liu,1,156
A_real_s5,level_1_5,5,22,0x4E6FE13D,93.433338,Drop,e_liu,1,157
A_real_s5,level_1_5,5,22,0x4E6FE13D,93.433338,Drop,zu,1,158
A_real_s5,level_1_5,5,22,0x4E6FE13D,160.000008,End,,0,158
A_real_s5,level_1_5,5,23,0xFB4B1B39,0,Start,,0,45
A_real_s5,level_1_5,5,23,0xFB4B1B39,4.266667,Drop,zu,1,46
A_real_s5,level_1_5,5,23,0xFB4B1B39,5.033334,Drop,zu,1,47
A_real_s5,level_1_5,5,23,0xFB4B1B39,5.433334,Drop,zu,1,48
A_real_s5,level_1_5,5,23,0xFB4B1B39,6.166667,Drop,zu,1,49
A_real_s5,level_1_5,5,23,0xFB4B1B39,8,Drop,e_liu,1,50
A_real_s5,level_1_5,5,23,0xFB4B1B39,8.366667,Drop,e_liu,1,51
A_real_s5,level_1_5,5,23,0xFB4B1B39,8.466667,Drop,zu,1,52
A_real_s5,level_1_5,5,23,0xFB4B1B39,11.700001,Drop,e_liu,1,53
A_real_s5,level_1_5,5,23,0xFB4B1B39,12.633334,Drop,zu,1,54
A_real_s5,level_1_5,5,23,0xFB4B1B39,12.733334,Drop,zu,1,55
A_real_s5,level_1_5,5,23,0xFB4B1B39,13.633334,Drop,zu,1,56
A_real_s5,level_1_5,5,23,0xFB4B1B39,13.700001,Drop,zu,1,57
A_real_s5,level_1_5,5,23,0xFB4B1B39,14.633334,Drop,zu,1,58
A_real_s5,level_1_5,5,23,0xFB4B1B39,15.266667,Drop,zu,1,59
A_real_s5,level_1_5,5,23,0xFB4B1B39,15.633334,Drop,zu,1,60
A_real_s5,level_1_5,5,23,0xFB4B1B39,15.700001,Drop,zu,1,61
A_real_s5,level_1_5,5,23,0xFB4B1B39,16.633334,Drop,zu,1,62
A_real_s5,level_1_5,5,23,0xFB4B1B39,17.333334,Drop,zu,1,63
A_real_s5,level_1_5,5,23,0xFB4B1B39,17.633334,Drop,zu,1,64
A_real_s5,level_1_5,5,23,0xFB4B1B39,18.233334,Drop,e_shan,1,65
A_real_s5,level_1_5,5,23,0xFB4B1B39,20.233334,Drop,e_shan,1,66
A_real_s5,level_1_5,5,23,0xFB4B1B39,20.933334,Drop,e_lang,1,67
A_real_s5,level_1_5,5,23,0xFB4B1B39,21.600001,Drop,e_lang,1,68
A_real_s5,level_1_5,5,23,0xFB4B1B39,22.233334,Drop,e_lang,1,69
A_real_s5,level_1_5,5,23,0xFB4B1B39,23.200001,Drop,e_lang,1,70
A_real_s5,level_1_5,5,23,0xFB4B1B39,24.066668,Drop,e_lang,1,71
A_real_s5,level_1_5,5,23,0xFB4B1B39,24.200001,Drop,e_lang,1,72
A_real_s5,level_1_5,5,23,0xFB4B1B39,24.233335,Drop,e_shan,1,73
A_real_s5,level_1_5,5,23,0xFB4B1B39,25.033335,Drop,e_lang,1,74
A_real_s5,level_1_5,5,23,0xFB4B1B39,25.200001,Drop,e_lang,1,75
A_real_s5,level_1_5,5,23,0xFB4B1B39,26.233335,Drop,e_shan,1,76
A_real_s5,level_1_5,5,23,0xFB4B1B39,27.066668,Drop,e_lang,1,77
A_real_s5,level_1_5,5,23,0xFB4B1B39,27.566668,Drop,e_lang,1,78
A_real_s5,level_1_5,5,23,0xFB4B1B39,28.233335,Drop,e_lang,1,79
A_real_s5,level_1_5,5,23,0xFB4B1B39,28.233335,Drop,e_lang,1,80
A_real_s5,level_1_5,5,23,0xFB4B1B39,34.066668,Drop,zu,1,81
A_real_s5,level_1_5,5,23,0xFB4B1B39,35.500002,Drop,zu,1,82
A_real_s5,level_1_5,5,23,0xFB4B1B39,36.066669,Drop,zu,1,83
A_real_s5,level_1_5,5,23,0xFB4B1B39,38.066669,Drop,e_liu,1,84
A_real_s5,level_1_5,5,23,0xFB4B1B39,40.066669,Drop,e_liu,1,85
A_real_s5,level_1_5,5,23,0xFB4B1B39,42.066669,Drop,tie,3,88
A_real_s5,level_1_5,5,23,0xFB4B1B39,44.066669,Drop,zu,1,89
A_real_s5,level_1_5,5,23,0xFB4B1B39,44.200002,Drop,zu,1,90
A_real_s5,level_1_5,5,23,0xFB4B1B39,45.400002,Drop,zu,1,91
A_real_s5,level_1_5,5,23,0xFB4B1B39,46.400002,Drop,e_liu,1,92
A_real_s5,level_1_5,5,23,0xFB4B1B39,48.400003,Drop,e_liu,1,93
A_real_s5,level_1_5,5,23,0xFB4B1B39,49.900003,Drop,zu,1,94
A_real_s5,level_1_5,5,23,0xFB4B1B39,50.400003,Drop,e_liu,1,95
A_real_s5,level_1_5,5,23,0xFB4B1B39,51.833336,Drop,zu,1,96
A_real_s5,level_1_5,5,23,0xFB4B1B39,51.900003,Drop,zu,1,97
A_real_s5,level_1_5,5,23,0xFB4B1B39,52.500003,Drop,e_shan,1,98
A_real_s5,level_1_5,5,23,0xFB4B1B39,54.500003,Drop,e_shan,1,99
A_real_s5,level_1_5,5,23,0xFB4B1B39,56.033336,Drop,e_lang,1,100
A_real_s5,level_1_5,5,23,0xFB4B1B39,56.500003,Drop,e_lang,1,101
A_real_s5,level_1_5,5,23,0xFB4B1B39,57.033336,Drop,e_lang,1,102
A_real_s5,level_1_5,5,23,0xFB4B1B39,58.000003,Drop,e_lang,1,103
A_real_s5,level_1_5,5,23,0xFB4B1B39,58.66667,Drop,zqi,3,106
A_real_s5,level_1_5,5,23,0xFB4B1B39,60.66667,Drop,zqi,3,109
A_real_s5,level_1_5,5,23,0xFB4B1B39,60.66667,Drop,zqi,3,112
A_real_s5,level_1_5,5,23,0xFB4B1B39,61.86667,Drop,zu,1,113
A_real_s5,level_1_5,5,23,0xFB4B1B39,62.100003,Drop,zu,1,114
A_real_s5,level_1_5,5,23,0xFB4B1B39,62.66667,Drop,e_shan,1,115
A_real_s5,level_1_5,5,23,0xFB4B1B39,64.66667,Drop,e_shan,1,116
A_real_s5,level_1_5,5,23,0xFB4B1B39,65.900003,Drop,e_lang,1,117
A_real_s5,level_1_5,5,23,0xFB4B1B39,66.66667,Drop,e_lang,1,118
A_real_s5,level_1_5,5,23,0xFB4B1B39,66.66667,Drop,e_lang,1,119
A_real_s5,level_1_5,5,23,0xFB4B1B39,67.600004,Drop,e_shan,1,120
A_real_s5,level_1_5,5,23,0xFB4B1B39,68.66667,Drop,tie,3,123
A_real_s5,level_1_5,5,23,0xFB4B1B39,68.66667,Drop,e_shan,1,124
A_real_s5,level_1_5,5,23,0xFB4B1B39,70.66667,Drop,tie,3,127
A_real_s5,level_1_5,5,23,0xFB4B1B39,72.66667,Drop,e_liu,1,128
A_real_s5,level_1_5,5,23,0xFB4B1B39,72.66667,Drop,e_liu,1,129
A_real_s5,level_1_5,5,23,0xFB4B1B39,72.66667,Drop,e_shan,1,130
A_real_s5,level_1_5,5,23,0xFB4B1B39,74.666671,Drop,e_liu,1,131
A_real_s5,level_1_5,5,23,0xFB4B1B39,74.666671,Drop,e_shan,1,132
A_real_s5,level_1_5,5,23,0xFB4B1B39,74.666671,Drop,e_shan,1,133
A_real_s5,level_1_5,5,23,0xFB4B1B39,74.666671,Drop,zu,1,134
A_real_s5,level_1_5,5,23,0xFB4B1B39,76.666671,Drop,e_shan,1,135
A_real_s5,level_1_5,5,23,0xFB4B1B39,76.666671,Drop,zu,1,136
A_real_s5,level_1_5,5,23,0xFB4B1B39,76.666671,Drop,zu,1,137
A_real_s5,level_1_5,5,23,0xFB4B1B39,78.666671,Drop,e_shan,1,138
A_real_s5,level_1_5,5,23,0xFB4B1B39,78.666671,Drop,zu,1,139
A_real_s5,level_1_5,5,23,0xFB4B1B39,80.666671,Drop,e_liu,1,140
A_real_s5,level_1_5,5,23,0xFB4B1B39,80.666671,Drop,e_liu,1,141
A_real_s5,level_1_5,5,23,0xFB4B1B39,82.666671,Drop,e_liu,1,142
A_real_s5,level_1_5,5,23,0xFB4B1B39,82.666671,Drop,e_liu,1,143
A_real_s5,level_1_5,5,23,0xFB4B1B39,84.666671,Drop,tie,3,146
A_real_s5,level_1_5,5,23,0xFB4B1B39,86.666671,Drop,tie,3,149
A_real_s5,level_1_5,5,23,0xFB4B1B39,86.666671,Drop,tie,3,152
A_real_s5,level_1_5,5,23,0xFB4B1B39,86.666671,Drop,tie,3,155
A_real_s5,level_1_5,5,23,0xFB4B1B39,86.666671,Drop,zu,1,156
A_real_s5,level_1_5,5,23,0xFB4B1B39,86.666671,Drop,zu,1,157
A_real_s5,level_1_5,5,23,0xFB4B1B39,88.666671,Drop,e_liu,1,158
A_real_s5,level_1_5,5,23,0xFB4B1B39,88.666671,Drop,e_liu,1,159
A_real_s5,level_1_5,5,23,0xFB4B1B39,90.666671,Drop,zu,1,160
A_real_s5,level_1_5,5,23,0xFB4B1B39,90.666671,Drop,e_liu,1,161
A_real_s5,level_1_5,5,23,0xFB4B1B39,160.000008,End,,0,161
A_real_s5,level_1_5,5,24,0x9DA292CF,0,Start,,0,45
A_real_s5,level_1_5,5,24,0x9DA292CF,4.266667,Drop,zu,1,46
A_real_s5,level_1_5,5,24,0x9DA292CF,5.033334,Drop,zu,1,47
A_real_s5,level_1_5,5,24,0x9DA292CF,5.366667,Drop,zu,1,48
A_real_s5,level_1_5,5,24,0x9DA292CF,6.966667,Drop,e_liu,1,49
A_real_s5,level_1_5,5,24,0x9DA292CF,7.366667,Drop,zu,1,50
A_real_s5,level_1_5,5,24,0x9DA292CF,8,Drop,e_liu,1,51
A_real_s5,level_1_5,5,24,0x9DA292CF,8.533334,Drop,zu,1,52
A_real_s5,level_1_5,5,24,0x9DA292CF,11.633334,Drop,e_liu,1,53
A_real_s5,level_1_5,5,24,0x9DA292CF,12.666667,Drop,zu,1,54
A_real_s5,level_1_5,5,24,0x9DA292CF,13.633334,Drop,zu,1,55
A_real_s5,level_1_5,5,24,0x9DA292CF,14.266667,Drop,zu,1,56
A_real_s5,level_1_5,5,24,0x9DA292CF,14.933334,Drop,zu,1,57
A_real_s5,level_1_5,5,24,0x9DA292CF,15.266667,Drop,zu,1,58
A_real_s5,level_1_5,5,24,0x9DA292CF,15.633334,Drop,zu,1,59
A_real_s5,level_1_5,5,24,0x9DA292CF,16.266668,Drop,zu,1,60
A_real_s5,level_1_5,5,24,0x9DA292CF,16.900001,Drop,zu,1,61
A_real_s5,level_1_5,5,24,0x9DA292CF,17.266668,Drop,zu,1,62
A_real_s5,level_1_5,5,24,0x9DA292CF,17.633334,Drop,zu,1,63
A_real_s5,level_1_5,5,24,0x9DA292CF,19.633334,Drop,e_shan,1,64
A_real_s5,level_1_5,5,24,0x9DA292CF,20.933334,Drop,e_lang,1,65
A_real_s5,level_1_5,5,24,0x9DA292CF,21.633334,Drop,e_lang,1,66
A_real_s5,level_1_5,5,24,0x9DA292CF,21.633334,Drop,e_shan,1,67
A_real_s5,level_1_5,5,24,0x9DA292CF,22.400001,Drop,e_lang,1,68
A_real_s5,level_1_5,5,24,0x9DA292CF,22.700001,Drop,e_lang,1,69
A_real_s5,level_1_5,5,24,0x9DA292CF,23.133335,Drop,e_lang,1,70
A_real_s5,level_1_5,5,24,0x9DA292CF,23.633335,Drop,e_lang,1,71
A_real_s5,level_1_5,5,24,0x9DA292CF,24.200001,Drop,e_lang,1,72
A_real_s5,level_1_5,5,24,0x9DA292CF,24.733335,Drop,e_lang,1,73
A_real_s5,level_1_5,5,24,0x9DA292CF,25.633335,Drop,e_shan,1,74
A_real_s5,level_1_5,5,24,0x9DA292CF,27.133335,Drop,e_lang,1,75
A_real_s5,level_1_5,5,24,0x9DA292CF,27.633335,Drop,e_lang,1,76
A_real_s5,level_1_5,5,24,0x9DA292CF,27.633335,Drop,e_lang,1,77
A_real_s5,level_1_5,5,24,0x9DA292CF,28.733335,Drop,e_lang,1,78
A_real_s5,level_1_5,5,24,0x9DA292CF,29.633335,Drop,e_shan,1,79
A_real_s5,level_1_5,5,24,0x9DA292CF,31.633335,Drop,e_shan,1,80
A_real_s5,level_1_5,5,24,0x9DA292CF,33.633335,Drop,e_shan,1,81
A_real_s5,level_1_5,5,24,0x9DA292CF,35.633335,Drop,zu,1,82
A_real_s5,level_1_5,5,24,0x9DA292CF,36.066669,Drop,zu,1,83
A_real_s5,level_1_5,5,24,0x9DA292CF,37.066669,Drop,zu,1,84
A_real_s5,level_1_5,5,24,0x9DA292CF,37.633335,Drop,e_liu,1,85
A_real_s5,level_1_5,5,24,0x9DA292CF,39.633335,Drop,e_liu,1,86
A_real_s5,level_1_5,5,24,0x9DA292CF,39.633335,Drop,e_liu,1,87
A_real_s5,level_1_5,5,24,0x9DA292CF,41.633336,Drop,tie,3,90
A_real_s5,level_1_5,5,24,0x9DA292CF,43.633336,Drop,tie,3,93
A_real_s5,level_1_5,5,24,0x9DA292CF,45.633336,Drop,zu,1,94
A_real_s5,level_1_5,5,24,0x9DA292CF,45.633336,Drop,zu,1,95
A_real_s5,level_1_5,5,24,0x9DA292CF,47.633336,Drop,e_liu,1,96
A_real_s5,level_1_5,5,24,0x9DA292CF,47.633336,Drop,e_liu,1,97
A_real_s5,level_1_5,5,24,0x9DA292CF,49.633336,Drop,zu,1,98
A_real_s5,level_1_5,5,24,0x9DA292CF,51.266669,Drop,zu,1,99
A_real_s5,level_1_5,5,24,0x9DA292CF,51.633336,Drop,tie,3,102
A_real_s5,level_1_5,5,24,0x9DA292CF,51.633336,Drop,e_liu,1,103
A_real_s5,level_1_5,5,24,0x9DA292CF,53.633336,Drop,e_shan,1,104
A_real_s5,level_1_5,5,24,0x9DA292CF,55.633336,Drop,e_shan,1,105
A_real_s5,level_1_5,5,24,0x9DA292CF,55.633336,Drop,e_lang,1,106
A_real_s5,level_1_5,5,24,0x9DA292CF,56.600003,Drop,e_lang,1,107
A_real_s5,level_1_5,5,24,0x9DA292CF,57.333336,Drop,e_lang,1,108
A_real_s5,level_1_5,5,24,0x9DA292CF,57.633336,Drop,e_lang,1,109
A_real_s5,level_1_5,5,24,0x9DA292CF,59.633336,Drop,zqi,3,112
A_real_s5,level_1_5,5,24,0x9DA292CF,61.633337,Drop,zqi,3,115
A_real_s5,level_1_5,5,24,0x9DA292CF,61.633337,Drop,zqi,3,118
A_real_s5,level_1_5,5,24,0x9DA292CF,63.633337,Drop,e_shan,1,119
A_real_s5,level_1_5,5,24,0x9DA292CF,65.633337,Drop,e_shan,1,120
A_real_s5,level_1_5,5,24,0x9DA292CF,66.633337,Drop,e_lang,1,121
A_real_s5,level_1_5,5,24,0x9DA292CF,67.633337,Drop,e_shan,1,122
A_real_s5,level_1_5,5,24,0x9DA292CF,67.633337,Drop,e_shan,1,123
A_real_s5,level_1_5,5,24,0x9DA292CF,68.133337,Drop,e_lang,1,124
A_real_s5,level_1_5,5,24,0x9DA292CF,69.633337,Drop,zu,1,125
A_real_s5,level_1_5,5,24,0x9DA292CF,69.633337,Drop,e_shan,1,126
A_real_s5,level_1_5,5,24,0x9DA292CF,70.333337,Drop,e_lang,1,127
A_real_s5,level_1_5,5,24,0x9DA292CF,71.633337,Drop,e_shan,1,128
A_real_s5,level_1_5,5,24,0x9DA292CF,73.133337,Drop,zu,1,129
A_real_s5,level_1_5,5,24,0x9DA292CF,73.633337,Drop,zu,1,130
A_real_s5,level_1_5,5,24,0x9DA292CF,73.633337,Drop,e_liu,1,131
A_real_s5,level_1_5,5,24,0x9DA292CF,75.633337,Drop,e_liu,1,132
A_real_s5,level_1_5,5,24,0x9DA292CF,75.633337,Drop,zu,1,133
A_real_s5,level_1_5,5,24,0x9DA292CF,76.466671,Drop,zu,1,134
A_real_s5,level_1_5,5,24,0x9DA292CF,77.633337,Drop,zu,1,135
A_real_s5,level_1_5,5,24,0x9DA292CF,78.933337,Drop,zu,1,136
A_real_s5,level_1_5,5,24,0x9DA292CF,79.633337,Drop,zu,1,137
A_real_s5,level_1_5,5,24,0x9DA292CF,79.633337,Drop,e_liu,1,138
A_real_s5,level_1_5,5,24,0x9DA292CF,80.400004,Drop,zu,1,139
A_real_s5,level_1_5,5,24,0x9DA292CF,81.633338,Drop,e_liu,1,140
A_real_s5,level_1_5,5,24,0x9DA292CF,81.800004,Drop,e_liu,1,141
A_real_s5,level_1_5,5,24,0x9DA292CF,82.800004,Drop,e_shan,1,142
A_real_s5,level_1_5,5,24,0x9DA292CF,83.633338,Drop,tie,3,145
A_real_s5,level_1_5,5,24,0x9DA292CF,85.633338,Drop,e_liu,1,146
A_real_s5,level_1_5,5,24,0x9DA292CF,85.633338,Drop,zu,1,147
A_real_s5,level_1_5,5,24,0x9DA292CF,160.000008,End,,0,147
A_real_s5,level_1_5,5,25,0x3099B372,0,Start,,0,45
A_real_s5,level_1_5,5,25,0x3099B372,4.233334,Drop,zu,1,46
A_real_s5,level_1_5,5,25,0x3099B372,5.033334,Drop,zu,1,47
A_real_s5,level_1_5,5,25,0x3099B372,5.466667,Drop,zu,1,48
A_real_s5,level_1_5,5,25,0x3099B372,6.2,Drop,zu,1,49
A_real_s5,level_1_5,5,25,0x3099B372,7.666667,Drop,e_liu,1,50
A_real_s5,level_1_5,5,25,0x3099B372,8,Drop,e_liu,1,51
A_real_s5,level_1_5,5,25,0x3099B372,11.633334,Drop,e_liu,1,52
A_real_s5,level_1_5,5,25,0x3099B372,12.633334,Drop,zu,1,53
A_real_s5,level_1_5,5,25,0x3099B372,12.866667,Drop,zu,1,54
A_real_s5,level_1_5,5,25,0x3099B372,13.633334,Drop,zu,1,55
A_real_s5,level_1_5,5,25,0x3099B372,14.300001,Drop,zu,1,56
A_real_s5,level_1_5,5,25,0x3099B372,14.866667,Drop,zu,1,57
A_real_s5,level_1_5,5,25,0x3099B372,15.366667,Drop,zu,1,58
A_real_s5,level_1_5,5,25,0x3099B372,15.633334,Drop,zu,1,59
A_real_s5,level_1_5,5,25,0x3099B372,16.500001,Drop,zu,1,60
A_real_s5,level_1_5,5,25,0x3099B372,17.133334,Drop,zu,1,61
A_real_s5,level_1_5,5,25,0x3099B372,17.500001,Drop,zu,1,62
A_real_s5,level_1_5,5,25,0x3099B372,17.633334,Drop,zu,1,63
A_real_s5,level_1_5,5,25,0x3099B372,19.633334,Drop,e_shan,1,64
A_real_s5,level_1_5,5,25,0x3099B372,21.633334,Drop,e_shan,1,65
A_real_s5,level_1_5,5,25,0x3099B372,22.233334,Drop,e_lang,1,66
A_real_s5,level_1_5,5,25,0x3099B372,22.233334,Drop,e_shan,1,67
A_real_s5,level_1_5,5,25,0x3099B372,22.266668,Drop,e_lang,1,68
A_real_s5,level_1_5,5,25,0x3099B372,23.633335,Drop,e_shan,1,69
A_real_s5,level_1_5,5,25,0x3099B372,23.733335,Drop,e_lang,1,70
A_real_s5,level_1_5,5,25,0x3099B372,23.900001,Drop,e_lang,1,71
A_real_s5,level_1_5,5,25,0x3099B372,24.466668,Drop,e_lang,1,72
A_real_s5,level_1_5,5,25,0x3099B372,24.666668,Drop,e_lang,1,73
A_real_s5,level_1_5,5,25,0x3099B372,25.000001,Drop,e_lang,1,74
A_real_s5,level_1_5,5,25,0x3099B372,25.200001,Drop,e_lang,1,75
A_real_s5,level_1_5,5,25,0x3099B372,25.700001,Drop,e_shan,1,76
A_real_s5,level_1_5,5,25,0x3099B372,27.066668,Drop,e_lang,1,77
A_real_s5,level_1_5,5,25,0x3099B372,27.700001,Drop,e_shan,1,78
A_real_s5,level_1_5,5,25,0x3099B372,28.100001,Drop,e_lang,1,79
A_real_s5,level_1_5,5,25,0x3099B372,28.500001,Drop,e_shan,1,80
A_real_s5,level_1_5,5,25,0x3099B372,28.733335,Drop,e_lang,1,81
A_real_s5,level_1_5,5,25,0x3099B372,28.900002,Drop,e_lang,1,82
A_real_s5,level_1_5,5,25,0x3099B372,34.100002,Drop,zu,1,83
A_real_s5,level_1_5,5,25,0x3099B372,35.500002,Drop,zu,1,84
A_real_s5,level_1_5,5,25,0x3099B372,36.000002,Drop,zu,1,85
A_real_s5,level_1_5,5,25,0x3099B372,36.100002,Drop,zu,1,86
A_real_s5,level_1_5,5,25,0x3099B372,38.100002,Drop,e_liu,1,87
A_real_s5,level_1_5,5,25,0x3099B372,39.333335,Drop,e_liu,1,88
A_real_s5,level_1_5,5,25,0x3099B372,40.100002,Drop,e_liu,1,89
A_real_s5,level_1_5,5,25,0x3099B372,42.100002,Drop,e_liu,1,90
A_real_s5,level_1_5,5,25,0x3099B372,44.100002,Drop,tie,3,93
A_real_s5,level_1_5,5,25,0x3099B372,44.100002,Drop,zu,1,94
A_real_s5,level_1_5,5,25,0x3099B372,45.966669,Drop,zu,1,95
A_real_s5,level_1_5,5,25,0x3099B372,46.100002,Drop,tie,3,98
A_real_s5,level_1_5,5,25,0x3099B372,48.100003,Drop,tie,3,101
A_real_s5,level_1_5,5,25,0x3099B372,48.100003,Drop,zu,1,102
A_real_s5,level_1_5,5,25,0x3099B372,50.100003,Drop,zu,1,103
A_real_s5,level_1_5,5,25,0x3099B372,50.100003,Drop,e_liu,1,104
A_real_s5,level_1_5,5,25,0x3099B372,50.100003,Drop,zu,1,105
A_real_s5,level_1_5,5,25,0x3099B372,50.966669,Drop,e_liu,1,106
A_real_s5,level_1_5,5,25,0x3099B372,52.100003,Drop,e_liu,1,107
A_real_s5,level_1_5,5,25,0x3099B372,52.100003,Drop,e_liu,1,108
A_real_s5,level_1_5,5,25,0x3099B372,53.966669,Drop,zu,1,109
A_real_s5,level_1_5,5,25,0x3099B372,54.100003,Drop,e_shan,1,110
A_real_s5,level_1_5,5,25,0x3099B372,56.100003,Drop,e_lang,1,111
A_real_s5,level_1_5,5,25,0x3099B372,58.100003,Drop,e_lang,1,112
A_real_s5,level_1_5,5,25,0x3099B372,60.100003,Drop,zqi,3,115
A_real_s5,level_1_5,5,25,0x3099B372,60.100003,Drop,zqi,3,118
A_real_s5,level_1_5,5,25,0x3099B372,62.100003,Drop,zqi,3,121
A_real_s5,level_1_5,5,25,0x3099B372,62.100003,Drop,e_lang,1,122
A_real_s5,level_1_5,5,25,0x3099B372,62.100003,Drop,e_lang,1,123
A_real_s5,level_1_5,5,25,0x3099B372,64.100003,Drop,e_shan,1,124
A_real_s5,level_1_5,5,25,0x3099B372,66.100003,Drop,e_lang,1,125
A_real_s5,level_1_5,5,25,0x3099B372,68.100004,Drop,e_lang,1,126
A_real_s5,level_1_5,5,25,0x3099B372,70.100004,Drop,e_shan,1,127
A_real_s5,level_1_5,5,25,0x3099B372,74.066671,Drop,bld_cheng,20,147
A_real_s5,level_1_5,5,25,0x3099B372,74.066671,End,,0,147
B_real_s1_nosiege,level_1_1,1,1,0xD809F129,0,Start,,0,45
B_real_s1_nosiege,level_1_1,1,1,0xD809F129,4.6,Drop,zu,1,46
B_real_s1_nosiege,level_1_1,1,1,0xD809F129,5.033334,Drop,zu,1,47
B_real_s1_nosiege,level_1_1,1,1,0xD809F129,5.766667,Drop,zu,1,48
B_real_s1_nosiege,level_1_1,1,1,0xD809F129,6.8,Drop,zu,1,49
B_real_s1_nosiege,level_1_1,1,1,0xD809F129,7.533334,Drop,zu,1,50
B_real_s1_nosiege,level_1_1,1,1,0xD809F129,8.266667,Drop,zu,1,51
B_real_s1_nosiege,level_1_1,1,1,0xD809F129,11.766667,Drop,e_liu,1,52
B_real_s1_nosiege,level_1_1,1,1,0xD809F129,13.966667,Drop,e_liu,1,53
B_real_s1_nosiege,level_1_1,1,1,0xD809F129,15.300001,Drop,zu,1,54
B_real_s1_nosiege,level_1_1,1,1,0xD809F129,15.566667,Drop,zu,1,55
B_real_s1_nosiege,level_1_1,1,1,0xD809F129,16.766668,Drop,zu,1,56
B_real_s1_nosiege,level_1_1,1,1,0xD809F129,17.966668,Drop,e_liu,1,57
B_real_s1_nosiege,level_1_1,1,1,0xD809F129,19.166668,Drop,zu,1,58
B_real_s1_nosiege,level_1_1,1,1,0xD809F129,20.366668,Drop,zu,1,59
B_real_s1_nosiege,level_1_1,1,1,0xD809F129,21.300001,Drop,zu,1,60
B_real_s1_nosiege,level_1_1,1,1,0xD809F129,21.566668,Drop,zu,1,61
B_real_s1_nosiege,level_1_1,1,1,0xD809F129,38.366669,Drop,e_shan,1,62
B_real_s1_nosiege,level_1_1,1,1,0xD809F129,93.633338,End,,0,62
B_real_s1_nosiege,level_1_1,1,2,0x23B8E5DF,0,Start,,0,45
B_real_s1_nosiege,level_1_1,1,2,0x23B8E5DF,4.6,Drop,zu,1,46
B_real_s1_nosiege,level_1_1,1,2,0x23B8E5DF,5.333334,Drop,zu,1,47
B_real_s1_nosiege,level_1_1,1,2,0x23B8E5DF,6.066667,Drop,zu,1,48
B_real_s1_nosiege,level_1_1,1,2,0x23B8E5DF,6.966667,Drop,zu,1,49
B_real_s1_nosiege,level_1_1,1,2,0x23B8E5DF,7.7,Drop,zu,1,50
B_real_s1_nosiege,level_1_1,1,2,0x23B8E5DF,9.1,Drop,zu,1,51
B_real_s1_nosiege,level_1_1,1,2,0x23B8E5DF,14.133334,Drop,e_liu,1,52
B_real_s1_nosiege,level_1_1,1,2,0x23B8E5DF,15.333334,Drop,zu,1,53
B_real_s1_nosiege,level_1_1,1,2,0x23B8E5DF,16.533334,Drop,zu,1,54
B_real_s1_nosiege,level_1_1,1,2,0x23B8E5DF,17.733334,Drop,zu,1,55
B_real_s1_nosiege,level_1_1,1,2,0x23B8E5DF,18.933334,Drop,zu,1,56
B_real_s1_nosiege,level_1_1,1,2,0x23B8E5DF,19.100001,Drop,e_liu,1,57
B_real_s1_nosiege,level_1_1,1,2,0x23B8E5DF,20.133334,Drop,zu,1,58
B_real_s1_nosiege,level_1_1,1,2,0x23B8E5DF,21.333334,Drop,zu,1,59
B_real_s1_nosiege,level_1_1,1,2,0x23B8E5DF,22.533335,Drop,zu,1,60
B_real_s1_nosiege,level_1_1,1,2,0x23B8E5DF,27.300001,Drop,e_lang,1,61
B_real_s1_nosiege,level_1_1,1,2,0x23B8E5DF,28.466668,Drop,e_lang,1,62
B_real_s1_nosiege,level_1_1,1,2,0x23B8E5DF,30.100002,Drop,e_shan,1,63
B_real_s1_nosiege,level_1_1,1,2,0x23B8E5DF,31.100002,Drop,e_lang,1,64
B_real_s1_nosiege,level_1_1,1,2,0x23B8E5DF,35.366669,Drop,e_liu,1,65
B_real_s1_nosiege,level_1_1,1,2,0x23B8E5DF,36.100002,Drop,zu,1,66
B_real_s1_nosiege,level_1_1,1,2,0x23B8E5DF,160.000008,End,,0,66
B_real_s1_nosiege,level_1_1,1,3,0xDF60519E,0,Start,,0,45
B_real_s1_nosiege,level_1_1,1,3,0xDF60519E,4.7,Drop,zu,1,46
B_real_s1_nosiege,level_1_1,1,3,0xDF60519E,5.433334,Drop,zu,1,47
B_real_s1_nosiege,level_1_1,1,3,0xDF60519E,6.166667,Drop,zu,1,48
B_real_s1_nosiege,level_1_1,1,3,0xDF60519E,7.1,Drop,zu,1,49
B_real_s1_nosiege,level_1_1,1,3,0xDF60519E,7.833334,Drop,zu,1,50
B_real_s1_nosiege,level_1_1,1,3,0xDF60519E,8.933334,Drop,zu,1,51
B_real_s1_nosiege,level_1_1,1,3,0xDF60519E,13.666667,Drop,e_liu,1,52
B_real_s1_nosiege,level_1_1,1,3,0xDF60519E,14.866667,Drop,zu,1,53
B_real_s1_nosiege,level_1_1,1,3,0xDF60519E,16.066668,Drop,zu,1,54
B_real_s1_nosiege,level_1_1,1,3,0xDF60519E,17.266668,Drop,zu,1,55
B_real_s1_nosiege,level_1_1,1,3,0xDF60519E,18.466668,Drop,zu,1,56
B_real_s1_nosiege,level_1_1,1,3,0xDF60519E,18.800001,Drop,e_liu,1,57
B_real_s1_nosiege,level_1_1,1,3,0xDF60519E,19.666668,Drop,zu,1,58
B_real_s1_nosiege,level_1_1,1,3,0xDF60519E,24.366668,Drop,zu,1,59
B_real_s1_nosiege,level_1_1,1,3,0xDF60519E,25.100001,Drop,zu,1,60
B_real_s1_nosiege,level_1_1,1,3,0xDF60519E,25.833335,Drop,zu,1,61
B_real_s1_nosiege,level_1_1,1,3,0xDF60519E,27.300001,Drop,e_liu,1,62
B_real_s1_nosiege,level_1_1,1,3,0xDF60519E,28.033335,Drop,e_lang,1,63
B_real_s1_nosiege,level_1_1,1,3,0xDF60519E,28.166668,Drop,e_liu,1,64
B_real_s1_nosiege,level_1_1,1,3,0xDF60519E,28.766668,Drop,e_lang,1,65
B_real_s1_nosiege,level_1_1,1,3,0xDF60519E,29.500002,Drop,e_lang,1,66
B_real_s1_nosiege,level_1_1,1,3,0xDF60519E,33.900002,Drop,e_shan,1,67
B_real_s1_nosiege,level_1_1,1,3,0xDF60519E,35.366669,Drop,zu,1,68
B_real_s1_nosiege,level_1_1,1,3,0xDF60519E,36.100002,Drop,zu,1,69
B_real_s1_nosiege,level_1_1,1,3,0xDF60519E,39.766669,Drop,e_liu,1,70
B_real_s1_nosiege,level_1_1,1,3,0xDF60519E,40.366669,Drop,e_shan,1,71
B_real_s1_nosiege,level_1_1,1,3,0xDF60519E,125.23334,End,,0,71
B_real_s1_nosiege,level_1_1,1,4,0x7F2C9DD7,0,Start,,0,45
B_real_s1_nosiege,level_1_1,1,4,0x7F2C9DD7,4.7,Drop,zu,1,46
B_real_s1_nosiege,level_1_1,1,4,0x7F2C9DD7,5.033334,Drop,zu,1,47
B_real_s1_nosiege,level_1_1,1,4,0x7F2C9DD7,5.766667,Drop,zu,1,48
B_real_s1_nosiege,level_1_1,1,4,0x7F2C9DD7,6.8,Drop,zu,1,49
B_real_s1_nosiege,level_1_1,1,4,0x7F2C9DD7,7.533334,Drop,zu,1,50
B_real_s1_nosiege,level_1_1,1,4,0x7F2C9DD7,8.266667,Drop,zu,1,51
B_real_s1_nosiege,level_1_1,1,4,0x7F2C9DD7,11.233334,Drop,e_liu,1,52
B_real_s1_nosiege,level_1_1,1,4,0x7F2C9DD7,13.166667,Drop,e_liu,1,53
B_real_s1_nosiege,level_1_1,1,4,0x7F2C9DD7,13.900001,Drop,zu,1,54
B_real_s1_nosiege,level_1_1,1,4,0x7F2C9DD7,14.633334,Drop,zu,1,55
B_real_s1_nosiege,level_1_1,1,4,0x7F2C9DD7,16.833334,Drop,e_liu,1,56
B_real_s1_nosiege,level_1_1,1,4,0x7F2C9DD7,17.133334,Drop,e_liu,1,57
B_real_s1_nosiege,level_1_1,1,4,0x7F2C9DD7,17.566668,Drop,zu,1,58
B_real_s1_nosiege,level_1_1,1,4,0x7F2C9DD7,18.066668,Drop,zu,1,59
B_real_s1_nosiege,level_1_1,1,4,0x7F2C9DD7,18.300001,Drop,zu,1,60
B_real_s1_nosiege,level_1_1,1,4,0x7F2C9DD7,18.333334,Drop,zu,1,61
B_real_s1_nosiege,level_1_1,1,4,0x7F2C9DD7,20.700001,Drop,zu,1,62
B_real_s1_nosiege,level_1_1,1,4,0x7F2C9DD7,21.166668,Drop,zu,1,63
B_real_s1_nosiege,level_1_1,1,4,0x7F2C9DD7,28.266668,Drop,e_lang,1,64
B_real_s1_nosiege,level_1_1,1,4,0x7F2C9DD7,28.366668,Drop,e_shan,1,65
B_real_s1_nosiege,level_1_1,1,4,0x7F2C9DD7,36.233335,Drop,zu,1,66
B_real_s1_nosiege,level_1_1,1,4,0x7F2C9DD7,38.633335,Drop,e_shan,1,67
B_real_s1_nosiege,level_1_1,1,4,0x7F2C9DD7,45.833336,Drop,zu,1,68
B_real_s1_nosiege,level_1_1,1,4,0x7F2C9DD7,48.233336,Drop,e_shan,1,69
B_real_s1_nosiege,level_1_1,1,4,0x7F2C9DD7,49.433336,Drop,zu,1,70
B_real_s1_nosiege,level_1_1,1,4,0x7F2C9DD7,55.433336,Drop,e_liu,1,71
B_real_s1_nosiege,level_1_1,1,4,0x7F2C9DD7,104.666672,End,,0,71
B_real_s1_nosiege,level_1_1,1,5,0x7E57781C,0,Start,,0,45
B_real_s1_nosiege,level_1_1,1,5,0x7E57781C,4.7,Drop,zu,1,46
B_real_s1_nosiege,level_1_1,1,5,0x7E57781C,5.433334,Drop,zu,1,47
B_real_s1_nosiege,level_1_1,1,5,0x7E57781C,6.166667,Drop,zu,1,48
B_real_s1_nosiege,level_1_1,1,5,0x7E57781C,7.033334,Drop,zu,1,49
B_real_s1_nosiege,level_1_1,1,5,0x7E57781C,7.766667,Drop,zu,1,50
B_real_s1_nosiege,level_1_1,1,5,0x7E57781C,9.766667,Drop,zu,1,51
B_real_s1_nosiege,level_1_1,1,5,0x7E57781C,13.466667,Drop,zu,1,52
B_real_s1_nosiege,level_1_1,1,5,0x7E57781C,15.466667,Drop,zu,1,53
B_real_s1_nosiege,level_1_1,1,5,0x7E57781C,15.866667,Drop,zu,1,54
B_real_s1_nosiege,level_1_1,1,5,0x7E57781C,17.033334,Drop,zu,1,55
B_real_s1_nosiege,level_1_1,1,5,0x7E57781C,18.300001,Drop,zu,1,56
B_real_s1_nosiege,level_1_1,1,5,0x7E57781C,19.033334,Drop,zu,1,57
B_real_s1_nosiege,level_1_1,1,5,0x7E57781C,20.466668,Drop,zu,1,58
B_real_s1_nosiege,level_1_1,1,5,0x7E57781C,21.133334,Drop,zu,1,59
B_real_s1_nosiege,level_1_1,1,5,0x7E57781C,27.366668,Drop,e_lang,1,60
B_real_s1_nosiege,level_1_1,1,5,0x7E57781C,28.100001,Drop,e_lang,1,61
B_real_s1_nosiege,level_1_1,1,5,0x7E57781C,35.133335,Drop,e_shan,1,62
B_real_s1_nosiege,level_1_1,1,5,0x7E57781C,35.866669,Drop,zu,1,63
B_real_s1_nosiege,level_1_1,1,5,0x7E57781C,160.000008,End,,0,63
B_real_s1_nosiege,level_1_1,1,6,0xBBC2A676,0,Start,,0,45
B_real_s1_nosiege,level_1_1,1,6,0xBBC2A676,4.666667,Drop,zu,1,46
B_real_s1_nosiege,level_1_1,1,6,0xBBC2A676,5.4,Drop,zu,1,47
B_real_s1_nosiege,level_1_1,1,6,0xBBC2A676,6.133334,Drop,zu,1,48
B_real_s1_nosiege,level_1_1,1,6,0xBBC2A676,7.033334,Drop,zu,1,49
B_real_s1_nosiege,level_1_1,1,6,0xBBC2A676,7.766667,Drop,zu,1,50
B_real_s1_nosiege,level_1_1,1,6,0xBBC2A676,8.5,Drop,zu,1,51
B_real_s1_nosiege,level_1_1,1,6,0xBBC2A676,11.233334,Drop,e_liu,1,52
B_real_s1_nosiege,level_1_1,1,6,0xBBC2A676,13.433334,Drop,e_liu,1,53
B_real_s1_nosiege,level_1_1,1,6,0xBBC2A676,15.233334,Drop,zu,1,54
B_real_s1_nosiege,level_1_1,1,6,0xBBC2A676,18.000001,Drop,e_liu,1,55
B_real_s1_nosiege,level_1_1,1,6,0xBBC2A676,19.200001,Drop,zu,1,56
B_real_s1_nosiege,level_1_1,1,6,0xBBC2A676,19.233334,Drop,zu,1,57
B_real_s1_nosiege,level_1_1,1,6,0xBBC2A676,20.400001,Drop,zu,1,58
B_real_s1_nosiege,level_1_1,1,6,0xBBC2A676,21.600001,Drop,zu,1,59
B_real_s1_nosiege,level_1_1,1,6,0xBBC2A676,22.800001,Drop,zu,1,60
B_real_s1_nosiege,level_1_1,1,6,0xBBC2A676,24.000001,Drop,zu,1,61
B_real_s1_nosiege,level_1_1,1,6,0xBBC2A676,25.200001,Drop,zu,1,62
B_real_s1_nosiege,level_1_1,1,6,0xBBC2A676,33.600002,Drop,e_shan,1,63
B_real_s1_nosiege,level_1_1,1,6,0xBBC2A676,41.233335,Drop,e_liu,1,64
B_real_s1_nosiege,level_1_1,1,6,0xBBC2A676,44.533336,Drop,zu,1,65
B_real_s1_nosiege,level_1_1,1,6,0xBBC2A676,45.733336,Drop,e_shan,1,66
B_real_s1_nosiege,level_1_1,1,6,0xBBC2A676,51.733336,Drop,zu,1,67
B_real_s1_nosiege,level_1_1,1,6,0xBBC2A676,52.933336,Drop,zu,1,68
B_real_s1_nosiege,level_1_1,1,6,0xBBC2A676,80.733338,End,,0,68
B_real_s1_nosiege,level_1_1,1,7,0x0E8E2FF0,0,Start,,0,45
B_real_s1_nosiege,level_1_1,1,7,0x0E8E2FF0,4.7,Drop,zu,1,46
B_real_s1_nosiege,level_1_1,1,7,0x0E8E2FF0,5.433334,Drop,zu,1,47
B_real_s1_nosiege,level_1_1,1,7,0x0E8E2FF0,6.166667,Drop,zu,1,48
B_real_s1_nosiege,level_1_1,1,7,0x0E8E2FF0,7.3,Drop,zu,1,49
B_real_s1_nosiege,level_1_1,1,7,0x0E8E2FF0,8.033334,Drop,zu,1,50
B_real_s1_nosiege,level_1_1,1,7,0x0E8E2FF0,8.9,Drop,zu,1,51
B_real_s1_nosiege,level_1_1,1,7,0x0E8E2FF0,13.966667,Drop,e_liu,1,52
B_real_s1_nosiege,level_1_1,1,7,0x0E8E2FF0,14.633334,Drop,zu,1,53
B_real_s1_nosiege,level_1_1,1,7,0x0E8E2FF0,15.833334,Drop,zu,1,54
B_real_s1_nosiege,level_1_1,1,7,0x0E8E2FF0,18.233334,Drop,zu,1,55
B_real_s1_nosiege,level_1_1,1,7,0x0E8E2FF0,19.433334,Drop,e_liu,1,56
B_real_s1_nosiege,level_1_1,1,7,0x0E8E2FF0,21.833334,Drop,zu,1,57
B_real_s1_nosiege,level_1_1,1,7,0x0E8E2FF0,28.466668,Drop,e_lang,1,58
B_real_s1_nosiege,level_1_1,1,7,0x0E8E2FF0,31.900002,Drop,e_shan,1,59
B_real_s1_nosiege,level_1_1,1,7,0x0E8E2FF0,33.566668,Drop,e_liu,1,60
B_real_s1_nosiege,level_1_1,1,7,0x0E8E2FF0,34.300002,Drop,zu,1,61
B_real_s1_nosiege,level_1_1,1,7,0x0E8E2FF0,41.500002,Drop,e_shan,1,62
B_real_s1_nosiege,level_1_1,1,7,0x0E8E2FF0,45.100002,Drop,e_liu,1,63
B_real_s1_nosiege,level_1_1,1,7,0x0E8E2FF0,46.300002,Drop,zu,1,64
B_real_s1_nosiege,level_1_1,1,7,0x0E8E2FF0,46.566669,Drop,zu,1,65
B_real_s1_nosiege,level_1_1,1,7,0x0E8E2FF0,47.500002,Drop,zu,1,66
B_real_s1_nosiege,level_1_1,1,7,0x0E8E2FF0,48.700003,Drop,zu,1,67
B_real_s1_nosiege,level_1_1,1,7,0x0E8E2FF0,49.900003,Drop,zu,1,68
B_real_s1_nosiege,level_1_1,1,7,0x0E8E2FF0,53.500003,Drop,e_liu,1,69
B_real_s1_nosiege,level_1_1,1,7,0x0E8E2FF0,57.100003,Drop,e_liu,1,70
B_real_s1_nosiege,level_1_1,1,7,0x0E8E2FF0,58.300003,Drop,zu,1,71
B_real_s1_nosiege,level_1_1,1,7,0x0E8E2FF0,125.866673,End,,0,71
B_real_s1_nosiege,level_1_1,1,8,0xA5790348,0,Start,,0,45
B_real_s1_nosiege,level_1_1,1,8,0xA5790348,4.7,Drop,zu,1,46
B_real_s1_nosiege,level_1_1,1,8,0xA5790348,5.433334,Drop,zu,1,47
B_real_s1_nosiege,level_1_1,1,8,0xA5790348,6.166667,Drop,zu,1,48
B_real_s1_nosiege,level_1_1,1,8,0xA5790348,7.166667,Drop,zu,1,49
B_real_s1_nosiege,level_1_1,1,8,0xA5790348,7.9,Drop,zu,1,50
B_real_s1_nosiege,level_1_1,1,8,0xA5790348,8.933334,Drop,zu,1,51
B_real_s1_nosiege,level_1_1,1,8,0xA5790348,13.666667,Drop,e_liu,1,52
B_real_s1_nosiege,level_1_1,1,8,0xA5790348,14.866667,Drop,zu,1,53
B_real_s1_nosiege,level_1_1,1,8,0xA5790348,16.066668,Drop,zu,1,54
B_real_s1_nosiege,level_1_1,1,8,0xA5790348,17.266668,Drop,zu,1,55
B_real_s1_nosiege,level_1_1,1,8,0xA5790348,18.466668,Drop,zu,1,56
B_real_s1_nosiege,level_1_1,1,8,0xA5790348,18.900001,Drop,e_liu,1,57
B_real_s1_nosiege,level_1_1,1,8,0xA5790348,20.800001,Drop,zu,1,58
B_real_s1_nosiege,level_1_1,1,8,0xA5790348,22.000001,Drop,zu,1,59
B_real_s1_nosiege,level_1_1,1,8,0xA5790348,22.833335,Drop,e_liu,1,60
B_real_s1_nosiege,level_1_1,1,8,0xA5790348,23.200001,Drop,zu,1,61
B_real_s1_nosiege,level_1_1,1,8,0xA5790348,24.400001,Drop,e_liu,1,62
B_real_s1_nosiege,level_1_1,1,8,0xA5790348,25.033335,Drop,zu,1,63
B_real_s1_nosiege,level_1_1,1,8,0xA5790348,29.200002,Drop,e_shan,1,64
B_real_s1_nosiege,level_1_1,1,8,0xA5790348,36.400002,Drop,e_shan,1,65
B_real_s1_nosiege,level_1_1,1,8,0xA5790348,37.533335,Drop,e_shan,1,66
B_real_s1_nosiege,level_1_1,1,8,0xA5790348,37.600002,Drop,zu,1,67
B_real_s1_nosiege,level_1_1,1,8,0xA5790348,38.266669,Drop,e_lang,1,68
B_real_s1_nosiege,level_1_1,1,8,0xA5790348,38.800002,Drop,zu,1,69
B_real_s1_nosiege,level_1_1,1,8,0xA5790348,40.466669,Drop,e_liu,1,70
B_real_s1_nosiege,level_1_1,1,8,0xA5790348,41.200002,Drop,e_liu,1,71
B_real_s1_nosiege,level_1_1,1,8,0xA5790348,94.200005,End,,0,71
B_real_s1_nosiege,level_1_1,1,9,0x271879C0,0,Start,,0,45
B_real_s1_nosiege,level_1_1,1,9,0x271879C0,4.7,Drop,zu,1,46
B_real_s1_nosiege,level_1_1,1,9,0x271879C0,5.433334,Drop,zu,1,47
B_real_s1_nosiege,level_1_1,1,9,0x271879C0,6.166667,Drop,zu,1,48
B_real_s1_nosiege,level_1_1,1,9,0x271879C0,7.3,Drop,zu,1,49
B_real_s1_nosiege,level_1_1,1,9,0x271879C0,8.933334,Drop,zu,1,50
B_real_s1_nosiege,level_1_1,1,9,0x271879C0,9.1,Drop,zu,1,51
B_real_s1_nosiege,level_1_1,1,9,0x271879C0,12.800001,Drop,zu,1,52
B_real_s1_nosiege,level_1_1,1,9,0x271879C0,15.200001,Drop,e_liu,1,53
B_real_s1_nosiege,level_1_1,1,9,0x271879C0,17.600001,Drop,zu,1,54
B_real_s1_nosiege,level_1_1,1,9,0x271879C0,21.200001,Drop,zu,1,55
B_real_s1_nosiege,level_1_1,1,9,0x271879C0,22.400001,Drop,e_liu,1,56
B_real_s1_nosiege,level_1_1,1,9,0x271879C0,23.500001,Drop,e_liu,1,57
B_real_s1_nosiege,level_1_1,1,9,0x271879C0,25.500001,Drop,zu,1,58
B_real_s1_nosiege,level_1_1,1,9,0x271879C0,32.233335,Drop,e_shan,1,59
B_real_s1_nosiege,level_1_1,1,9,0x271879C0,33.066668,Drop,e_lang,1,60
B_real_s1_nosiege,level_1_1,1,9,0x271879C0,33.800002,Drop,e_lang,1,61
B_real_s1_nosiege,level_1_1,1,9,0x271879C0,35.266669,Drop,zu,1,62
B_real_s1_nosiege,level_1_1,1,9,0x271879C0,35.600002,Drop,e_shan,1,63
B_real_s1_nosiege,level_1_1,1,9,0x271879C0,36.000002,Drop,e_liu,1,64
B_real_s1_nosiege,level_1_1,1,9,0x271879C0,36.733335,Drop,zu,1,65
B_real_s1_nosiege,level_1_1,1,9,0x271879C0,37.466669,Drop,zu,1,66
B_real_s1_nosiege,level_1_1,1,9,0x271879C0,132.000007,End,,0,66
B_real_s1_nosiege,level_1_1,1,10,0x2C2DD7D0,0,Start,,0,45
B_real_s1_nosiege,level_1_1,1,10,0x2C2DD7D0,4.633334,Drop,zu,1,46
B_real_s1_nosiege,level_1_1,1,10,0x2C2DD7D0,4.966667,Drop,zu,1,47
B_real_s1_nosiege,level_1_1,1,10,0x2C2DD7D0,5.7,Drop,zu,1,48
B_real_s1_nosiege,level_1_1,1,10,0x2C2DD7D0,6.733334,Drop,zu,1,49
B_real_s1_nosiege,level_1_1,1,10,0x2C2DD7D0,7.766667,Drop,zu,1,50
B_real_s1_nosiege,level_1_1,1,10,0x2C2DD7D0,8.5,Drop,zu,1,51
B_real_s1_nosiege,level_1_1,1,10,0x2C2DD7D0,11.166667,Drop,e_liu,1,52
B_real_s1_nosiege,level_1_1,1,10,0x2C2DD7D0,14.200001,Drop,e_liu,1,53
B_real_s1_nosiege,level_1_1,1,10,0x2C2DD7D0,15.500001,Drop,zu,1,54
B_real_s1_nosiege,level_1_1,1,10,0x2C2DD7D0,16.700001,Drop,e_liu,1,55
B_real_s1_nosiege,level_1_1,1,10,0x2C2DD7D0,18.200001,Drop,zu,1,56
B_real_s1_nosiege,level_1_1,1,10,0x2C2DD7D0,19.100001,Drop,zu,1,57
B_real_s1_nosiege,level_1_1,1,10,0x2C2DD7D0,20.200001,Drop,zu,1,58
B_real_s1_nosiege,level_1_1,1,10,0x2C2DD7D0,21.500001,Drop,zu,1,59
B_real_s1_nosiege,level_1_1,1,10,0x2C2DD7D0,23.900001,Drop,e_liu,1,60
B_real_s1_nosiege,level_1_1,1,10,0x2C2DD7D0,25.100001,Drop,zu,1,61
B_real_s1_nosiege,level_1_1,1,10,0x2C2DD7D0,26.300001,Drop,zu,1,62
B_real_s1_nosiege,level_1_1,1,10,0x2C2DD7D0,27.500001,Drop,zu,1,63
B_real_s1_nosiege,level_1_1,1,10,0x2C2DD7D0,37.100002,Drop,e_shan,1,64
B_real_s1_nosiege,level_1_1,1,10,0x2C2DD7D0,38.300002,Drop,zu,1,65
B_real_s1_nosiege,level_1_1,1,10,0x2C2DD7D0,160.000008,End,,0,65
B_real_s1_nosiege,level_1_1,1,11,0x4C240BDB,0,Start,,0,45
B_real_s1_nosiege,level_1_1,1,11,0x4C240BDB,4.7,Drop,zu,1,46
B_real_s1_nosiege,level_1_1,1,11,0x4C240BDB,5.433334,Drop,zu,1,47
B_real_s1_nosiege,level_1_1,1,11,0x4C240BDB,6.166667,Drop,zu,1,48
B_real_s1_nosiege,level_1_1,1,11,0x4C240BDB,7.066667,Drop,zu,1,49
B_real_s1_nosiege,level_1_1,1,11,0x4C240BDB,7.8,Drop,zu,1,50
B_real_s1_nosiege,level_1_1,1,11,0x4C240BDB,9.800001,Drop,zu,1,51
B_real_s1_nosiege,level_1_1,1,11,0x4C240BDB,13.866667,Drop,zu,1,52
B_real_s1_nosiege,level_1_1,1,11,0x4C240BDB,15.066667,Drop,zu,1,53
B_real_s1_nosiege,level_1_1,1,11,0x4C240BDB,19.166668,Drop,zu,1,54
B_real_s1_nosiege,level_1_1,1,11,0x4C240BDB,20.366668,Drop,zu,1,55
B_real_s1_nosiege,level_1_1,1,11,0x4C240BDB,22.133334,Drop,e_liu,1,56
B_real_s1_nosiege,level_1_1,1,11,0x4C240BDB,22.766668,Drop,zu,1,57
B_real_s1_nosiege,level_1_1,1,11,0x4C240BDB,23.966668,Drop,zu,1,58
B_real_s1_nosiege,level_1_1,1,11,0x4C240BDB,26.133335,Drop,e_liu,1,59
B_real_s1_nosiege,level_1_1,1,11,0x4C240BDB,27.466668,Drop,e_lang,1,60
B_real_s1_nosiege,level_1_1,1,11,0x4C240BDB,28.500001,Drop,e_lang,1,61
B_real_s1_nosiege,level_1_1,1,11,0x4C240BDB,33.566668,Drop,e_shan,1,62
B_real_s1_nosiege,level_1_1,1,11,0x4C240BDB,34.766668,Drop,e_liu,1,63
B_real_s1_nosiege,level_1_1,1,11,0x4C240BDB,35.966669,Drop,zu,1,64
B_real_s1_nosiege,level_1_1,1,11,0x4C240BDB,37.166669,Drop,zu,1,65
B_real_s1_nosiege,level_1_1,1,11,0x4C240BDB,43.700002,Drop,e_shan,1,66
B_real_s1_nosiege,level_1_1,1,11,0x4C240BDB,107.833339,End,,0,66
B_real_s1_nosiege,level_1_1,1,12,0x66BEA3F4,0,Start,,0,45
B_real_s1_nosiege,level_1_1,1,12,0x66BEA3F4,4.6,Drop,zu,1,46
B_real_s1_nosiege,level_1_1,1,12,0x66BEA3F4,5.066667,Drop,zu,1,47
B_real_s1_nosiege,level_1_1,1,12,0x66BEA3F4,5.8,Drop,zu,1,48
B_real_s1_nosiege,level_1_1,1,12,0x66BEA3F4,6.966667,Drop,zu,1,49
B_real_s1_nosiege,level_1_1,1,12,0x66BEA3F4,7.7,Drop,zu,1,50
B_real_s1_nosiege,level_1_1,1,12,0x66BEA3F4,8.433334,Drop,zu,1,51
B_real_s1_nosiege,level_1_1,1,12,0x66BEA3F4,11.200001,Drop,e_liu,1,52
B_real_s1_nosiege,level_1_1,1,12,0x66BEA3F4,13.400001,Drop,e_liu,1,53
B_real_s1_nosiege,level_1_1,1,12,0x66BEA3F4,15.133334,Drop,zu,1,54
B_real_s1_nosiege,level_1_1,1,12,0x66BEA3F4,16.566668,Drop,e_liu,1,55
B_real_s1_nosiege,level_1_1,1,12,0x66BEA3F4,17.133334,Drop,zu,1,56
B_real_s1_nosiege,level_1_1,1,12,0x66BEA3F4,17.766668,Drop,zu,1,57
B_real_s1_nosiege,level_1_1,1,12,0x66BEA3F4,18.966668,Drop,zu,1,58
B_real_s1_nosiege,level_1_1,1,12,0x66BEA3F4,20.166668,Drop,zu,1,59
B_real_s1_nosiege,level_1_1,1,12,0x66BEA3F4,21.366668,Drop,zu,1,60
B_real_s1_nosiege,level_1_1,1,12,0x66BEA3F4,22.566668,Drop,zu,1,61
B_real_s1_nosiege,level_1_1,1,12,0x66BEA3F4,23.766668,Drop,zu,1,62
B_real_s1_nosiege,level_1_1,1,12,0x66BEA3F4,33.366668,Drop,e_shan,1,63
B_real_s1_nosiege,level_1_1,1,12,0x66BEA3F4,42.966669,Drop,e_shan,1,64
B_real_s1_nosiege,level_1_1,1,12,0x66BEA3F4,52.566669,Drop,e_shan,1,65
B_real_s1_nosiege,level_1_1,1,12,0x66BEA3F4,53.766669,Drop,zu,1,66
B_real_s1_nosiege,level_1_1,1,12,0x66BEA3F4,58.56667,Drop,e_liu,1,67
B_real_s1_nosiege,level_1_1,1,12,0x66BEA3F4,94.266672,End,,0,67
B_real_s1_nosiege,level_1_1,1,13,0xEACF2814,0,Start,,0,45
B_real_s1_nosiege,level_1_1,1,13,0xEACF2814,4.6,Drop,zu,1,46
B_real_s1_nosiege,level_1_1,1,13,0xEACF2814,5.033334,Drop,zu,1,47
B_real_s1_nosiege,level_1_1,1,13,0xEACF2814,5.766667,Drop,zu,1,48
B_real_s1_nosiege,level_1_1,1,13,0xEACF2814,6.933334,Drop,zu,1,49
B_real_s1_nosiege,level_1_1,1,13,0xEACF2814,7.666667,Drop,zu,1,50
B_real_s1_nosiege,level_1_1,1,13,0xEACF2814,8.4,Drop,zu,1,51
B_real_s1_nosiege,level_1_1,1,13,0xEACF2814,11.166667,Drop,e_liu,1,52
B_real_s1_nosiege,level_1_1,1,13,0xEACF2814,13.366667,Drop,e_liu,1,53
B_real_s1_nosiege,level_1_1,1,13,0xEACF2814,14.100001,Drop,zu,1,54
B_real_s1_nosiege,level_1_1,1,13,0xEACF2814,14.833334,Drop,zu,1,55
B_real_s1_nosiege,level_1_1,1,13,0xEACF2814,15.566667,Drop,zu,1,56
B_real_s1_nosiege,level_1_1,1,13,0xEACF2814,16.300001,Drop,e_liu,1,57
B_real_s1_nosiege,level_1_1,1,13,0xEACF2814,17.133334,Drop,zu,1,58
B_real_s1_nosiege,level_1_1,1,13,0xEACF2814,17.866668,Drop,zu,1,59
B_real_s1_nosiege,level_1_1,1,13,0xEACF2814,18.600001,Drop,e_liu,1,60
B_real_s1_nosiege,level_1_1,1,13,0xEACF2814,19.166668,Drop,zu,1,61
B_real_s1_nosiege,level_1_1,1,13,0xEACF2814,20.433334,Drop,zu,1,62
B_real_s1_nosiege,level_1_1,1,13,0xEACF2814,21.166668,Drop,zu,1,63
B_real_s1_nosiege,level_1_1,1,13,0xEACF2814,28.366668,Drop,e_shan,1,64
B_real_s1_nosiege,level_1_1,1,13,0xEACF2814,37.633335,Drop,e_shan,1,65
B_real_s1_nosiege,level_1_1,1,13,0xEACF2814,38.833335,Drop,zu,1,66
B_real_s1_nosiege,level_1_1,1,13,0xEACF2814,40.033335,Drop,zu,1,67
B_real_s1_nosiege,level_1_1,1,13,0xEACF2814,44.833336,Drop,zu,1,68
B_real_s1_nosiege,level_1_1,1,13,0xEACF2814,47.233336,Drop,e_shan,1,69
B_real_s1_nosiege,level_1_1,1,13,0xEACF2814,160.000008,End,,0,69
B_real_s1_nosiege,level_1_1,1,14,0xF67851B2,0,Start,,0,45
B_real_s1_nosiege,level_1_1,1,14,0xF67851B2,4.7,Drop,zu,1,46
B_real_s1_nosiege,level_1_1,1,14,0xF67851B2,5.433334,Drop,zu,1,47
B_real_s1_nosiege,level_1_1,1,14,0xF67851B2,5.833334,Drop,zu,1,48
B_real_s1_nosiege,level_1_1,1,14,0xF67851B2,6.966667,Drop,zu,1,49
B_real_s1_nosiege,level_1_1,1,14,0xF67851B2,7.7,Drop,zu,1,50
B_real_s1_nosiege,level_1_1,1,14,0xF67851B2,8.433334,Drop,zu,1,51
B_real_s1_nosiege,level_1_1,1,14,0xF67851B2,11.933334,Drop,e_liu,1,52
B_real_s1_nosiege,level_1_1,1,14,0xF67851B2,13.400001,Drop,e_liu,1,53
B_real_s1_nosiege,level_1_1,1,14,0xF67851B2,14.233334,Drop,zu,1,54
B_real_s1_nosiege,level_1_1,1,14,0xF67851B2,14.966667,Drop,zu,1,55
B_real_s1_nosiege,level_1_1,1,14,0xF67851B2,15.966667,Drop,e_liu,1,56
B_real_s1_nosiege,level_1_1,1,14,0xF67851B2,17.900001,Drop,zu,1,57
B_real_s1_nosiege,level_1_1,1,14,0xF67851B2,18.333334,Drop,zu,1,58
B_real_s1_nosiege,level_1_1,1,14,0xF67851B2,18.633334,Drop,e_liu,1,59
B_real_s1_nosiege,level_1_1,1,14,0xF67851B2,18.966668,Drop,zu,1,60
B_real_s1_nosiege,level_1_1,1,14,0xF67851B2,19.366668,Drop,zu,1,61
B_real_s1_nosiege,level_1_1,1,14,0xF67851B2,20.700001,Drop,zu,1,62
B_real_s1_nosiege,level_1_1,1,14,0xF67851B2,21.433334,Drop,zu,1,63
B_real_s1_nosiege,level_1_1,1,14,0xF67851B2,30.766668,Drop,e_shan,1,64
B_real_s1_nosiege,level_1_1,1,14,0xF67851B2,36.366669,Drop,zu,1,65
B_real_s1_nosiege,level_1_1,1,14,0xF67851B2,39.166669,Drop,e_shan,1,66
B_real_s1_nosiege,level_1_1,1,14,0xF67851B2,41.566669,Drop,e_shan,1,67
B_real_s1_nosiege,level_1_1,1,14,0xF67851B2,42.766669,Drop,zu,1,68
B_real_s1_nosiege,level_1_1,1,14,0xF67851B2,94.066672,End,,0,68
B_real_s1_nosiege,level_1_1,1,15,0x75839D35,0,Start,,0,45
B_real_s1_nosiege,level_1_1,1,15,0x75839D35,4.7,Drop,zu,1,46
B_real_s1_nosiege,level_1_1,1,15,0x75839D35,5,Drop,zu,1,47
B_real_s1_nosiege,level_1_1,1,15,0x75839D35,5.733334,Drop,zu,1,48
B_real_s1_nosiege,level_1_1,1,15,0x75839D35,6.8,Drop,zu,1,49
B_real_s1_nosiege,level_1_1,1,15,0x75839D35,7.533334,Drop,zu,1,50
B_real_s1_nosiege,level_1_1,1,15,0x75839D35,8.266667,Drop,zu,1,51
B_real_s1_nosiege,level_1_1,1,15,0x75839D35,11.200001,Drop,e_liu,1,52
B_real_s1_nosiege,level_1_1,1,15,0x75839D35,13.400001,Drop,e_liu,1,53
B_real_s1_nosiege,level_1_1,1,15,0x75839D35,14.133334,Drop,zu,1,54
B_real_s1_nosiege,level_1_1,1,15,0x75839D35,14.866667,Drop,zu,1,55
B_real_s1_nosiege,level_1_1,1,15,0x75839D35,15.733334,Drop,e_liu,1,56
B_real_s1_nosiege,level_1_1,1,15,0x75839D35,16.966668,Drop,zu,1,57
B_real_s1_nosiege,level_1_1,1,15,0x75839D35,19.133334,Drop,e_liu,1,58
B_real_s1_nosiege,level_1_1,1,15,0x75839D35,19.400001,Drop,zu,1,59
B_real_s1_nosiege,level_1_1,1,15,0x75839D35,19.766668,Drop,zu,1,60
B_real_s1_nosiege,level_1_1,1,15,0x75839D35,20.133334,Drop,zu,1,61
B_real_s1_nosiege,level_1_1,1,15,0x75839D35,21.000001,Drop,zu,1,62
B_real_s1_nosiege,level_1_1,1,15,0x75839D35,21.133334,Drop,zu,1,63
B_real_s1_nosiege,level_1_1,1,15,0x75839D35,30.400002,Drop,e_shan,1,64
B_real_s1_nosiege,level_1_1,1,15,0x75839D35,33.666668,Drop,e_shan,1,65
B_real_s1_nosiege,level_1_1,1,15,0x75839D35,36.166669,Drop,zu,1,66
B_real_s1_nosiege,level_1_1,1,15,0x75839D35,37.166669,Drop,e_shan,1,67
B_real_s1_nosiege,level_1_1,1,15,0x75839D35,37.733335,Drop,e_lang,1,68
B_real_s1_nosiege,level_1_1,1,15,0x75839D35,38.466669,Drop,zu,1,69
B_real_s1_nosiege,level_1_1,1,15,0x75839D35,39.833335,Drop,e_liu,1,70
B_real_s1_nosiege,level_1_1,1,15,0x75839D35,44.066669,Drop,zu,1,71
B_real_s1_nosiege,level_1_1,1,15,0x75839D35,46.166669,Drop,zu,1,72
B_real_s1_nosiege,level_1_1,1,15,0x75839D35,52.033336,Drop,e_liu,1,73
B_real_s1_nosiege,level_1_1,1,15,0x75839D35,53.166669,Drop,e_liu,1,74
B_real_s1_nosiege,level_1_1,1,15,0x75839D35,81.633338,End,,0,74
B_real_s1_nosiege,level_1_1,1,16,0xC282FAC7,0,Start,,0,45
B_real_s1_nosiege,level_1_1,1,16,0xC282FAC7,4.7,Drop,zu,1,46
B_real_s1_nosiege,level_1_1,1,16,0xC282FAC7,5.433334,Drop,zu,1,47
B_real_s1_nosiege,level_1_1,1,16,0xC282FAC7,6.166667,Drop,zu,1,48
B_real_s1_nosiege,level_1_1,1,16,0xC282FAC7,7.066667,Drop,zu,1,49
B_real_s1_nosiege,level_1_1,1,16,0xC282FAC7,7.8,Drop,zu,1,50
B_real_s1_nosiege,level_1_1,1,16,0xC282FAC7,9.066667,Drop,zu,1,51
B_real_s1_nosiege,level_1_1,1,16,0xC282FAC7,13.766667,Drop,zu,1,52
B_real_s1_nosiege,level_1_1,1,16,0xC282FAC7,14.066667,Drop,zu,1,53
B_real_s1_nosiege,level_1_1,1,16,0xC282FAC7,14.833334,Drop,zu,1,54
B_real_s1_nosiege,level_1_1,1,16,0xC282FAC7,17.300001,Drop,zu,1,55
B_real_s1_nosiege,level_1_1,1,16,0xC282FAC7,18.033334,Drop,zu,1,56
B_real_s1_nosiege,level_1_1,1,16,0xC282FAC7,18.766668,Drop,zu,1,57
B_real_s1_nosiege,level_1_1,1,16,0xC282FAC7,20.466668,Drop,zu,1,58
B_real_s1_nosiege,level_1_1,1,16,0xC282FAC7,21.066668,Drop,zu,1,59
B_real_s1_nosiege,level_1_1,1,16,0xC282FAC7,36.800002,Drop,e_shan,1,60
B_real_s1_nosiege,level_1_1,1,16,0xC282FAC7,160.000008,End,,0,60
B_real_s1_nosiege,level_1_1,1,17,0x2690D16A,0,Start,,0,45
B_real_s1_nosiege,level_1_1,1,17,0x2690D16A,4.7,Drop,zu,1,46
B_real_s1_nosiege,level_1_1,1,17,0x2690D16A,5.433334,Drop,zu,1,47
B_real_s1_nosiege,level_1_1,1,17,0x2690D16A,6.166667,Drop,zu,1,48
B_real_s1_nosiege,level_1_1,1,17,0x2690D16A,7,Drop,zu,1,49
B_real_s1_nosiege,level_1_1,1,17,0x2690D16A,7.733334,Drop,zu,1,50
B_real_s1_nosiege,level_1_1,1,17,0x2690D16A,8.766667,Drop,zu,1,51
B_real_s1_nosiege,level_1_1,1,17,0x2690D16A,13.433334,Drop,e_liu,1,52
B_real_s1_nosiege,level_1_1,1,17,0x2690D16A,14.166667,Drop,zu,1,53
B_real_s1_nosiege,level_1_1,1,17,0x2690D16A,14.900001,Drop,e_liu,1,54
B_real_s1_nosiege,level_1_1,1,17,0x2690D16A,15.633334,Drop,zu,1,55
B_real_s1_nosiege,level_1_1,1,17,0x2690D16A,17.100001,Drop,e_liu,1,56
B_real_s1_nosiege,level_1_1,1,17,0x2690D16A,17.766668,Drop,zu,1,57
B_real_s1_nosiege,level_1_1,1,17,0x2690D16A,19.466668,Drop,e_liu,1,58
B_real_s1_nosiege,level_1_1,1,17,0x2690D16A,19.800001,Drop,zu,1,59
B_real_s1_nosiege,level_1_1,1,17,0x2690D16A,20.200001,Drop,zu,1,60
B_real_s1_nosiege,level_1_1,1,17,0x2690D16A,20.933334,Drop,zu,1,61
B_real_s1_nosiege,level_1_1,1,17,0x2690D16A,21.000001,Drop,zu,1,62
B_real_s1_nosiege,level_1_1,1,17,0x2690D16A,21.666668,Drop,zu,1,63
B_real_s1_nosiege,level_1_1,1,17,0x2690D16A,29.833335,Drop,e_shan,1,64
B_real_s1_nosiege,level_1_1,1,17,0x2690D16A,30.066668,Drop,e_lang,1,65
B_real_s1_nosiege,level_1_1,1,17,0x2690D16A,30.566668,Drop,e_lang,1,66
B_real_s1_nosiege,level_1_1,1,17,0x2690D16A,34.233335,Drop,e_shan,1,67
B_real_s1_nosiege,level_1_1,1,17,0x2690D16A,34.966668,Drop,zu,1,68
B_real_s1_nosiege,level_1_1,1,17,0x2690D16A,35.700002,Drop,e_lang,1,69
B_real_s1_nosiege,level_1_1,1,17,0x2690D16A,37.266669,Drop,e_shan,1,70
B_real_s1_nosiege,level_1_1,1,17,0x2690D16A,37.900002,Drop,zu,1,71
B_real_s1_nosiege,level_1_1,1,17,0x2690D16A,40.100002,Drop,e_liu,1,72
B_real_s1_nosiege,level_1_1,1,17,0x2690D16A,40.866669,Drop,e_liu,1,73
B_real_s1_nosiege,level_1_1,1,17,0x2690D16A,45.233336,Drop,zu,1,74
B_real_s1_nosiege,level_1_1,1,17,0x2690D16A,160.000008,End,,0,74
B_real_s1_nosiege,level_1_1,1,18,0xAB0C69B4,0,Start,,0,45
B_real_s1_nosiege,level_1_1,1,18,0xAB0C69B4,4.666667,Drop,zu,1,46
B_real_s1_nosiege,level_1_1,1,18,0xAB0C69B4,4.966667,Drop,zu,1,47
B_real_s1_nosiege,level_1_1,1,18,0xAB0C69B4,5.7,Drop,zu,1,48
B_real_s1_nosiege,level_1_1,1,18,0xAB0C69B4,6.966667,Drop,zu,1,49
B_real_s1_nosiege,level_1_1,1,18,0xAB0C69B4,7.7,Drop,zu,1,50
B_real_s1_nosiege,level_1_1,1,18,0xAB0C69B4,8.433334,Drop,zu,1,51
B_real_s1_nosiege,level_1_1,1,18,0xAB0C69B4,12.000001,Drop,e_liu,1,52
B_real_s1_nosiege,level_1_1,1,18,0xAB0C69B4,13.833334,Drop,zu,1,53
B_real_s1_nosiege,level_1_1,1,18,0xAB0C69B4,14.566667,Drop,zu,1,54
B_real_s1_nosiege,level_1_1,1,18,0xAB0C69B4,15.300001,Drop,e_liu,1,55
B_real_s1_nosiege,level_1_1,1,18,0xAB0C69B4,17.133334,Drop,e_liu,1,56
B_real_s1_nosiege,level_1_1,1,18,0xAB0C69B4,17.866668,Drop,zu,1,57
B_real_s1_nosiege,level_1_1,1,18,0xAB0C69B4,18.766668,Drop,e_liu,1,58
B_real_s1_nosiege,level_1_1,1,18,0xAB0C69B4,19.500001,Drop,zu,1,59
B_real_s1_nosiege,level_1_1,1,18,0xAB0C69B4,20.233334,Drop,zu,1,60
B_real_s1_nosiege,level_1_1,1,18,0xAB0C69B4,20.400001,Drop,zu,1,61
B_real_s1_nosiege,level_1_1,1,18,0xAB0C69B4,20.966668,Drop,zu,1,62
B_real_s1_nosiege,level_1_1,1,18,0xAB0C69B4,21.700001,Drop,zu,1,63
B_real_s1_nosiege,level_1_1,1,18,0xAB0C69B4,27.733335,Drop,e_lang,1,64
B_real_s1_nosiege,level_1_1,1,18,0xAB0C69B4,28.466668,Drop,e_lang,1,65
B_real_s1_nosiege,level_1_1,1,18,0xAB0C69B4,30.333335,Drop,e_lang,1,66
B_real_s1_nosiege,level_1_1,1,18,0xAB0C69B4,32.133335,Drop,e_shan,1,67
B_real_s1_nosiege,level_1_1,1,18,0xAB0C69B4,35.533335,Drop,zu,1,68
B_real_s1_nosiege,level_1_1,1,18,0xAB0C69B4,45.133336,Drop,e_shan,1,69
B_real_s1_nosiege,level_1_1,1,18,0xAB0C69B4,46.333336,Drop,zu,1,70
B_real_s1_nosiege,level_1_1,1,18,0xAB0C69B4,52.333336,Drop,e_shan,1,71
B_real_s1_nosiege,level_1_1,1,18,0xAB0C69B4,160.000008,End,,0,71
B_real_s1_nosiege,level_1_1,1,19,0xE165AF89,0,Start,,0,45
B_real_s1_nosiege,level_1_1,1,19,0xE165AF89,4.633334,Drop,zu,1,46
B_real_s1_nosiege,level_1_1,1,19,0xE165AF89,5,Drop,zu,1,47
B_real_s1_nosiege,level_1_1,1,19,0xE165AF89,5.733334,Drop,zu,1,48
B_real_s1_nosiege,level_1_1,1,19,0xE165AF89,6.933334,Drop,zu,1,49
B_real_s1_nosiege,level_1_1,1,19,0xE165AF89,7.666667,Drop,zu,1,50
B_real_s1_nosiege,level_1_1,1,19,0xE165AF89,8.4,Drop,zu,1,51
B_real_s1_nosiege,level_1_1,1,19,0xE165AF89,12.566667,Drop,e_liu,1,52
B_real_s1_nosiege,level_1_1,1,19,0xE165AF89,13.700001,Drop,e_liu,1,53
B_real_s1_nosiege,level_1_1,1,19,0xE165AF89,14.433334,Drop,zu,1,54
B_real_s1_nosiege,level_1_1,1,19,0xE165AF89,15.166667,Drop,zu,1,55
B_real_s1_nosiege,level_1_1,1,19,0xE165AF89,15.900001,Drop,zu,1,56
B_real_s1_nosiege,level_1_1,1,19,0xE165AF89,17.133334,Drop,zu,1,57
B_real_s1_nosiege,level_1_1,1,19,0xE165AF89,17.366668,Drop,e_liu,1,58
B_real_s1_nosiege,level_1_1,1,19,0xE165AF89,17.866668,Drop,zu,1,59
B_real_s1_nosiege,level_1_1,1,19,0xE165AF89,18.566668,Drop,zu,1,60
B_real_s1_nosiege,level_1_1,1,19,0xE165AF89,22.166668,Drop,zu,1,61
B_real_s1_nosiege,level_1_1,1,19,0xE165AF89,32.333335,Drop,e_shan,1,62
B_real_s1_nosiege,level_1_1,1,19,0xE165AF89,34.733335,Drop,e_liu,1,63
B_real_s1_nosiege,level_1_1,1,19,0xE165AF89,35.366669,Drop,zu,1,64
B_real_s1_nosiege,level_1_1,1,19,0xE165AF89,35.933335,Drop,zu,1,65
B_real_s1_nosiege,level_1_1,1,19,0xE165AF89,37.133335,Drop,zu,1,66
B_real_s1_nosiege,level_1_1,1,19,0xE165AF89,43.366669,Drop,e_shan,1,67
B_real_s1_nosiege,level_1_1,1,19,0xE165AF89,45.366669,Drop,zu,1,68
B_real_s1_nosiege,level_1_1,1,19,0xE165AF89,52.733336,Drop,e_shan,1,69
B_real_s1_nosiege,level_1_1,1,19,0xE165AF89,55.133336,Drop,e_liu,1,70
B_real_s1_nosiege,level_1_1,1,19,0xE165AF89,57.36667,Drop,zu,1,71
B_real_s1_nosiege,level_1_1,1,19,0xE165AF89,59.36667,Drop,zu,1,72
B_real_s1_nosiege,level_1_1,1,19,0xE165AF89,158.366675,End,,0,72
B_real_s1_nosiege,level_1_1,1,20,0xC6001DA3,0,Start,,0,45
B_real_s1_nosiege,level_1_1,1,20,0xC6001DA3,4.7,Drop,zu,1,46
B_real_s1_nosiege,level_1_1,1,20,0xC6001DA3,5.433334,Drop,zu,1,47
B_real_s1_nosiege,level_1_1,1,20,0xC6001DA3,6.166667,Drop,zu,1,48
B_real_s1_nosiege,level_1_1,1,20,0xC6001DA3,7.133334,Drop,zu,1,49
B_real_s1_nosiege,level_1_1,1,20,0xC6001DA3,8.866667,Drop,zu,1,50
B_real_s1_nosiege,level_1_1,1,20,0xC6001DA3,8.9,Drop,zu,1,51
B_real_s1_nosiege,level_1_1,1,20,0xC6001DA3,13.866667,Drop,e_liu,1,52
B_real_s1_nosiege,level_1_1,1,20,0xC6001DA3,14.533334,Drop,zu,1,53
B_real_s1_nosiege,level_1_1,1,20,0xC6001DA3,18.133334,Drop,zu,1,54
B_real_s1_nosiege,level_1_1,1,20,0xC6001DA3,19.333334,Drop,e_liu,1,55
B_real_s1_nosiege,level_1_1,1,20,0xC6001DA3,21.733334,Drop,zu,1,56
B_real_s1_nosiege,level_1_1,1,20,0xC6001DA3,22.933335,Drop,e_liu,1,57
B_real_s1_nosiege,level_1_1,1,20,0xC6001DA3,28.366668,Drop,e_lang,1,58
B_real_s1_nosiege,level_1_1,1,20,0xC6001DA3,30.566668,Drop,e_shan,1,59
B_real_s1_nosiege,level_1_1,1,20,0xC6001DA3,30.866668,Drop,e_liu,1,60
B_real_s1_nosiege,level_1_1,1,20,0xC6001DA3,31.333335,Drop,zu,1,61
B_real_s1_nosiege,level_1_1,1,20,0xC6001DA3,32.533335,Drop,zu,1,62
B_real_s1_nosiege,level_1_1,1,20,0xC6001DA3,40.300002,Drop,e_shan,1,63
B_real_s1_nosiege,level_1_1,1,20,0xC6001DA3,95.600005,End,,0,63
B_real_s1_nosiege,level_1_1,1,21,0x7337F059,0,Start,,0,45
B_real_s1_nosiege,level_1_1,1,21,0x7337F059,4.7,Drop,zu,1,46
B_real_s1_nosiege,level_1_1,1,21,0x7337F059,5.433334,Drop,zu,1,47
B_real_s1_nosiege,level_1_1,1,21,0x7337F059,6.166667,Drop,zu,1,48
B_real_s1_nosiege,level_1_1,1,21,0x7337F059,7.033334,Drop,zu,1,49
B_real_s1_nosiege,level_1_1,1,21,0x7337F059,7.766667,Drop,zu,1,50
B_real_s1_nosiege,level_1_1,1,21,0x7337F059,8.5,Drop,zu,1,51
B_real_s1_nosiege,level_1_1,1,21,0x7337F059,12.633334,Drop,e_liu,1,52
B_real_s1_nosiege,level_1_1,1,21,0x7337F059,13.633334,Drop,e_liu,1,53
B_real_s1_nosiege,level_1_1,1,21,0x7337F059,14.100001,Drop,zu,1,54
B_real_s1_nosiege,level_1_1,1,21,0x7337F059,15.600001,Drop,e_liu,1,55
B_real_s1_nosiege,level_1_1,1,21,0x7337F059,16.033334,Drop,zu,1,56
B_real_s1_nosiege,level_1_1,1,21,0x7337F059,17.233334,Drop,e_liu,1,57
B_real_s1_nosiege,level_1_1,1,21,0x7337F059,17.800001,Drop,zu,1,58
B_real_s1_nosiege,level_1_1,1,21,0x7337F059,18.400001,Drop,zu,1,59
B_real_s1_nosiege,level_1_1,1,21,0x7337F059,18.433334,Drop,zu,1,60
B_real_s1_nosiege,level_1_1,1,21,0x7337F059,18.533334,Drop,zu,1,61
B_real_s1_nosiege,level_1_1,1,21,0x7337F059,20.566668,Drop,zu,1,62
B_real_s1_nosiege,level_1_1,1,21,0x7337F059,21.100001,Drop,zu,1,63
B_real_s1_nosiege,level_1_1,1,21,0x7337F059,31.166668,Drop,e_shan,1,64
B_real_s1_nosiege,level_1_1,1,21,0x7337F059,34.100002,Drop,e_shan,1,65
B_real_s1_nosiege,level_1_1,1,21,0x7337F059,34.600002,Drop,zu,1,66
B_real_s1_nosiege,level_1_1,1,21,0x7337F059,40.900002,Drop,e_shan,1,67
B_real_s1_nosiege,level_1_1,1,21,0x7337F059,42.100002,Drop,zu,1,68
B_real_s1_nosiege,level_1_1,1,21,0x7337F059,48.100003,Drop,e_liu,1,69
B_real_s1_nosiege,level_1_1,1,21,0x7337F059,94.766672,End,,0,69
B_real_s1_nosiege,level_1_1,1,22,0x2AAE4E27,0,Start,,0,45
B_real_s1_nosiege,level_1_1,1,22,0x2AAE4E27,4.7,Drop,zu,1,46
B_real_s1_nosiege,level_1_1,1,22,0x2AAE4E27,5.433334,Drop,zu,1,47
B_real_s1_nosiege,level_1_1,1,22,0x2AAE4E27,6.166667,Drop,zu,1,48
B_real_s1_nosiege,level_1_1,1,22,0x2AAE4E27,7.066667,Drop,zu,1,49
B_real_s1_nosiege,level_1_1,1,22,0x2AAE4E27,7.8,Drop,zu,1,50
B_real_s1_nosiege,level_1_1,1,22,0x2AAE4E27,8.833334,Drop,zu,1,51
B_real_s1_nosiege,level_1_1,1,22,0x2AAE4E27,12.833334,Drop,e_liu,1,52
B_real_s1_nosiege,level_1_1,1,22,0x2AAE4E27,14.000001,Drop,e_liu,1,53
B_real_s1_nosiege,level_1_1,1,22,0x2AAE4E27,15.666667,Drop,e_liu,1,54
B_real_s1_nosiege,level_1_1,1,22,0x2AAE4E27,16.400001,Drop,zu,1,55
B_real_s1_nosiege,level_1_1,1,22,0x2AAE4E27,17.133334,Drop,zu,1,56
B_real_s1_nosiege,level_1_1,1,22,0x2AAE4E27,17.866668,Drop,e_liu,1,57
B_real_s1_nosiege,level_1_1,1,22,0x2AAE4E27,18.600001,Drop,zu,1,58
B_real_s1_nosiege,level_1_1,1,22,0x2AAE4E27,18.800001,Drop,zu,1,59
B_real_s1_nosiege,level_1_1,1,22,0x2AAE4E27,19.333334,Drop,zu,1,60
B_real_s1_nosiege,level_1_1,1,22,0x2AAE4E27,20.000001,Drop,zu,1,61
B_real_s1_nosiege,level_1_1,1,22,0x2AAE4E27,20.500001,Drop,zu,1,62
B_real_s1_nosiege,level_1_1,1,22,0x2AAE4E27,21.233334,Drop,zu,1,63
B_real_s1_nosiege,level_1_1,1,22,0x2AAE4E27,34.400002,Drop,e_shan,1,64
B_real_s1_nosiege,level_1_1,1,22,0x2AAE4E27,35.600002,Drop,zu,1,65
B_real_s1_nosiege,level_1_1,1,22,0x2AAE4E27,36.566669,Drop,e_shan,1,66
B_real_s1_nosiege,level_1_1,1,22,0x2AAE4E27,38.033335,Drop,e_shan,1,67
B_real_s1_nosiege,level_1_1,1,22,0x2AAE4E27,38.766669,Drop,e_lang,1,68
B_real_s1_nosiege,level_1_1,1,22,0x2AAE4E27,39.500002,Drop,zu,1,69
B_real_s1_nosiege,level_1_1,1,22,0x2AAE4E27,40.966669,Drop,e_liu,1,70
B_real_s1_nosiege,level_1_1,1,22,0x2AAE4E27,46.666669,Drop,e_liu,1,71
B_real_s1_nosiege,level_1_1,1,22,0x2AAE4E27,47.866669,Drop,zu,1,72
B_real_s1_nosiege,level_1_1,1,22,0x2AAE4E27,93.166672,End,,0,72
B_real_s1_nosiege,level_1_1,1,23,0x8E312DD2,0,Start,,0,45
B_real_s1_nosiege,level_1_1,1,23,0x8E312DD2,4.566667,Drop,zu,1,46
B_real_s1_nosiege,level_1_1,1,23,0x8E312DD2,5.066667,Drop,zu,1,47
B_real_s1_nosiege,level_1_1,1,23,0x8E312DD2,5.8,Drop,zu,1,48
B_real_s1_nosiege,level_1_1,1,23,0x8E312DD2,6.933334,Drop,zu,1,49
B_real_s1_nosiege,level_1_1,1,23,0x8E312DD2,7.666667,Drop,zu,1,50
B_real_s1_nosiege,level_1_1,1,23,0x8E312DD2,8.4,Drop,zu,1,51
B_real_s1_nosiege,level_1_1,1,23,0x8E312DD2,11.166667,Drop,e_liu,1,52
B_real_s1_nosiege,level_1_1,1,23,0x8E312DD2,13.366667,Drop,e_liu,1,53
B_real_s1_nosiege,level_1_1,1,23,0x8E312DD2,14.233334,Drop,zu,1,54
B_real_s1_nosiege,level_1_1,1,23,0x8E312DD2,14.833334,Drop,zu,1,55
B_real_s1_nosiege,level_1_1,1,23,0x8E312DD2,15.566667,Drop,zu,1,56
B_real_s1_nosiege,level_1_1,1,23,0x8E312DD2,16.200001,Drop,e_liu,1,57
B_real_s1_nosiege,level_1_1,1,23,0x8E312DD2,18.266668,Drop,zu,1,58
B_real_s1_nosiege,level_1_1,1,23,0x8E312DD2,19.000001,Drop,zu,1,59
B_real_s1_nosiege,level_1_1,1,23,0x8E312DD2,19.033334,Drop,e_liu,1,60
B_real_s1_nosiege,level_1_1,1,23,0x8E312DD2,19.733334,Drop,zu,1,61
B_real_s1_nosiege,level_1_1,1,23,0x8E312DD2,20.533334,Drop,zu,1,62
B_real_s1_nosiege,level_1_1,1,23,0x8E312DD2,21.100001,Drop,zu,1,63
B_real_s1_nosiege,level_1_1,1,23,0x8E312DD2,30.166668,Drop,e_shan,1,64
B_real_s1_nosiege,level_1_1,1,23,0x8E312DD2,39.766669,Drop,e_shan,1,65
B_real_s1_nosiege,level_1_1,1,23,0x8E312DD2,40.966669,Drop,zu,1,66
B_real_s1_nosiege,level_1_1,1,23,0x8E312DD2,93.133338,End,,0,66
B_real_s1_nosiege,level_1_1,1,24,0xDAEC3AF7,0,Start,,0,45
B_real_s1_nosiege,level_1_1,1,24,0xDAEC3AF7,4.6,Drop,zu,1,46
B_real_s1_nosiege,level_1_1,1,24,0xDAEC3AF7,5.333334,Drop,zu,1,47
B_real_s1_nosiege,level_1_1,1,24,0xDAEC3AF7,6.066667,Drop,zu,1,48
B_real_s1_nosiege,level_1_1,1,24,0xDAEC3AF7,7,Drop,zu,1,49
B_real_s1_nosiege,level_1_1,1,24,0xDAEC3AF7,8.1,Drop,zu,1,50
B_real_s1_nosiege,level_1_1,1,24,0xDAEC3AF7,8.9,Drop,zu,1,51
B_real_s1_nosiege,level_1_1,1,24,0xDAEC3AF7,15.533334,Drop,e_liu,1,52
B_real_s1_nosiege,level_1_1,1,24,0xDAEC3AF7,16.466668,Drop,zu,1,53
B_real_s1_nosiege,level_1_1,1,24,0xDAEC3AF7,19.133334,Drop,e_liu,1,54
B_real_s1_nosiege,level_1_1,1,24,0xDAEC3AF7,25.133335,Drop,e_liu,1,55
B_real_s1_nosiege,level_1_1,1,24,0xDAEC3AF7,27.533335,Drop,e_liu,1,56
B_real_s1_nosiege,level_1_1,1,24,0xDAEC3AF7,28.600001,Drop,e_lang,1,57
B_real_s1_nosiege,level_1_1,1,24,0xDAEC3AF7,28.733335,Drop,zu,1,58
B_real_s1_nosiege,level_1_1,1,24,0xDAEC3AF7,29.933335,Drop,zu,1,59
B_real_s1_nosiege,level_1_1,1,24,0xDAEC3AF7,31.133335,Drop,zu,1,60
B_real_s1_nosiege,level_1_1,1,24,0xDAEC3AF7,32.333335,Drop,zu,1,61
B_real_s1_nosiege,level_1_1,1,24,0xDAEC3AF7,32.466668,Drop,zu,1,62
B_real_s1_nosiege,level_1_1,1,24,0xDAEC3AF7,39.533335,Drop,e_shan,1,63
B_real_s1_nosiege,level_1_1,1,24,0xDAEC3AF7,40.733335,Drop,zu,1,64
B_real_s1_nosiege,level_1_1,1,24,0xDAEC3AF7,45.533336,Drop,zu,1,65
B_real_s1_nosiege,level_1_1,1,24,0xDAEC3AF7,49.233336,Drop,e_shan,1,66
B_real_s1_nosiege,level_1_1,1,24,0xDAEC3AF7,160.000008,End,,0,66
B_real_s1_nosiege,level_1_1,1,25,0xEBEC71EE,0,Start,,0,45
B_real_s1_nosiege,level_1_1,1,25,0xEBEC71EE,4.6,Drop,zu,1,46
B_real_s1_nosiege,level_1_1,1,25,0xEBEC71EE,5.333334,Drop,zu,1,47
B_real_s1_nosiege,level_1_1,1,25,0xEBEC71EE,6.066667,Drop,zu,1,48
B_real_s1_nosiege,level_1_1,1,25,0xEBEC71EE,7.166667,Drop,zu,1,49
B_real_s1_nosiege,level_1_1,1,25,0xEBEC71EE,9.033334,Drop,zu,1,50
B_real_s1_nosiege,level_1_1,1,25,0xEBEC71EE,9.033334,Drop,zu,1,51
B_real_s1_nosiege,level_1_1,1,25,0xEBEC71EE,13.633334,Drop,e_liu,1,52
B_real_s1_nosiege,level_1_1,1,25,0xEBEC71EE,19.633334,Drop,e_liu,1,53
B_real_s1_nosiege,level_1_1,1,25,0xEBEC71EE,20.833334,Drop,zu,1,54
B_real_s1_nosiege,level_1_1,1,25,0xEBEC71EE,22.033334,Drop,zu,1,55
B_real_s1_nosiege,level_1_1,1,25,0xEBEC71EE,24.000001,Drop,zu,1,56
B_real_s1_nosiege,level_1_1,1,25,0xEBEC71EE,25.200001,Drop,e_liu,1,57
B_real_s1_nosiege,level_1_1,1,25,0xEBEC71EE,32.400002,Drop,e_shan,1,58
B_real_s1_nosiege,level_1_1,1,25,0xEBEC71EE,32.900002,Drop,e_shan,1,59
B_real_s1_nosiege,level_1_1,1,25,0xEBEC71EE,33.633335,Drop,zu,1,60
B_real_s1_nosiege,level_1_1,1,25,0xEBEC71EE,34.366668,Drop,zu,1,61
B_real_s1_nosiege,level_1_1,1,25,0xEBEC71EE,34.800002,Drop,zu,1,62
B_real_s1_nosiege,level_1_1,1,25,0xEBEC71EE,35.100002,Drop,e_lang,1,63
B_real_s1_nosiege,level_1_1,1,25,0xEBEC71EE,35.833335,Drop,zu,1,64
B_real_s1_nosiege,level_1_1,1,25,0xEBEC71EE,40.800002,Drop,e_shan,1,65
B_real_s1_nosiege,level_1_1,1,25,0xEBEC71EE,42.000002,Drop,zu,1,66
B_real_s1_nosiege,level_1_1,1,25,0xEBEC71EE,73.600004,End,,0,66
B_real_s5_nosiege,level_1_5,5,1,0xDFE1E3C6,0,Start,,0,45
B_real_s5_nosiege,level_1_5,5,1,0xDFE1E3C6,3.933334,Drop,zu,1,46
B_real_s5_nosiege,level_1_5,5,1,0xDFE1E3C6,4.5,Drop,zu,1,47
B_real_s5_nosiege,level_1_5,5,1,0xDFE1E3C6,4.6,Drop,zu,1,48
B_real_s5_nosiege,level_1_5,5,1,0xDFE1E3C6,6.333334,Drop,e_liu,1,49
B_real_s5_nosiege,level_1_5,5,1,0xDFE1E3C6,6.6,Drop,zu,1,50
B_real_s5_nosiege,level_1_5,5,1,0xDFE1E3C6,7.633334,Drop,e_liu,1,51
B_real_s5_nosiege,level_1_5,5,1,0xDFE1E3C6,8.333334,Drop,zu,1,52
B_real_s5_nosiege,level_1_5,5,1,0xDFE1E3C6,9.1,Drop,e_liu,1,53
B_real_s5_nosiege,level_1_5,5,1,0xDFE1E3C6,9.700001,Drop,zu,1,54
B_real_s5_nosiege,level_1_5,5,1,0xDFE1E3C6,9.766667,Drop,zu,1,55
B_real_s5_nosiege,level_1_5,5,1,0xDFE1E3C6,10.066667,Drop,zu,1,56
B_real_s5_nosiege,level_1_5,5,1,0xDFE1E3C6,12.466667,Drop,e_liu,1,57
B_real_s5_nosiege,level_1_5,5,1,0xDFE1E3C6,13.300001,Drop,zu,1,58
B_real_s5_nosiege,level_1_5,5,1,0xDFE1E3C6,13.833334,Drop,zu,1,59
B_real_s5_nosiege,level_1_5,5,1,0xDFE1E3C6,14.466667,Drop,zu,1,60
B_real_s5_nosiege,level_1_5,5,1,0xDFE1E3C6,15.033334,Drop,zu,1,61
B_real_s5_nosiege,level_1_5,5,1,0xDFE1E3C6,15.300001,Drop,zu,1,62
B_real_s5_nosiege,level_1_5,5,1,0xDFE1E3C6,15.966667,Drop,zu,1,63
B_real_s5_nosiege,level_1_5,5,1,0xDFE1E3C6,16.300001,Drop,zu,1,64
B_real_s5_nosiege,level_1_5,5,1,0xDFE1E3C6,17.100001,Drop,zu,1,65
B_real_s5_nosiege,level_1_5,5,1,0xDFE1E3C6,17.300001,Drop,zu,1,66
B_real_s5_nosiege,level_1_5,5,1,0xDFE1E3C6,18.066668,Drop,zu,1,67
B_real_s5_nosiege,level_1_5,5,1,0xDFE1E3C6,21.900001,Drop,e_lang,1,68
B_real_s5_nosiege,level_1_5,5,1,0xDFE1E3C6,23.600001,Drop,e_shan,1,69
B_real_s5_nosiege,level_1_5,5,1,0xDFE1E3C6,23.900001,Drop,e_lang,1,70
B_real_s5_nosiege,level_1_5,5,1,0xDFE1E3C6,25.166668,Drop,e_shan,1,71
B_real_s5_nosiege,level_1_5,5,1,0xDFE1E3C6,25.600001,Drop,e_lang,1,72
B_real_s5_nosiege,level_1_5,5,1,0xDFE1E3C6,25.633335,Drop,e_lang,1,73
B_real_s5_nosiege,level_1_5,5,1,0xDFE1E3C6,26.366668,Drop,e_lang,1,74
B_real_s5_nosiege,level_1_5,5,1,0xDFE1E3C6,28.000001,Drop,e_lang,1,75
B_real_s5_nosiege,level_1_5,5,1,0xDFE1E3C6,30.200002,Drop,e_shan,1,76
B_real_s5_nosiege,level_1_5,5,1,0xDFE1E3C6,30.766668,Drop,e_lang,1,77
B_real_s5_nosiege,level_1_5,5,1,0xDFE1E3C6,35.166669,Drop,e_shan,1,78
B_real_s5_nosiege,level_1_5,5,1,0xDFE1E3C6,38.100002,Drop,e_shan,1,79
B_real_s5_nosiege,level_1_5,5,1,0xDFE1E3C6,38.866669,Drop,e_lang,1,80
B_real_s5_nosiege,level_1_5,5,1,0xDFE1E3C6,39.000002,Drop,e_shan,1,81
B_real_s5_nosiege,level_1_5,5,1,0xDFE1E3C6,39.600002,Drop,zu,1,82
B_real_s5_nosiege,level_1_5,5,1,0xDFE1E3C6,39.733335,Drop,zu,1,83
B_real_s5_nosiege,level_1_5,5,1,0xDFE1E3C6,40.333335,Drop,e_lang,1,84
B_real_s5_nosiege,level_1_5,5,1,0xDFE1E3C6,42.000002,Drop,e_lang,1,85
B_real_s5_nosiege,level_1_5,5,1,0xDFE1E3C6,43.666669,Drop,e_lang,1,86
B_real_s5_nosiege,level_1_5,5,1,0xDFE1E3C6,46.766669,Drop,e_liu,1,87
B_real_s5_nosiege,level_1_5,5,1,0xDFE1E3C6,48.433336,Drop,zu,1,88
B_real_s5_nosiege,level_1_5,5,1,0xDFE1E3C6,53.433336,Drop,e_shan,1,89
B_real_s5_nosiege,level_1_5,5,1,0xDFE1E3C6,55.100003,Drop,zu,1,90
B_real_s5_nosiege,level_1_5,5,1,0xDFE1E3C6,56.76667,Drop,zu,1,91
B_real_s5_nosiege,level_1_5,5,1,0xDFE1E3C6,58.433336,Drop,zu,1,92
B_real_s5_nosiege,level_1_5,5,1,0xDFE1E3C6,160.000008,End,,0,92
B_real_s5_nosiege,level_1_5,5,2,0x90B3134A,0,Start,,0,45
B_real_s5_nosiege,level_1_5,5,2,0x90B3134A,3.9,Drop,zu,1,46
B_real_s5_nosiege,level_1_5,5,2,0x90B3134A,4.5,Drop,zu,1,47
B_real_s5_nosiege,level_1_5,5,2,0x90B3134A,4.633334,Drop,zu,1,48
B_real_s5_nosiege,level_1_5,5,2,0x90B3134A,5.633334,Drop,zu,1,49
B_real_s5_nosiege,level_1_5,5,2,0x90B3134A,7.533334,Drop,e_liu,1,50
B_real_s5_nosiege,level_1_5,5,2,0x90B3134A,8.233334,Drop,e_liu,1,51
B_real_s5_nosiege,level_1_5,5,2,0x90B3134A,8.566667,Drop,zu,1,52
B_real_s5_nosiege,level_1_5,5,2,0x90B3134A,9.133334,Drop,zu,1,53
B_real_s5_nosiege,level_1_5,5,2,0x90B3134A,10.133334,Drop,zu,1,54
B_real_s5_nosiege,level_1_5,5,2,0x90B3134A,12.466667,Drop,e_liu,1,55
B_real_s5_nosiege,level_1_5,5,2,0x90B3134A,13.366667,Drop,zu,1,56
B_real_s5_nosiege,level_1_5,5,2,0x90B3134A,13.800001,Drop,zu,1,57
B_real_s5_nosiege,level_1_5,5,2,0x90B3134A,14.100001,Drop,zu,1,58
B_real_s5_nosiege,level_1_5,5,2,0x90B3134A,14.366667,Drop,zu,1,59
B_real_s5_nosiege,level_1_5,5,2,0x90B3134A,15.000001,Drop,zu,1,60
B_real_s5_nosiege,level_1_5,5,2,0x90B3134A,15.366667,Drop,zu,1,61
B_real_s5_nosiege,level_1_5,5,2,0x90B3134A,15.966667,Drop,zu,1,62
B_real_s5_nosiege,level_1_5,5,2,0x90B3134A,16.366668,Drop,zu,1,63
B_real_s5_nosiege,level_1_5,5,2,0x90B3134A,17.166668,Drop,zu,1,64
B_real_s5_nosiege,level_1_5,5,2,0x90B3134A,17.366668,Drop,zu,1,65
B_real_s5_nosiege,level_1_5,5,2,0x90B3134A,17.966668,Drop,zu,1,66
B_real_s5_nosiege,level_1_5,5,2,0x90B3134A,22.000001,Drop,e_lang,1,67
B_real_s5_nosiege,level_1_5,5,2,0x90B3134A,23.033335,Drop,e_lang,1,68
B_real_s5_nosiege,level_1_5,5,2,0x90B3134A,23.966668,Drop,e_lang,1,69
B_real_s5_nosiege,level_1_5,5,2,0x90B3134A,24.500001,Drop,e_shan,1,70
B_real_s5_nosiege,level_1_5,5,2,0x90B3134A,25.300001,Drop,e_lang,1,71
B_real_s5_nosiege,level_1_5,5,2,0x90B3134A,25.500001,Drop,e_lang,1,72
B_real_s5_nosiege,level_1_5,5,2,0x90B3134A,31.566668,Drop,e_shan,1,73
B_real_s5_nosiege,level_1_5,5,2,0x90B3134A,36.566669,Drop,e_shan,1,74
B_real_s5_nosiege,level_1_5,5,2,0x90B3134A,37.166669,Drop,e_shan,1,75
B_real_s5_nosiege,level_1_5,5,2,0x90B3134A,37.900002,Drop,e_lang,1,76
B_real_s5_nosiege,level_1_5,5,2,0x90B3134A,38.233335,Drop,zu,1,77
B_real_s5_nosiege,level_1_5,5,2,0x90B3134A,39.900002,Drop,e_shan,1,78
B_real_s5_nosiege,level_1_5,5,2,0x90B3134A,41.566669,Drop,zu,1,79
B_real_s5_nosiege,level_1_5,5,2,0x90B3134A,160.000008,End,,0,79
B_real_s5_nosiege,level_1_5,5,3,0xA99F6EC7,0,Start,,0,45
B_real_s5_nosiege,level_1_5,5,3,0xA99F6EC7,3.933334,Drop,zu,1,46
B_real_s5_nosiege,level_1_5,5,3,0xA99F6EC7,4.4,Drop,zu,1,47
B_real_s5_nosiege,level_1_5,5,3,0xA99F6EC7,4.733334,Drop,zu,1,48
B_real_s5_nosiege,level_1_5,5,3,0xA99F6EC7,5.3,Drop,zu,1,49
B_real_s5_nosiege,level_1_5,5,3,0xA99F6EC7,7.733334,Drop,e_liu,1,50
B_real_s5_nosiege,level_1_5,5,3,0xA99F6EC7,8.2,Drop,e_liu,1,51
B_real_s5_nosiege,level_1_5,5,3,0xA99F6EC7,8.733334,Drop,zu,1,52
B_real_s5_nosiege,level_1_5,5,3,0xA99F6EC7,9.2,Drop,zu,1,53
B_real_s5_nosiege,level_1_5,5,3,0xA99F6EC7,9.466667,Drop,zu,1,54
B_real_s5_nosiege,level_1_5,5,3,0xA99F6EC7,9.766667,Drop,zu,1,55
B_real_s5_nosiege,level_1_5,5,3,0xA99F6EC7,12.233334,Drop,e_liu,1,56
B_real_s5_nosiege,level_1_5,5,3,0xA99F6EC7,12.933334,Drop,zu,1,57
B_real_s5_nosiege,level_1_5,5,3,0xA99F6EC7,13.433334,Drop,zu,1,58
B_real_s5_nosiege,level_1_5,5,3,0xA99F6EC7,14.233334,Drop,zu,1,59
B_real_s5_nosiege,level_1_5,5,3,0xA99F6EC7,14.866667,Drop,zu,1,60
B_real_s5_nosiege,level_1_5,5,3,0xA99F6EC7,15.233334,Drop,zu,1,61
B_real_s5_nosiege,level_1_5,5,3,0xA99F6EC7,15.766667,Drop,zu,1,62
B_real_s5_nosiege,level_1_5,5,3,0xA99F6EC7,16.233334,Drop,zu,1,63
B_real_s5_nosiege,level_1_5,5,3,0xA99F6EC7,16.933334,Drop,zu,1,64
B_real_s5_nosiege,level_1_5,5,3,0xA99F6EC7,17.400001,Drop,zu,1,65
B_real_s5_nosiege,level_1_5,5,3,0xA99F6EC7,17.933334,Drop,zu,1,66
B_real_s5_nosiege,level_1_5,5,3,0xA99F6EC7,20.766668,Drop,e_shan,1,67
B_real_s5_nosiege,level_1_5,5,3,0xA99F6EC7,21.633334,Drop,e_lang,1,68
B_real_s5_nosiege,level_1_5,5,3,0xA99F6EC7,21.866668,Drop,e_lang,1,69
B_real_s5_nosiege,level_1_5,5,3,0xA99F6EC7,24.100001,Drop,e_lang,1,70
B_real_s5_nosiege,level_1_5,5,3,0xA99F6EC7,25.966668,Drop,e_lang,1,71
B_real_s5_nosiege,level_1_5,5,3,0xA99F6EC7,26.133335,Drop,e_lang,1,72
B_real_s5_nosiege,level_1_5,5,3,0xA99F6EC7,26.500001,Drop,e_lang,1,73
B_real_s5_nosiege,level_1_5,5,3,0xA99F6EC7,26.933335,Drop,e_shan,1,74
B_real_s5_nosiege,level_1_5,5,3,0xA99F6EC7,28.400001,Drop,e_lang,1,75
B_real_s5_nosiege,level_1_5,5,3,0xA99F6EC7,29.133335,Drop,e_lang,1,76
B_real_s5_nosiege,level_1_5,5,3,0xA99F6EC7,30.766668,Drop,e_shan,1,77
B_real_s5_nosiege,level_1_5,5,3,0xA99F6EC7,30.933335,Drop,e_shan,1,78
B_real_s5_nosiege,level_1_5,5,3,0xA99F6EC7,31.133335,Drop,e_lang,1,79
B_real_s5_nosiege,level_1_5,5,3,0xA99F6EC7,33.766668,Drop,e_shan,1,80
B_real_s5_nosiege,level_1_5,5,3,0xA99F6EC7,34.800002,Drop,e_shan,1,81
B_real_s5_nosiege,level_1_5,5,3,0xA99F6EC7,35.200002,Drop,e_lang,1,82
B_real_s5_nosiege,level_1_5,5,3,0xA99F6EC7,39.200002,Drop,e_shan,1,83
B_real_s5_nosiege,level_1_5,5,3,0xA99F6EC7,39.900002,Drop,e_lang,1,84
B_real_s5_nosiege,level_1_5,5,3,0xA99F6EC7,39.933335,Drop,zu,1,85
B_real_s5_nosiege,level_1_5,5,3,0xA99F6EC7,40.666669,Drop,zu,1,86
B_real_s5_nosiege,level_1_5,5,3,0xA99F6EC7,41.400002,Drop,zu,1,87
B_real_s5_nosiege,level_1_5,5,3,0xA99F6EC7,41.766669,Drop,zu,1,88
B_real_s5_nosiege,level_1_5,5,3,0xA99F6EC7,48.566669,Drop,e_liu,1,89
B_real_s5_nosiege,level_1_5,5,3,0xA99F6EC7,50.233336,Drop,e_liu,1,90
B_real_s5_nosiege,level_1_5,5,3,0xA99F6EC7,100.700005,End,,0,90
B_real_s5_nosiege,level_1_5,5,4,0xCCB23064,0,Start,,0,45
B_real_s5_nosiege,level_1_5,5,4,0xCCB23064,3.9,Drop,zu,1,46
B_real_s5_nosiege,level_1_5,5,4,0xCCB23064,4.733334,Drop,zu,1,47
B_real_s5_nosiege,level_1_5,5,4,0xCCB23064,5.1,Drop,zu,1,48
B_real_s5_nosiege,level_1_5,5,4,0xCCB23064,5.733334,Drop,zu,1,49
B_real_s5_nosiege,level_1_5,5,4,0xCCB23064,7.566667,Drop,e_liu,1,50
B_real_s5_nosiege,level_1_5,5,4,0xCCB23064,8.066667,Drop,zu,1,51
B_real_s5_nosiege,level_1_5,5,4,0xCCB23064,8.3,Drop,e_liu,1,52
B_real_s5_nosiege,level_1_5,5,4,0xCCB23064,9.266667,Drop,zu,1,53
B_real_s5_nosiege,level_1_5,5,4,0xCCB23064,9.533334,Drop,zu,1,54
B_real_s5_nosiege,level_1_5,5,4,0xCCB23064,12.366667,Drop,e_liu,1,55
B_real_s5_nosiege,level_1_5,5,4,0xCCB23064,13.333334,Drop,zu,1,56
B_real_s5_nosiege,level_1_5,5,4,0xCCB23064,13.600001,Drop,zu,1,57
B_real_s5_nosiege,level_1_5,5,4,0xCCB23064,14.366667,Drop,zu,1,58
B_real_s5_nosiege,level_1_5,5,4,0xCCB23064,15.066667,Drop,zu,1,59
B_real_s5_nosiege,level_1_5,5,4,0xCCB23064,15.366667,Drop,zu,1,60
B_real_s5_nosiege,level_1_5,5,4,0xCCB23064,15.800001,Drop,zu,1,61
B_real_s5_nosiege,level_1_5,5,4,0xCCB23064,16.366668,Drop,zu,1,62
B_real_s5_nosiege,level_1_5,5,4,0xCCB23064,16.866668,Drop,zu,1,63
B_real_s5_nosiege,level_1_5,5,4,0xCCB23064,17.366668,Drop,zu,1,64
B_real_s5_nosiege,level_1_5,5,4,0xCCB23064,17.833334,Drop,zu,1,65
B_real_s5_nosiege,level_1_5,5,4,0xCCB23064,21.900001,Drop,e_lang,1,66
B_real_s5_nosiege,level_1_5,5,4,0xCCB23064,22.566668,Drop,e_lang,1,67
B_real_s5_nosiege,level_1_5,5,4,0xCCB23064,22.933335,Drop,e_lang,1,68
B_real_s5_nosiege,level_1_5,5,4,0xCCB23064,23.866668,Drop,e_lang,1,69
B_real_s5_nosiege,level_1_5,5,4,0xCCB23064,24.600001,Drop,e_lang,1,70
B_real_s5_nosiege,level_1_5,5,4,0xCCB23064,24.866668,Drop,e_lang,1,71
B_real_s5_nosiege,level_1_5,5,4,0xCCB23064,28.166668,Drop,e_shan,1,72
B_real_s5_nosiege,level_1_5,5,4,0xCCB23064,28.900002,Drop,e_shan,1,73
B_real_s5_nosiege,level_1_5,5,4,0xCCB23064,33.300002,Drop,e_shan,1,74
B_real_s5_nosiege,level_1_5,5,4,0xCCB23064,33.833335,Drop,e_lang,1,75
B_real_s5_nosiege,level_1_5,5,4,0xCCB23064,34.033335,Drop,e_lang,1,76
B_real_s5_nosiege,level_1_5,5,4,0xCCB23064,36.233335,Drop,e_shan,1,77
B_real_s5_nosiege,level_1_5,5,4,0xCCB23064,36.600002,Drop,zu,1,78
B_real_s5_nosiege,level_1_5,5,4,0xCCB23064,38.166669,Drop,e_lang,1,79
B_real_s5_nosiege,level_1_5,5,4,0xCCB23064,43.566669,Drop,e_shan,1,80
B_real_s5_nosiege,level_1_5,5,4,0xCCB23064,43.933336,Drop,e_lang,1,81
B_real_s5_nosiege,level_1_5,5,4,0xCCB23064,45.600002,Drop,zu,1,82
B_real_s5_nosiege,level_1_5,5,4,0xCCB23064,47.266669,Drop,zu,1,83
B_real_s5_nosiege,level_1_5,5,4,0xCCB23064,48.933336,Drop,zu,1,84
B_real_s5_nosiege,level_1_5,5,4,0xCCB23064,133.43334,End,,0,84
B_real_s5_nosiege,level_1_5,5,5,0xDD60525B,0,Start,,0,45
B_real_s5_nosiege,level_1_5,5,5,0xDD60525B,3.933334,Drop,zu,1,46
B_real_s5_nosiege,level_1_5,5,5,0xDD60525B,4.5,Drop,zu,1,47
B_real_s5_nosiege,level_1_5,5,5,0xDD60525B,4.733334,Drop,zu,1,48
B_real_s5_nosiege,level_1_5,5,5,0xDD60525B,6.333334,Drop,e_liu,1,49
B_real_s5_nosiege,level_1_5,5,5,0xDD60525B,6.6,Drop,zu,1,50
B_real_s5_nosiege,level_1_5,5,5,0xDD60525B,7.666667,Drop,e_liu,1,51
B_real_s5_nosiege,level_1_5,5,5,0xDD60525B,8.6,Drop,zu,1,52
B_real_s5_nosiege,level_1_5,5,5,0xDD60525B,9,Drop,zu,1,53
B_real_s5_nosiege,level_1_5,5,5,0xDD60525B,9.4,Drop,zu,1,54
B_real_s5_nosiege,level_1_5,5,5,0xDD60525B,12.400001,Drop,e_liu,1,55
B_real_s5_nosiege,level_1_5,5,5,0xDD60525B,13.333334,Drop,zu,1,56
B_real_s5_nosiege,level_1_5,5,5,0xDD60525B,13.433334,Drop,zu,1,57
B_real_s5_nosiege,level_1_5,5,5,0xDD60525B,14.300001,Drop,zu,1,58
B_real_s5_nosiege,level_1_5,5,5,0xDD60525B,14.400001,Drop,zu,1,59
B_real_s5_nosiege,level_1_5,5,5,0xDD60525B,15.333334,Drop,zu,1,60
B_real_s5_nosiege,level_1_5,5,5,0xDD60525B,15.433334,Drop,zu,1,61
B_real_s5_nosiege,level_1_5,5,5,0xDD60525B,16.333334,Drop,zu,1,62
B_real_s5_nosiege,level_1_5,5,5,0xDD60525B,16.433334,Drop,zu,1,63
B_real_s5_nosiege,level_1_5,5,5,0xDD60525B,17.400001,Drop,zu,1,64
B_real_s5_nosiege,level_1_5,5,5,0xDD60525B,17.800001,Drop,zu,1,65
B_real_s5_nosiege,level_1_5,5,5,0xDD60525B,21.400001,Drop,e_lang,1,66
B_real_s5_nosiege,level_1_5,5,5,0xDD60525B,22.700001,Drop,e_lang,1,67
B_real_s5_nosiege,level_1_5,5,5,0xDD60525B,23.766668,Drop,e_shan,1,68
B_real_s5_nosiege,level_1_5,5,5,0xDD60525B,27.666668,Drop,e_lang,1,69
B_real_s5_nosiege,level_1_5,5,5,0xDD60525B,27.666668,Drop,e_shan,1,70
B_real_s5_nosiege,level_1_5,5,5,0xDD60525B,28.400001,Drop,e_lang,1,71
B_real_s5_nosiege,level_1_5,5,5,0xDD60525B,29.133335,Drop,e_lang,1,72
B_real_s5_nosiege,level_1_5,5,5,0xDD60525B,31.466668,Drop,e_shan,1,73
B_real_s5_nosiege,level_1_5,5,5,0xDD60525B,31.800002,Drop,e_lang,1,74
B_real_s5_nosiege,level_1_5,5,5,0xDD60525B,31.833335,Drop,e_lang,1,75
B_real_s5_nosiege,level_1_5,5,5,0xDD60525B,32.533335,Drop,e_lang,1,76
B_real_s5_nosiege,level_1_5,5,5,0xDD60525B,32.566668,Drop,e_lang,1,77
B_real_s5_nosiege,level_1_5,5,5,0xDD60525B,33.300002,Drop,e_shan,1,78
B_real_s5_nosiege,level_1_5,5,5,0xDD60525B,33.500002,Drop,e_lang,1,79
B_real_s5_nosiege,level_1_5,5,5,0xDD60525B,33.933335,Drop,e_lang,1,80
B_real_s5_nosiege,level_1_5,5,5,0xDD60525B,34.033335,Drop,e_lang,1,81
B_real_s5_nosiege,level_1_5,5,5,0xDD60525B,35.700002,Drop,e_shan,1,82
B_real_s5_nosiege,level_1_5,5,5,0xDD60525B,36.400002,Drop,zu,1,83
B_real_s5_nosiege,level_1_5,5,5,0xDD60525B,37.133335,Drop,zu,1,84
B_real_s5_nosiege,level_1_5,5,5,0xDD60525B,37.366669,Drop,zu,1,85
B_real_s5_nosiege,level_1_5,5,5,0xDD60525B,37.866669,Drop,zu,1,86
B_real_s5_nosiege,level_1_5,5,5,0xDD60525B,40.066669,Drop,e_liu,1,87
B_real_s5_nosiege,level_1_5,5,5,0xDD60525B,40.700002,Drop,e_shan,1,88
B_real_s5_nosiege,level_1_5,5,5,0xDD60525B,41.533335,Drop,e_liu,1,89
B_real_s5_nosiege,level_1_5,5,5,0xDD60525B,128.93334,End,,0,89
B_real_s5_nosiege,level_1_5,5,6,0x3240600E,0,Start,,0,45
B_real_s5_nosiege,level_1_5,5,6,0x3240600E,3.9,Drop,zu,1,46
B_real_s5_nosiege,level_1_5,5,6,0x3240600E,4.566667,Drop,zu,1,47
B_real_s5_nosiege,level_1_5,5,6,0x3240600E,4.966667,Drop,zu,1,48
B_real_s5_nosiege,level_1_5,5,6,0x3240600E,5.466667,Drop,zu,1,49
B_real_s5_nosiege,level_1_5,5,6,0x3240600E,8.166667,Drop,e_liu,1,50
B_real_s5_nosiege,level_1_5,5,6,0x3240600E,8.466667,Drop,e_liu,1,51
B_real_s5_nosiege,level_1_5,5,6,0x3240600E,8.9,Drop,zu,1,52
B_real_s5_nosiege,level_1_5,5,6,0x3240600E,9.2,Drop,zu,1,53
B_real_s5_nosiege,level_1_5,5,6,0x3240600E,9.433334,Drop,zu,1,54
B_real_s5_nosiege,level_1_5,5,6,0x3240600E,9.766667,Drop,zu,1,55
B_real_s5_nosiege,level_1_5,5,6,0x3240600E,10.133334,Drop,zu,1,56
B_real_s5_nosiege,level_1_5,5,6,0x3240600E,12.366667,Drop,e_liu,1,57
B_real_s5_nosiege,level_1_5,5,6,0x3240600E,13.300001,Drop,zu,1,58
B_real_s5_nosiege,level_1_5,5,6,0x3240600E,13.366667,Drop,zu,1,59
B_real_s5_nosiege,level_1_5,5,6,0x3240600E,14.333334,Drop,zu,1,60
B_real_s5_nosiege,level_1_5,5,6,0x3240600E,14.733334,Drop,zu,1,61
B_real_s5_nosiege,level_1_5,5,6,0x3240600E,15.333334,Drop,zu,1,62
B_real_s5_nosiege,level_1_5,5,6,0x3240600E,15.733334,Drop,zu,1,63
B_real_s5_nosiege,level_1_5,5,6,0x3240600E,16.400001,Drop,zu,1,64
B_real_s5_nosiege,level_1_5,5,6,0x3240600E,16.933334,Drop,zu,1,65
B_real_s5_nosiege,level_1_5,5,6,0x3240600E,17.400001,Drop,zu,1,66
B_real_s5_nosiege,level_1_5,5,6,0x3240600E,17.866668,Drop,zu,1,67
B_real_s5_nosiege,level_1_5,5,6,0x3240600E,22.500001,Drop,e_lang,1,68
B_real_s5_nosiege,level_1_5,5,6,0x3240600E,22.800001,Drop,e_lang,1,69
B_real_s5_nosiege,level_1_5,5,6,0x3240600E,23.333335,Drop,e_lang,1,70
B_real_s5_nosiege,level_1_5,5,6,0x3240600E,23.600001,Drop,e_lang,1,71
B_real_s5_nosiege,level_1_5,5,6,0x3240600E,24.300001,Drop,e_lang,1,72
B_real_s5_nosiege,level_1_5,5,6,0x3240600E,24.333335,Drop,e_shan,1,73
B_real_s5_nosiege,level_1_5,5,6,0x3240600E,24.533335,Drop,e_lang,1,74
B_real_s5_nosiege,level_1_5,5,6,0x3240600E,25.233335,Drop,e_lang,1,75
B_real_s5_nosiege,level_1_5,5,6,0x3240600E,27.600001,Drop,e_lang,1,76
B_real_s5_nosiege,level_1_5,5,6,0x3240600E,28.433335,Drop,e_lang,1,77
B_real_s5_nosiege,level_1_5,5,6,0x3240600E,29.233335,Drop,e_lang,1,78
B_real_s5_nosiege,level_1_5,5,6,0x3240600E,30.533335,Drop,e_shan,1,79
B_real_s5_nosiege,level_1_5,5,6,0x3240600E,31.333335,Drop,e_lang,1,80
B_real_s5_nosiege,level_1_5,5,6,0x3240600E,34.600002,Drop,e_shan,1,81
B_real_s5_nosiege,level_1_5,5,6,0x3240600E,36.533335,Drop,e_shan,1,82
B_real_s5_nosiege,level_1_5,5,6,0x3240600E,37.533335,Drop,zu,1,83
B_real_s5_nosiege,level_1_5,5,6,0x3240600E,39.800002,Drop,e_shan,1,84
B_real_s5_nosiege,level_1_5,5,6,0x3240600E,40.300002,Drop,e_lang,1,85
B_real_s5_nosiege,level_1_5,5,6,0x3240600E,42.800002,Drop,e_shan,1,86
B_real_s5_nosiege,level_1_5,5,6,0x3240600E,45.266669,Drop,e_liu,1,87
B_real_s5_nosiege,level_1_5,5,6,0x3240600E,46.933336,Drop,zu,1,88
B_real_s5_nosiege,level_1_5,5,6,0x3240600E,49.533336,Drop,e_shan,1,89
B_real_s5_nosiege,level_1_5,5,6,0x3240600E,50.266669,Drop,e_liu,1,90
B_real_s5_nosiege,level_1_5,5,6,0x3240600E,51.733336,Drop,e_liu,1,91
B_real_s5_nosiege,level_1_5,5,6,0x3240600E,51.933336,Drop,zu,1,92
B_real_s5_nosiege,level_1_5,5,6,0x3240600E,52.466669,Drop,zu,1,93
B_real_s5_nosiege,level_1_5,5,6,0x3240600E,53.200003,Drop,zu,1,94
B_real_s5_nosiege,level_1_5,5,6,0x3240600E,53.933336,Drop,zu,1,95
B_real_s5_nosiege,level_1_5,5,6,0x3240600E,54.66667,Drop,zu,1,96
B_real_s5_nosiege,level_1_5,5,6,0x3240600E,160.000008,End,,0,96
B_real_s5_nosiege,level_1_5,5,7,0xF6765AEE,0,Start,,0,45
B_real_s5_nosiege,level_1_5,5,7,0xF6765AEE,3.966667,Drop,zu,1,46
B_real_s5_nosiege,level_1_5,5,7,0xF6765AEE,4.333334,Drop,zu,1,47
B_real_s5_nosiege,level_1_5,5,7,0xF6765AEE,4.7,Drop,zu,1,48
B_real_s5_nosiege,level_1_5,5,7,0xF6765AEE,5.533334,Drop,zu,1,49
B_real_s5_nosiege,level_1_5,5,7,0xF6765AEE,6.533334,Drop,e_liu,1,50
B_real_s5_nosiege,level_1_5,5,7,0xF6765AEE,8.333334,Drop,e_liu,1,51
B_real_s5_nosiege,level_1_5,5,7,0xF6765AEE,9.066667,Drop,zu,1,52
B_real_s5_nosiege,level_1_5,5,7,0xF6765AEE,9.1,Drop,zu,1,53
B_real_s5_nosiege,level_1_5,5,7,0xF6765AEE,9.800001,Drop,e_liu,1,54
B_real_s5_nosiege,level_1_5,5,7,0xF6765AEE,10.933334,Drop,zu,1,55
B_real_s5_nosiege,level_1_5,5,7,0xF6765AEE,11.733334,Drop,zu,1,56
B_real_s5_nosiege,level_1_5,5,7,0xF6765AEE,12.300001,Drop,e_liu,1,57
B_real_s5_nosiege,level_1_5,5,7,0xF6765AEE,12.466667,Drop,zu,1,58
B_real_s5_nosiege,level_1_5,5,7,0xF6765AEE,13.433334,Drop,zu,1,59
B_real_s5_nosiege,level_1_5,5,7,0xF6765AEE,14.300001,Drop,zu,1,60
B_real_s5_nosiege,level_1_5,5,7,0xF6765AEE,14.466667,Drop,zu,1,61
B_real_s5_nosiege,level_1_5,5,7,0xF6765AEE,15.300001,Drop,zu,1,62
B_real_s5_nosiege,level_1_5,5,7,0xF6765AEE,15.466667,Drop,zu,1,63
B_real_s5_nosiege,level_1_5,5,7,0xF6765AEE,16.400001,Drop,zu,1,64
B_real_s5_nosiege,level_1_5,5,7,0xF6765AEE,16.466668,Drop,zu,1,65
B_real_s5_nosiege,level_1_5,5,7,0xF6765AEE,17.433334,Drop,zu,1,66
B_real_s5_nosiege,level_1_5,5,7,0xF6765AEE,17.800001,Drop,zu,1,67
B_real_s5_nosiege,level_1_5,5,7,0xF6765AEE,21.833334,Drop,e_lang,1,68
B_real_s5_nosiege,level_1_5,5,7,0xF6765AEE,23.866668,Drop,e_lang,1,69
B_real_s5_nosiege,level_1_5,5,7,0xF6765AEE,24.000001,Drop,e_shan,1,70
B_real_s5_nosiege,level_1_5,5,7,0xF6765AEE,26.000001,Drop,e_lang,1,71
B_real_s5_nosiege,level_1_5,5,7,0xF6765AEE,28.666668,Drop,e_lang,1,72
B_real_s5_nosiege,level_1_5,5,7,0xF6765AEE,30.866668,Drop,e_lang,1,73
B_real_s5_nosiege,level_1_5,5,7,0xF6765AEE,31.000002,Drop,e_lang,1,74
B_real_s5_nosiege,level_1_5,5,7,0xF6765AEE,34.000002,Drop,e_shan,1,75
B_real_s5_nosiege,level_1_5,5,7,0xF6765AEE,36.000002,Drop,e_shan,1,76
B_real_s5_nosiege,level_1_5,5,7,0xF6765AEE,37.133335,Drop,e_lang,1,77
B_real_s5_nosiege,level_1_5,5,7,0xF6765AEE,37.866669,Drop,e_lang,1,78
B_real_s5_nosiege,level_1_5,5,7,0xF6765AEE,39.000002,Drop,zu,1,79
B_real_s5_nosiege,level_1_5,5,7,0xF6765AEE,40.000002,Drop,e_shan,1,80
B_real_s5_nosiege,level_1_5,5,7,0xF6765AEE,40.266669,Drop,e_lang,1,81
B_real_s5_nosiege,level_1_5,5,7,0xF6765AEE,41.000002,Drop,e_lang,1,82
B_real_s5_nosiege,level_1_5,5,7,0xF6765AEE,41.666669,Drop,zu,1,83
B_real_s5_nosiege,level_1_5,5,7,0xF6765AEE,43.333336,Drop,zu,1,84
B_real_s5_nosiege,level_1_5,5,7,0xF6765AEE,45.866669,Drop,e_lang,1,85
B_real_s5_nosiege,level_1_5,5,7,0xF6765AEE,46.600002,Drop,e_lang,1,86
B_real_s5_nosiege,level_1_5,5,7,0xF6765AEE,49.300003,Drop,e_liu,1,87
B_real_s5_nosiege,level_1_5,5,7,0xF6765AEE,52.000003,Drop,e_shan,1,88
B_real_s5_nosiege,level_1_5,5,7,0xF6765AEE,160.000008,End,,0,88
B_real_s5_nosiege,level_1_5,5,8,0x985B0B1B,0,Start,,0,45
B_real_s5_nosiege,level_1_5,5,8,0x985B0B1B,3.933334,Drop,zu,1,46
B_real_s5_nosiege,level_1_5,5,8,0x985B0B1B,4.366667,Drop,zu,1,47
B_real_s5_nosiege,level_1_5,5,8,0x985B0B1B,4.7,Drop,zu,1,48
B_real_s5_nosiege,level_1_5,5,8,0x985B0B1B,6.8,Drop,e_liu,1,49
B_real_s5_nosiege,level_1_5,5,8,0x985B0B1B,7.333334,Drop,zu,1,50
B_real_s5_nosiege,level_1_5,5,8,0x985B0B1B,8.266667,Drop,e_liu,1,51
B_real_s5_nosiege,level_1_5,5,8,0x985B0B1B,8.633334,Drop,zu,1,52
B_real_s5_nosiege,level_1_5,5,8,0x985B0B1B,9.266667,Drop,zu,1,53
B_real_s5_nosiege,level_1_5,5,8,0x985B0B1B,9.366667,Drop,e_liu,1,54
B_real_s5_nosiege,level_1_5,5,8,0x985B0B1B,9.733334,Drop,zu,1,55
B_real_s5_nosiege,level_1_5,5,8,0x985B0B1B,10.133334,Drop,zu,1,56
B_real_s5_nosiege,level_1_5,5,8,0x985B0B1B,12.400001,Drop,zu,1,57
B_real_s5_nosiege,level_1_5,5,8,0x985B0B1B,12.433334,Drop,e_liu,1,58
B_real_s5_nosiege,level_1_5,5,8,0x985B0B1B,13.266667,Drop,zu,1,59
B_real_s5_nosiege,level_1_5,5,8,0x985B0B1B,13.400001,Drop,zu,1,60
B_real_s5_nosiege,level_1_5,5,8,0x985B0B1B,14.366667,Drop,zu,1,61
B_real_s5_nosiege,level_1_5,5,8,0x985B0B1B,14.433334,Drop,zu,1,62
B_real_s5_nosiege,level_1_5,5,8,0x985B0B1B,15.333334,Drop,zu,1,63
B_real_s5_nosiege,level_1_5,5,8,0x985B0B1B,15.400001,Drop,zu,1,64
B_real_s5_nosiege,level_1_5,5,8,0x985B0B1B,16.366668,Drop,zu,1,65
B_real_s5_nosiege,level_1_5,5,8,0x985B0B1B,16.633334,Drop,zu,1,66
B_real_s5_nosiege,level_1_5,5,8,0x985B0B1B,17.233334,Drop,zu,1,67
B_real_s5_nosiege,level_1_5,5,8,0x985B0B1B,17.400001,Drop,zu,1,68
B_real_s5_nosiege,level_1_5,5,8,0x985B0B1B,21.033334,Drop,e_shan,1,69
B_real_s5_nosiege,level_1_5,5,8,0x985B0B1B,21.033334,Drop,e_lang,1,70
B_real_s5_nosiege,level_1_5,5,8,0x985B0B1B,22.233334,Drop,e_lang,1,71
B_real_s5_nosiege,level_1_5,5,8,0x985B0B1B,23.833335,Drop,e_lang,1,72
B_real_s5_nosiege,level_1_5,5,8,0x985B0B1B,27.533335,Drop,e_shan,1,73
B_real_s5_nosiege,level_1_5,5,8,0x985B0B1B,27.666668,Drop,e_shan,1,74
B_real_s5_nosiege,level_1_5,5,8,0x985B0B1B,30.566668,Drop,e_shan,1,75
B_real_s5_nosiege,level_1_5,5,8,0x985B0B1B,30.766668,Drop,e_lang,1,76
B_real_s5_nosiege,level_1_5,5,8,0x985B0B1B,31.133335,Drop,e_lang,1,77
B_real_s5_nosiege,level_1_5,5,8,0x985B0B1B,36.433335,Drop,e_shan,1,78
B_real_s5_nosiege,level_1_5,5,8,0x985B0B1B,37.433335,Drop,zu,1,79
B_real_s5_nosiege,level_1_5,5,8,0x985B0B1B,40.766669,Drop,e_shan,1,80
B_real_s5_nosiege,level_1_5,5,8,0x985B0B1B,41.000002,Drop,zu,1,81
B_real_s5_nosiege,level_1_5,5,8,0x985B0B1B,41.233335,Drop,e_shan,1,82
B_real_s5_nosiege,level_1_5,5,8,0x985B0B1B,41.733336,Drop,e_lang,1,83
B_real_s5_nosiege,level_1_5,5,8,0x985B0B1B,42.433336,Drop,zu,1,84
B_real_s5_nosiege,level_1_5,5,8,0x985B0B1B,125.53334,End,,0,84
B_real_s5_nosiege,level_1_5,5,9,0xDE3AE767,0,Start,,0,45
B_real_s5_nosiege,level_1_5,5,9,0xDE3AE767,3.9,Drop,zu,1,46
B_real_s5_nosiege,level_1_5,5,9,0xDE3AE767,4.533334,Drop,zu,1,47
B_real_s5_nosiege,level_1_5,5,9,0xDE3AE767,4.9,Drop,zu,1,48
B_real_s5_nosiege,level_1_5,5,9,0xDE3AE767,5.533334,Drop,zu,1,49
B_real_s5_nosiege,level_1_5,5,9,0xDE3AE767,8.4,Drop,e_liu,1,50
B_real_s5_nosiege,level_1_5,5,9,0xDE3AE767,8.533334,Drop,e_liu,1,51
B_real_s5_nosiege,level_1_5,5,9,0xDE3AE767,8.8,Drop,zu,1,52
B_real_s5_nosiege,level_1_5,5,9,0xDE3AE767,12.833334,Drop,e_liu,1,53
B_real_s5_nosiege,level_1_5,5,9,0xDE3AE767,13.366667,Drop,zu,1,54
B_real_s5_nosiege,level_1_5,5,9,0xDE3AE767,13.466667,Drop,zu,1,55
B_real_s5_nosiege,level_1_5,5,9,0xDE3AE767,13.933334,Drop,zu,1,56
B_real_s5_nosiege,level_1_5,5,9,0xDE3AE767,14.433334,Drop,zu,1,57
B_real_s5_nosiege,level_1_5,5,9,0xDE3AE767,14.833334,Drop,zu,1,58
B_real_s5_nosiege,level_1_5,5,9,0xDE3AE767,15.233334,Drop,zu,1,59
B_real_s5_nosiege,level_1_5,5,9,0xDE3AE767,15.466667,Drop,zu,1,60
B_real_s5_nosiege,level_1_5,5,9,0xDE3AE767,16.333334,Drop,zu,1,61
B_real_s5_nosiege,level_1_5,5,9,0xDE3AE767,16.466668,Drop,zu,1,62
B_real_s5_nosiege,level_1_5,5,9,0xDE3AE767,17.333334,Drop,zu,1,63
B_real_s5_nosiege,level_1_5,5,9,0xDE3AE767,17.466668,Drop,zu,1,64
B_real_s5_nosiege,level_1_5,5,9,0xDE3AE767,21.266668,Drop,e_lang,1,65
B_real_s5_nosiege,level_1_5,5,9,0xDE3AE767,21.366668,Drop,e_shan,1,66
B_real_s5_nosiege,level_1_5,5,9,0xDE3AE767,21.900001,Drop,e_lang,1,67
B_real_s5_nosiege,level_1_5,5,9,0xDE3AE767,22.800001,Drop,e_lang,1,68
B_real_s5_nosiege,level_1_5,5,9,0xDE3AE767,23.533335,Drop,e_lang,1,69
B_real_s5_nosiege,level_1_5,5,9,0xDE3AE767,23.966668,Drop,e_lang,1,70
B_real_s5_nosiege,level_1_5,5,9,0xDE3AE767,24.100001,Drop,e_shan,1,71
B_real_s5_nosiege,level_1_5,5,9,0xDE3AE767,24.633335,Drop,e_shan,1,72
B_real_s5_nosiege,level_1_5,5,9,0xDE3AE767,24.833335,Drop,e_lang,1,73
B_real_s5_nosiege,level_1_5,5,9,0xDE3AE767,26.633335,Drop,e_shan,1,74
B_real_s5_nosiege,level_1_5,5,9,0xDE3AE767,27.033335,Drop,e_lang,1,75
B_real_s5_nosiege,level_1_5,5,9,0xDE3AE767,27.800001,Drop,e_lang,1,76
B_real_s5_nosiege,level_1_5,5,9,0xDE3AE767,28.100001,Drop,e_lang,1,77
B_real_s5_nosiege,level_1_5,5,9,0xDE3AE767,28.533335,Drop,e_lang,1,78
B_real_s5_nosiege,level_1_5,5,9,0xDE3AE767,28.866668,Drop,e_shan,1,79
B_real_s5_nosiege,level_1_5,5,9,0xDE3AE767,31.466668,Drop,e_shan,1,80
B_real_s5_nosiege,level_1_5,5,9,0xDE3AE767,31.633335,Drop,e_shan,1,81
B_real_s5_nosiege,level_1_5,5,9,0xDE3AE767,32.200002,Drop,e_lang,1,82
B_real_s5_nosiege,level_1_5,5,9,0xDE3AE767,32.200002,Drop,e_lang,1,83
B_real_s5_nosiege,level_1_5,5,9,0xDE3AE767,34.500002,Drop,zu,1,84
B_real_s5_nosiege,level_1_5,5,9,0xDE3AE767,35.033335,Drop,zu,1,85
B_real_s5_nosiege,level_1_5,5,9,0xDE3AE767,36.033335,Drop,zu,1,86
B_real_s5_nosiege,level_1_5,5,9,0xDE3AE767,36.500002,Drop,zu,1,87
B_real_s5_nosiege,level_1_5,5,9,0xDE3AE767,38.366669,Drop,e_liu,1,88
B_real_s5_nosiege,level_1_5,5,9,0xDE3AE767,41.500002,Drop,e_liu,1,89
B_real_s5_nosiege,level_1_5,5,9,0xDE3AE767,41.566669,Drop,e_liu,1,90
B_real_s5_nosiege,level_1_5,5,9,0xDE3AE767,45.266669,Drop,zu,1,91
B_real_s5_nosiege,level_1_5,5,9,0xDE3AE767,46.500002,Drop,e_liu,1,92
B_real_s5_nosiege,level_1_5,5,9,0xDE3AE767,48.566669,Drop,zu,1,93
B_real_s5_nosiege,level_1_5,5,9,0xDE3AE767,126.166673,End,,0,93
B_real_s5_nosiege,level_1_5,5,10,0xD81E878C,0,Start,,0,45
B_real_s5_nosiege,level_1_5,5,10,0xD81E878C,3.9,Drop,zu,1,46
B_real_s5_nosiege,level_1_5,5,10,0xD81E878C,4.566667,Drop,zu,1,47
B_real_s5_nosiege,level_1_5,5,10,0xD81E878C,4.8,Drop,zu,1,48
B_real_s5_nosiege,level_1_5,5,10,0xD81E878C,5.466667,Drop,zu,1,49
B_real_s5_nosiege,level_1_5,5,10,0xD81E878C,7.966667,Drop,e_liu,1,50
B_real_s5_nosiege,level_1_5,5,10,0xD81E878C,8.3,Drop,zu,1,51
B_real_s5_nosiege,level_1_5,5,10,0xD81E878C,8.333334,Drop,e_liu,1,52
B_real_s5_nosiege,level_1_5,5,10,0xD81E878C,9.466667,Drop,e_liu,1,53
B_real_s5_nosiege,level_1_5,5,10,0xD81E878C,10.066667,Drop,zu,1,54
B_real_s5_nosiege,level_1_5,5,10,0xD81E878C,12.300001,Drop,zu,1,55
B_real_s5_nosiege,level_1_5,5,10,0xD81E878C,12.366667,Drop,e_liu,1,56
B_real_s5_nosiege,level_1_5,5,10,0xD81E878C,13.266667,Drop,zu,1,57
B_real_s5_nosiege,level_1_5,5,10,0xD81E878C,13.400001,Drop,zu,1,58
B_real_s5_nosiege,level_1_5,5,10,0xD81E878C,14.333334,Drop,zu,1,59
B_real_s5_nosiege,level_1_5,5,10,0xD81E878C,14.466667,Drop,zu,1,60
B_real_s5_nosiege,level_1_5,5,10,0xD81E878C,15.233334,Drop,zu,1,61
B_real_s5_nosiege,level_1_5,5,10,0xD81E878C,15.366667,Drop,zu,1,62
B_real_s5_nosiege,level_1_5,5,10,0xD81E878C,16.266668,Drop,zu,1,63
B_real_s5_nosiege,level_1_5,5,10,0xD81E878C,16.833334,Drop,zu,1,64
B_real_s5_nosiege,level_1_5,5,10,0xD81E878C,17.233334,Drop,zu,1,65
B_real_s5_nosiege,level_1_5,5,10,0xD81E878C,17.366668,Drop,zu,1,66
B_real_s5_nosiege,level_1_5,5,10,0xD81E878C,21.400001,Drop,e_lang,1,67
B_real_s5_nosiege,level_1_5,5,10,0xD81E878C,23.000001,Drop,e_lang,1,68
B_real_s5_nosiege,level_1_5,5,10,0xD81E878C,24.866668,Drop,e_shan,1,69
B_real_s5_nosiege,level_1_5,5,10,0xD81E878C,25.400001,Drop,e_lang,1,70
B_real_s5_nosiege,level_1_5,5,10,0xD81E878C,25.600001,Drop,e_shan,1,71
B_real_s5_nosiege,level_1_5,5,10,0xD81E878C,26.200001,Drop,e_lang,1,72
B_real_s5_nosiege,level_1_5,5,10,0xD81E878C,27.433335,Drop,e_shan,1,73
B_real_s5_nosiege,level_1_5,5,10,0xD81E878C,29.466668,Drop,e_shan,1,74
B_real_s5_nosiege,level_1_5,5,10,0xD81E878C,29.633335,Drop,e_lang,1,75
B_real_s5_nosiege,level_1_5,5,10,0xD81E878C,29.900002,Drop,e_lang,1,76
B_real_s5_nosiege,level_1_5,5,10,0xD81E878C,30.400002,Drop,e_lang,1,77
B_real_s5_nosiege,level_1_5,5,10,0xD81E878C,30.633335,Drop,e_lang,1,78
B_real_s5_nosiege,level_1_5,5,10,0xD81E878C,33.000002,Drop,e_shan,1,79
B_real_s5_nosiege,level_1_5,5,10,0xD81E878C,33.466668,Drop,e_lang,1,80
B_real_s5_nosiege,level_1_5,5,10,0xD81E878C,34.066668,Drop,e_lang,1,81
B_real_s5_nosiege,level_1_5,5,10,0xD81E878C,34.200002,Drop,e_lang,1,82
B_real_s5_nosiege,level_1_5,5,10,0xD81E878C,36.466669,Drop,zu,1,83
B_real_s5_nosiege,level_1_5,5,10,0xD81E878C,36.566669,Drop,e_shan,1,84
B_real_s5_nosiege,level_1_5,5,10,0xD81E878C,39.900002,Drop,e_shan,1,85
B_real_s5_nosiege,level_1_5,5,10,0xD81E878C,40.566669,Drop,zu,1,86
B_real_s5_nosiege,level_1_5,5,10,0xD81E878C,41.566669,Drop,e_liu,1,87
B_real_s5_nosiege,level_1_5,5,10,0xD81E878C,42.033336,Drop,zu,1,88
B_real_s5_nosiege,level_1_5,5,10,0xD81E878C,43.033336,Drop,zu,1,89
B_real_s5_nosiege,level_1_5,5,10,0xD81E878C,84.300004,End,,0,89
B_real_s5_nosiege,level_1_5,5,11,0x150F7C9B,0,Start,,0,45
B_real_s5_nosiege,level_1_5,5,11,0x150F7C9B,3.9,Drop,zu,1,46
B_real_s5_nosiege,level_1_5,5,11,0x150F7C9B,4.566667,Drop,zu,1,47
B_real_s5_nosiege,level_1_5,5,11,0x150F7C9B,5.066667,Drop,zu,1,48
B_real_s5_nosiege,level_1_5,5,11,0x150F7C9B,5.4,Drop,zu,1,49
B_real_s5_nosiege,level_1_5,5,11,0x150F7C9B,7.333334,Drop,e_liu,1,50
B_real_s5_nosiege,level_1_5,5,11,0x150F7C9B,8.066667,Drop,e_liu,1,51
B_real_s5_nosiege,level_1_5,5,11,0x150F7C9B,9.433334,Drop,zu,1,52
B_real_s5_nosiege,level_1_5,5,11,0x150F7C9B,9.800001,Drop,zu,1,53
B_real_s5_nosiege,level_1_5,5,11,0x150F7C9B,12.366667,Drop,e_liu,1,54
B_real_s5_nosiege,level_1_5,5,11,0x150F7C9B,12.433334,Drop,e_liu,1,55
B_real_s5_nosiege,level_1_5,5,11,0x150F7C9B,13.233334,Drop,zu,1,56
B_real_s5_nosiege,level_1_5,5,11,0x150F7C9B,13.633334,Drop,zu,1,57
B_real_s5_nosiege,level_1_5,5,11,0x150F7C9B,14.366667,Drop,zu,1,58
B_real_s5_nosiege,level_1_5,5,11,0x150F7C9B,15.233334,Drop,zu,1,59
B_real_s5_nosiege,level_1_5,5,11,0x150F7C9B,15.266667,Drop,zu,1,60
B_real_s5_nosiege,level_1_5,5,11,0x150F7C9B,15.633334,Drop,zu,1,61
B_real_s5_nosiege,level_1_5,5,11,0x150F7C9B,16.366668,Drop,zu,1,62
B_real_s5_nosiege,level_1_5,5,11,0x150F7C9B,16.900001,Drop,zu,1,63
B_real_s5_nosiege,level_1_5,5,11,0x150F7C9B,17.366668,Drop,zu,1,64
B_real_s5_nosiege,level_1_5,5,11,0x150F7C9B,17.800001,Drop,zu,1,65
B_real_s5_nosiege,level_1_5,5,11,0x150F7C9B,21.400001,Drop,e_lang,1,66
B_real_s5_nosiege,level_1_5,5,11,0x150F7C9B,21.866668,Drop,e_lang,1,67
B_real_s5_nosiege,level_1_5,5,11,0x150F7C9B,23.000001,Drop,e_lang,1,68
B_real_s5_nosiege,level_1_5,5,11,0x150F7C9B,23.500001,Drop,e_lang,1,69
B_real_s5_nosiege,level_1_5,5,11,0x150F7C9B,26.433335,Drop,e_shan,1,70
B_real_s5_nosiege,level_1_5,5,11,0x150F7C9B,27.466668,Drop,e_lang,1,71
B_real_s5_nosiege,level_1_5,5,11,0x150F7C9B,28.466668,Drop,e_lang,1,72
B_real_s5_nosiege,level_1_5,5,11,0x150F7C9B,31.633335,Drop,e_shan,1,73
B_real_s5_nosiege,level_1_5,5,11,0x150F7C9B,32.466668,Drop,e_shan,1,74
B_real_s5_nosiege,level_1_5,5,11,0x150F7C9B,34.133335,Drop,e_shan,1,75
B_real_s5_nosiege,level_1_5,5,11,0x150F7C9B,34.400002,Drop,e_lang,1,76
B_real_s5_nosiege,level_1_5,5,11,0x150F7C9B,36.866669,Drop,zu,1,77
B_real_s5_nosiege,level_1_5,5,11,0x150F7C9B,38.333335,Drop,zu,1,78
B_real_s5_nosiege,level_1_5,5,11,0x150F7C9B,39.066669,Drop,e_shan,1,79
B_real_s5_nosiege,level_1_5,5,11,0x150F7C9B,39.800002,Drop,e_lang,1,80
B_real_s5_nosiege,level_1_5,5,11,0x150F7C9B,40.800002,Drop,e_shan,1,81
B_real_s5_nosiege,level_1_5,5,11,0x150F7C9B,43.233336,Drop,e_lang,1,82
B_real_s5_nosiege,level_1_5,5,11,0x150F7C9B,45.633336,Drop,zu,1,83
B_real_s5_nosiege,level_1_5,5,11,0x150F7C9B,48.033336,Drop,e_liu,1,84
B_real_s5_nosiege,level_1_5,5,11,0x150F7C9B,50.233336,Drop,e_liu,1,85
B_real_s5_nosiege,level_1_5,5,11,0x150F7C9B,50.600003,Drop,zu,1,86
B_real_s5_nosiege,level_1_5,5,11,0x150F7C9B,160.000008,End,,0,86
B_real_s5_nosiege,level_1_5,5,12,0xA9105B75,0,Start,,0,45
B_real_s5_nosiege,level_1_5,5,12,0xA9105B75,3.9,Drop,zu,1,46
B_real_s5_nosiege,level_1_5,5,12,0xA9105B75,4.5,Drop,zu,1,47
B_real_s5_nosiege,level_1_5,5,12,0xA9105B75,5,Drop,zu,1,48
B_real_s5_nosiege,level_1_5,5,12,0xA9105B75,5.4,Drop,zu,1,49
B_real_s5_nosiege,level_1_5,5,12,0xA9105B75,7.633334,Drop,e_liu,1,50
B_real_s5_nosiege,level_1_5,5,12,0xA9105B75,7.866667,Drop,zu,1,51
B_real_s5_nosiege,level_1_5,5,12,0xA9105B75,9.066667,Drop,zu,1,52
B_real_s5_nosiege,level_1_5,5,12,0xA9105B75,12.500001,Drop,e_liu,1,53
B_real_s5_nosiege,level_1_5,5,12,0xA9105B75,12.966667,Drop,zu,1,54
B_real_s5_nosiege,level_1_5,5,12,0xA9105B75,13.333334,Drop,zu,1,55
B_real_s5_nosiege,level_1_5,5,12,0xA9105B75,13.400001,Drop,zu,1,56
B_real_s5_nosiege,level_1_5,5,12,0xA9105B75,14.300001,Drop,zu,1,57
B_real_s5_nosiege,level_1_5,5,12,0xA9105B75,14.400001,Drop,zu,1,58
B_real_s5_nosiege,level_1_5,5,12,0xA9105B75,15.133334,Drop,zu,1,59
B_real_s5_nosiege,level_1_5,5,12,0xA9105B75,15.266667,Drop,zu,1,60
B_real_s5_nosiege,level_1_5,5,12,0xA9105B75,15.400001,Drop,zu,1,61
B_real_s5_nosiege,level_1_5,5,12,0xA9105B75,16.333334,Drop,zu,1,62
B_real_s5_nosiege,level_1_5,5,12,0xA9105B75,16.400001,Drop,zu,1,63
B_real_s5_nosiege,level_1_5,5,12,0xA9105B75,17.300001,Drop,zu,1,64
B_real_s5_nosiege,level_1_5,5,12,0xA9105B75,17.400001,Drop,zu,1,65
B_real_s5_nosiege,level_1_5,5,12,0xA9105B75,18.033334,Drop,zu,1,66
B_real_s5_nosiege,level_1_5,5,12,0xA9105B75,24.000001,Drop,e_lang,1,67
B_real_s5_nosiege,level_1_5,5,12,0xA9105B75,24.866668,Drop,e_lang,1,68
B_real_s5_nosiege,level_1_5,5,12,0xA9105B75,25.600001,Drop,e_lang,1,69
B_real_s5_nosiege,level_1_5,5,12,0xA9105B75,27.433335,Drop,e_shan,1,70
B_real_s5_nosiege,level_1_5,5,12,0xA9105B75,32.433335,Drop,e_shan,1,71
B_real_s5_nosiege,level_1_5,5,12,0xA9105B75,33.500002,Drop,e_shan,1,72
B_real_s5_nosiege,level_1_5,5,12,0xA9105B75,34.466668,Drop,e_shan,1,73
B_real_s5_nosiege,level_1_5,5,12,0xA9105B75,37.466669,Drop,e_shan,1,74
B_real_s5_nosiege,level_1_5,5,12,0xA9105B75,37.900002,Drop,e_lang,1,75
B_real_s5_nosiege,level_1_5,5,12,0xA9105B75,39.100002,Drop,e_shan,1,76
B_real_s5_nosiege,level_1_5,5,12,0xA9105B75,40.766669,Drop,zu,1,77
B_real_s5_nosiege,level_1_5,5,12,0xA9105B75,42.433336,Drop,zu,1,78
B_real_s5_nosiege,level_1_5,5,12,0xA9105B75,42.533336,Drop,e_shan,1,79
B_real_s5_nosiege,level_1_5,5,12,0xA9105B75,43.266669,Drop,e_lang,1,80
B_real_s5_nosiege,level_1_5,5,12,0xA9105B75,45.466669,Drop,zu,1,81
B_real_s5_nosiege,level_1_5,5,12,0xA9105B75,45.466669,Drop,e_liu,1,82
B_real_s5_nosiege,level_1_5,5,12,0xA9105B75,46.200002,Drop,e_lang,1,83
B_real_s5_nosiege,level_1_5,5,12,0xA9105B75,46.933336,Drop,zu,1,84
B_real_s5_nosiege,level_1_5,5,12,0xA9105B75,47.466669,Drop,zu,1,85
B_real_s5_nosiege,level_1_5,5,12,0xA9105B75,47.666669,Drop,e_lang,1,86
B_real_s5_nosiege,level_1_5,5,12,0xA9105B75,160.000008,End,,0,86
B_real_s5_nosiege,level_1_5,5,13,0xEDABE30A,0,Start,,0,45
B_real_s5_nosiege,level_1_5,5,13,0xEDABE30A,3.933334,Drop,zu,1,46
B_real_s5_nosiege,level_1_5,5,13,0xEDABE30A,4.466667,Drop,zu,1,47
B_real_s5_nosiege,level_1_5,5,13,0xEDABE30A,4.633334,Drop,zu,1,48
B_real_s5_nosiege,level_1_5,5,13,0xEDABE30A,5.466667,Drop,zu,1,49
B_real_s5_nosiege,level_1_5,5,13,0xEDABE30A,7.7,Drop,zu,1,50
B_real_s5_nosiege,level_1_5,5,13,0xEDABE30A,8.333334,Drop,e_liu,1,51
B_real_s5_nosiege,level_1_5,5,13,0xEDABE30A,13.400001,Drop,e_liu,1,52
B_real_s5_nosiege,level_1_5,5,13,0xEDABE30A,13.700001,Drop,zu,1,53
B_real_s5_nosiege,level_1_5,5,13,0xEDABE30A,14.133334,Drop,zu,1,54
B_real_s5_nosiege,level_1_5,5,13,0xEDABE30A,14.700001,Drop,zu,1,55
B_real_s5_nosiege,level_1_5,5,13,0xEDABE30A,15.300001,Drop,zu,1,56
B_real_s5_nosiege,level_1_5,5,13,0xEDABE30A,15.700001,Drop,zu,1,57
B_real_s5_nosiege,level_1_5,5,13,0xEDABE30A,16.033334,Drop,zu,1,58
B_real_s5_nosiege,level_1_5,5,13,0xEDABE30A,16.700001,Drop,zu,1,59
B_real_s5_nosiege,level_1_5,5,13,0xEDABE30A,16.966668,Drop,zu,1,60
B_real_s5_nosiege,level_1_5,5,13,0xEDABE30A,17.700001,Drop,zu,1,61
B_real_s5_nosiege,level_1_5,5,13,0xEDABE30A,17.966668,Drop,zu,1,62
B_real_s5_nosiege,level_1_5,5,13,0xEDABE30A,21.000001,Drop,e_shan,1,63
B_real_s5_nosiege,level_1_5,5,13,0xEDABE30A,21.433334,Drop,e_lang,1,64
B_real_s5_nosiege,level_1_5,5,13,0xEDABE30A,22.466668,Drop,e_lang,1,65
B_real_s5_nosiege,level_1_5,5,13,0xEDABE30A,23.333335,Drop,e_lang,1,66
B_real_s5_nosiege,level_1_5,5,13,0xEDABE30A,26.133335,Drop,e_shan,1,67
B_real_s5_nosiege,level_1_5,5,13,0xEDABE30A,29.933335,Drop,e_shan,1,68
B_real_s5_nosiege,level_1_5,5,13,0xEDABE30A,30.666668,Drop,e_lang,1,69
B_real_s5_nosiege,level_1_5,5,13,0xEDABE30A,31.666668,Drop,e_shan,1,70
B_real_s5_nosiege,level_1_5,5,13,0xEDABE30A,32.133335,Drop,e_lang,1,71
B_real_s5_nosiege,level_1_5,5,13,0xEDABE30A,36.933335,Drop,e_shan,1,72
B_real_s5_nosiege,level_1_5,5,13,0xEDABE30A,38.333335,Drop,zu,1,73
B_real_s5_nosiege,level_1_5,5,13,0xEDABE30A,40.933335,Drop,e_shan,1,74
B_real_s5_nosiege,level_1_5,5,13,0xEDABE30A,41.666669,Drop,zu,1,75
B_real_s5_nosiege,level_1_5,5,13,0xEDABE30A,42.400002,Drop,e_lang,1,76
B_real_s5_nosiege,level_1_5,5,13,0xEDABE30A,43.133336,Drop,zu,1,77
B_real_s5_nosiege,level_1_5,5,13,0xEDABE30A,44.933336,Drop,e_shan,1,78
B_real_s5_nosiege,level_1_5,5,13,0xEDABE30A,45.333336,Drop,e_liu,1,79
B_real_s5_nosiege,level_1_5,5,13,0xEDABE30A,46.066669,Drop,e_lang,1,80
B_real_s5_nosiege,level_1_5,5,13,0xEDABE30A,88.700005,End,,0,80
B_real_s5_nosiege,level_1_5,5,14,0xA897960F,0,Start,,0,45
B_real_s5_nosiege,level_1_5,5,14,0xA897960F,3.9,Drop,zu,1,46
B_real_s5_nosiege,level_1_5,5,14,0xA897960F,4.466667,Drop,zu,1,47
B_real_s5_nosiege,level_1_5,5,14,0xA897960F,4.766667,Drop,zu,1,48
B_real_s5_nosiege,level_1_5,5,14,0xA897960F,5.266667,Drop,zu,1,49
B_real_s5_nosiege,level_1_5,5,14,0xA897960F,8.233334,Drop,e_liu,1,50
B_real_s5_nosiege,level_1_5,5,14,0xA897960F,8.366667,Drop,e_liu,1,51
B_real_s5_nosiege,level_1_5,5,14,0xA897960F,8.566667,Drop,zu,1,52
B_real_s5_nosiege,level_1_5,5,14,0xA897960F,9.866667,Drop,zu,1,53
B_real_s5_nosiege,level_1_5,5,14,0xA897960F,14.266667,Drop,e_liu,1,54
B_real_s5_nosiege,level_1_5,5,14,0xA897960F,15.266667,Drop,zu,1,55
B_real_s5_nosiege,level_1_5,5,14,0xA897960F,15.500001,Drop,zu,1,56
B_real_s5_nosiege,level_1_5,5,14,0xA897960F,16.266668,Drop,zu,1,57
B_real_s5_nosiege,level_1_5,5,14,0xA897960F,16.566668,Drop,zu,1,58
B_real_s5_nosiege,level_1_5,5,14,0xA897960F,17.300001,Drop,zu,1,59
B_real_s5_nosiege,level_1_5,5,14,0xA897960F,17.833334,Drop,zu,1,60
B_real_s5_nosiege,level_1_5,5,14,0xA897960F,18.033334,Drop,zu,1,61
B_real_s5_nosiege,level_1_5,5,14,0xA897960F,18.266668,Drop,zu,1,62
B_real_s5_nosiege,level_1_5,5,14,0xA897960F,18.566668,Drop,zu,1,63
B_real_s5_nosiege,level_1_5,5,14,0xA897960F,19.300001,Drop,zu,1,64
B_real_s5_nosiege,level_1_5,5,14,0xA897960F,23.100001,Drop,e_shan,1,65
B_real_s5_nosiege,level_1_5,5,14,0xA897960F,24.733335,Drop,e_lang,1,66
B_real_s5_nosiege,level_1_5,5,14,0xA897960F,26.866668,Drop,e_shan,1,67
B_real_s5_nosiege,level_1_5,5,14,0xA897960F,27.600001,Drop,e_lang,1,68
B_real_s5_nosiege,level_1_5,5,14,0xA897960F,30.500002,Drop,e_shan,1,69
B_real_s5_nosiege,level_1_5,5,14,0xA897960F,30.666668,Drop,e_lang,1,70
B_real_s5_nosiege,level_1_5,5,14,0xA897960F,31.300002,Drop,e_lang,1,71
B_real_s5_nosiege,level_1_5,5,14,0xA897960F,33.166668,Drop,e_shan,1,72
B_real_s5_nosiege,level_1_5,5,14,0xA897960F,33.566668,Drop,e_lang,1,73
B_real_s5_nosiege,level_1_5,5,14,0xA897960F,34.000002,Drop,e_lang,1,74
B_real_s5_nosiege,level_1_5,5,14,0xA897960F,35.666669,Drop,e_lang,1,75
B_real_s5_nosiege,level_1_5,5,14,0xA897960F,37.500002,Drop,e_lang,1,76
B_real_s5_nosiege,level_1_5,5,14,0xA897960F,38.000002,Drop,e_lang,1,77
B_real_s5_nosiege,level_1_5,5,14,0xA897960F,41.500002,Drop,e_shan,1,78
B_real_s5_nosiege,level_1_5,5,14,0xA897960F,42.900002,Drop,e_lang,1,79
B_real_s5_nosiege,level_1_5,5,14,0xA897960F,47.333336,Drop,zu,1,80
B_real_s5_nosiege,level_1_5,5,14,0xA897960F,47.500002,Drop,e_shan,1,81
B_real_s5_nosiege,level_1_5,5,14,0xA897960F,126.73334,End,,0,81
B_real_s5_nosiege,level_1_5,5,15,0x109D3FA4,0,Start,,0,45
B_real_s5_nosiege,level_1_5,5,15,0x109D3FA4,3.9,Drop,zu,1,46
B_real_s5_nosiege,level_1_5,5,15,0x109D3FA4,4.666667,Drop,zu,1,47
B_real_s5_nosiege,level_1_5,5,15,0x109D3FA4,4.9,Drop,zu,1,48
B_real_s5_nosiege,level_1_5,5,15,0x109D3FA4,5.666667,Drop,zu,1,49
B_real_s5_nosiege,level_1_5,5,15,0x109D3FA4,7.666667,Drop,e_liu,1,50
B_real_s5_nosiege,level_1_5,5,15,0x109D3FA4,8.633334,Drop,e_liu,1,51
B_real_s5_nosiege,level_1_5,5,15,0x109D3FA4,12.766667,Drop,e_liu,1,52
B_real_s5_nosiege,level_1_5,5,15,0x109D3FA4,12.866667,Drop,zu,1,53
B_real_s5_nosiege,level_1_5,5,15,0x109D3FA4,13.766667,Drop,zu,1,54
B_real_s5_nosiege,level_1_5,5,15,0x109D3FA4,14.033334,Drop,zu,1,55
B_real_s5_nosiege,level_1_5,5,15,0x109D3FA4,14.400001,Drop,zu,1,56
B_real_s5_nosiege,level_1_5,5,15,0x109D3FA4,14.766667,Drop,zu,1,57
B_real_s5_nosiege,level_1_5,5,15,0x109D3FA4,15.233334,Drop,zu,1,58
B_real_s5_nosiege,level_1_5,5,15,0x109D3FA4,15.766667,Drop,zu,1,59
B_real_s5_nosiege,level_1_5,5,15,0x109D3FA4,16.500001,Drop,zu,1,60
B_real_s5_nosiege,level_1_5,5,15,0x109D3FA4,16.766668,Drop,zu,1,61
B_real_s5_nosiege,level_1_5,5,15,0x109D3FA4,17.233334,Drop,zu,1,62
B_real_s5_nosiege,level_1_5,5,15,0x109D3FA4,17.766668,Drop,zu,1,63
B_real_s5_nosiege,level_1_5,5,15,0x109D3FA4,20.766668,Drop,e_shan,1,64
B_real_s5_nosiege,level_1_5,5,15,0x109D3FA4,21.466668,Drop,e_lang,1,65
B_real_s5_nosiege,level_1_5,5,15,0x109D3FA4,21.866668,Drop,e_lang,1,66
B_real_s5_nosiege,level_1_5,5,15,0x109D3FA4,22.533335,Drop,e_lang,1,67
B_real_s5_nosiege,level_1_5,5,15,0x109D3FA4,23.166668,Drop,e_shan,1,68
B_real_s5_nosiege,level_1_5,5,15,0x109D3FA4,23.266668,Drop,e_lang,1,69
B_real_s5_nosiege,level_1_5,5,15,0x109D3FA4,23.666668,Drop,e_lang,1,70
B_real_s5_nosiege,level_1_5,5,15,0x109D3FA4,24.166668,Drop,e_lang,1,71
B_real_s5_nosiege,level_1_5,5,15,0x109D3FA4,25.333335,Drop,e_lang,1,72
B_real_s5_nosiege,level_1_5,5,15,0x109D3FA4,25.466668,Drop,e_lang,1,73
B_real_s5_nosiege,level_1_5,5,15,0x109D3FA4,27.666668,Drop,e_shan,1,74
B_real_s5_nosiege,level_1_5,5,15,0x109D3FA4,29.333335,Drop,e_lang,1,75
B_real_s5_nosiege,level_1_5,5,15,0x109D3FA4,29.866668,Drop,e_shan,1,76
B_real_s5_nosiege,level_1_5,5,15,0x109D3FA4,33.533335,Drop,e_shan,1,77
B_real_s5_nosiege,level_1_5,5,15,0x109D3FA4,38.466669,Drop,e_shan,1,78
B_real_s5_nosiege,level_1_5,5,15,0x109D3FA4,38.666669,Drop,e_lang,1,79
B_real_s5_nosiege,level_1_5,5,15,0x109D3FA4,39.300002,Drop,e_lang,1,80
B_real_s5_nosiege,level_1_5,5,15,0x109D3FA4,39.433335,Drop,zu,1,81
B_real_s5_nosiege,level_1_5,5,15,0x109D3FA4,39.600002,Drop,e_lang,1,82
B_real_s5_nosiege,level_1_5,5,15,0x109D3FA4,40.166669,Drop,zu,1,83
B_real_s5_nosiege,level_1_5,5,15,0x109D3FA4,119.63334,End,,0,83
B_real_s5_nosiege,level_1_5,5,16,0x5A556610,0,Start,,0,45
B_real_s5_nosiege,level_1_5,5,16,0x5A556610,3.933334,Drop,zu,1,46
B_real_s5_nosiege,level_1_5,5,16,0x5A556610,4.3,Drop,zu,1,47
B_real_s5_nosiege,level_1_5,5,16,0x5A556610,4.733334,Drop,zu,1,48
B_real_s5_nosiege,level_1_5,5,16,0x5A556610,5.3,Drop,zu,1,49
B_real_s5_nosiege,level_1_5,5,16,0x5A556610,7.566667,Drop,e_liu,1,50
B_real_s5_nosiege,level_1_5,5,16,0x5A556610,8.233334,Drop,zu,1,51
B_real_s5_nosiege,level_1_5,5,16,0x5A556610,8.3,Drop,e_liu,1,52
B_real_s5_nosiege,level_1_5,5,16,0x5A556610,8.466667,Drop,zu,1,53
B_real_s5_nosiege,level_1_5,5,16,0x5A556610,9.266667,Drop,zu,1,54
B_real_s5_nosiege,level_1_5,5,16,0x5A556610,9.5,Drop,zu,1,55
B_real_s5_nosiege,level_1_5,5,16,0x5A556610,9.733334,Drop,zu,1,56
B_real_s5_nosiege,level_1_5,5,16,0x5A556610,10.133334,Drop,zu,1,57
B_real_s5_nosiege,level_1_5,5,16,0x5A556610,12.533334,Drop,e_liu,1,58
B_real_s5_nosiege,level_1_5,5,16,0x5A556610,13.200001,Drop,zu,1,59
B_real_s5_nosiege,level_1_5,5,16,0x5A556610,13.433334,Drop,zu,1,60
B_real_s5_nosiege,level_1_5,5,16,0x5A556610,14.366667,Drop,zu,1,61
B_real_s5_nosiege,level_1_5,5,16,0x5A556610,14.633334,Drop,zu,1,62
B_real_s5_nosiege,level_1_5,5,16,0x5A556610,15.233334,Drop,zu,1,63
B_real_s5_nosiege,level_1_5,5,16,0x5A556610,15.433334,Drop,zu,1,64
B_real_s5_nosiege,level_1_5,5,16,0x5A556610,16.366668,Drop,zu,1,65
B_real_s5_nosiege,level_1_5,5,16,0x5A556610,16.700001,Drop,zu,1,66
B_real_s5_nosiege,level_1_5,5,16,0x5A556610,17.333334,Drop,zu,1,67
B_real_s5_nosiege,level_1_5,5,16,0x5A556610,17.433334,Drop,zu,1,68
B_real_s5_nosiege,level_1_5,5,16,0x5A556610,25.066668,Drop,e_lang,1,69
B_real_s5_nosiege,level_1_5,5,16,0x5A556610,26.966668,Drop,e_lang,1,70
B_real_s5_nosiege,level_1_5,5,16,0x5A556610,27.366668,Drop,e_shan,1,71
B_real_s5_nosiege,level_1_5,5,16,0x5A556610,27.933335,Drop,e_lang,1,72
B_real_s5_nosiege,level_1_5,5,16,0x5A556610,28.366668,Drop,e_shan,1,73
B_real_s5_nosiege,level_1_5,5,16,0x5A556610,28.666668,Drop,e_lang,1,74
B_real_s5_nosiege,level_1_5,5,16,0x5A556610,29.300002,Drop,e_lang,1,75
B_real_s5_nosiege,level_1_5,5,16,0x5A556610,31.433335,Drop,e_shan,1,76
B_real_s5_nosiege,level_1_5,5,16,0x5A556610,35.366669,Drop,e_shan,1,77
B_real_s5_nosiege,level_1_5,5,16,0x5A556610,35.900002,Drop,e_lang,1,78
B_real_s5_nosiege,level_1_5,5,16,0x5A556610,36.633335,Drop,e_lang,1,79
B_real_s5_nosiege,level_1_5,5,16,0x5A556610,36.900002,Drop,e_shan,1,80
B_real_s5_nosiege,level_1_5,5,16,0x5A556610,37.366669,Drop,zu,1,81
B_real_s5_nosiege,level_1_5,5,16,0x5A556610,38.100002,Drop,zu,1,82
B_real_s5_nosiege,level_1_5,5,16,0x5A556610,40.233335,Drop,e_shan,1,83
B_real_s5_nosiege,level_1_5,5,16,0x5A556610,40.833335,Drop,e_liu,1,84
B_real_s5_nosiege,level_1_5,5,16,0x5A556610,41.900002,Drop,zu,1,85
B_real_s5_nosiege,level_1_5,5,16,0x5A556610,42.200002,Drop,e_lang,1,86
B_real_s5_nosiege,level_1_5,5,16,0x5A556610,45.233336,Drop,e_shan,1,87
B_real_s5_nosiege,level_1_5,5,16,0x5A556610,46.200002,Drop,zu,1,88
B_real_s5_nosiege,level_1_5,5,16,0x5A556610,47.366669,Drop,zu,1,89
B_real_s5_nosiege,level_1_5,5,16,0x5A556610,49.366669,Drop,zu,1,90
B_real_s5_nosiege,level_1_5,5,16,0x5A556610,49.433336,Drop,e_liu,1,91
B_real_s5_nosiege,level_1_5,5,16,0x5A556610,50.166669,Drop,zu,1,92
B_real_s5_nosiege,level_1_5,5,16,0x5A556610,160.000008,End,,0,92
B_real_s5_nosiege,level_1_5,5,17,0x2474B63B,0,Start,,0,45
B_real_s5_nosiege,level_1_5,5,17,0x2474B63B,3.933334,Drop,zu,1,46
B_real_s5_nosiege,level_1_5,5,17,0x2474B63B,4.4,Drop,zu,1,47
B_real_s5_nosiege,level_1_5,5,17,0x2474B63B,4.866667,Drop,zu,1,48
B_real_s5_nosiege,level_1_5,5,17,0x2474B63B,5.4,Drop,zu,1,49
B_real_s5_nosiege,level_1_5,5,17,0x2474B63B,7.933334,Drop,e_liu,1,50
B_real_s5_nosiege,level_1_5,5,17,0x2474B63B,8.833334,Drop,zu,1,51
B_real_s5_nosiege,level_1_5,5,17,0x2474B63B,9.4,Drop,e_liu,1,52
B_real_s5_nosiege,level_1_5,5,17,0x2474B63B,9.466667,Drop,zu,1,53
B_real_s5_nosiege,level_1_5,5,17,0x2474B63B,9.700001,Drop,zu,1,54
B_real_s5_nosiege,level_1_5,5,17,0x2474B63B,10.133334,Drop,e_liu,1,55
B_real_s5_nosiege,level_1_5,5,17,0x2474B63B,13.466667,Drop,e_liu,1,56
B_real_s5_nosiege,level_1_5,5,17,0x2474B63B,13.866667,Drop,zu,1,57
B_real_s5_nosiege,level_1_5,5,17,0x2474B63B,14.400001,Drop,zu,1,58
B_real_s5_nosiege,level_1_5,5,17,0x2474B63B,15.466667,Drop,zu,1,59
B_real_s5_nosiege,level_1_5,5,17,0x2474B63B,16.400001,Drop,zu,1,60
B_real_s5_nosiege,level_1_5,5,17,0x2474B63B,17.566668,Drop,zu,1,61
B_real_s5_nosiege,level_1_5,5,17,0x2474B63B,18.100001,Drop,zu,1,62
B_real_s5_nosiege,level_1_5,5,17,0x2474B63B,18.300001,Drop,zu,1,63
B_real_s5_nosiege,level_1_5,5,17,0x2474B63B,19.033334,Drop,zu,1,64
B_real_s5_nosiege,level_1_5,5,17,0x2474B63B,19.766668,Drop,zu,1,65
B_real_s5_nosiege,level_1_5,5,17,0x2474B63B,19.933334,Drop,zu,1,66
B_real_s5_nosiege,level_1_5,5,17,0x2474B63B,20.500001,Drop,zu,1,67
B_real_s5_nosiege,level_1_5,5,17,0x2474B63B,26.600001,Drop,e_shan,1,68
B_real_s5_nosiege,level_1_5,5,17,0x2474B63B,27.833335,Drop,e_shan,1,69
B_real_s5_nosiege,level_1_5,5,17,0x2474B63B,28.266668,Drop,e_lang,1,70
B_real_s5_nosiege,level_1_5,5,17,0x2474B63B,34.933335,Drop,e_shan,1,71
B_real_s5_nosiege,level_1_5,5,17,0x2474B63B,36.633335,Drop,e_shan,1,72
B_real_s5_nosiege,level_1_5,5,17,0x2474B63B,41.033335,Drop,e_shan,1,73
B_real_s5_nosiege,level_1_5,5,17,0x2474B63B,89.600005,End,,0,73
B_real_s5_nosiege,level_1_5,5,18,0xE4C26322,0,Start,,0,45
B_real_s5_nosiege,level_1_5,5,18,0xE4C26322,3.933334,Drop,zu,1,46
B_real_s5_nosiege,level_1_5,5,18,0xE4C26322,4.533334,Drop,zu,1,47
B_real_s5_nosiege,level_1_5,5,18,0xE4C26322,4.9,Drop,zu,1,48
B_real_s5_nosiege,level_1_5,5,18,0xE4C26322,7.866667,Drop,zu,1,49
B_real_s5_nosiege,level_1_5,5,18,0xE4C26322,7.9,Drop,e_liu,1,50
B_real_s5_nosiege,level_1_5,5,18,0xE4C26322,8.466667,Drop,zu,1,51
B_real_s5_nosiege,level_1_5,5,18,0xE4C26322,8.6,Drop,e_liu,1,52
B_real_s5_nosiege,level_1_5,5,18,0xE4C26322,8.733334,Drop,zu,1,53
B_real_s5_nosiege,level_1_5,5,18,0xE4C26322,9.566667,Drop,zu,1,54
B_real_s5_nosiege,level_1_5,5,18,0xE4C26322,10.100001,Drop,zu,1,55
B_real_s5_nosiege,level_1_5,5,18,0xE4C26322,10.500001,Drop,zu,1,56
B_real_s5_nosiege,level_1_5,5,18,0xE4C26322,13.233334,Drop,e_liu,1,57
B_real_s5_nosiege,level_1_5,5,18,0xE4C26322,13.500001,Drop,zu,1,58
B_real_s5_nosiege,level_1_5,5,18,0xE4C26322,13.866667,Drop,zu,1,59
B_real_s5_nosiege,level_1_5,5,18,0xE4C26322,14.166667,Drop,zu,1,60
B_real_s5_nosiege,level_1_5,5,18,0xE4C26322,14.866667,Drop,zu,1,61
B_real_s5_nosiege,level_1_5,5,18,0xE4C26322,14.900001,Drop,zu,1,62
B_real_s5_nosiege,level_1_5,5,18,0xE4C26322,15.633334,Drop,zu,1,63
B_real_s5_nosiege,level_1_5,5,18,0xE4C26322,15.866667,Drop,zu,1,64
B_real_s5_nosiege,level_1_5,5,18,0xE4C26322,16.366668,Drop,zu,1,65
B_real_s5_nosiege,level_1_5,5,18,0xE4C26322,16.866668,Drop,zu,1,66
B_real_s5_nosiege,level_1_5,5,18,0xE4C26322,17.300001,Drop,zu,1,67
B_real_s5_nosiege,level_1_5,5,18,0xE4C26322,17.866668,Drop,zu,1,68
B_real_s5_nosiege,level_1_5,5,18,0xE4C26322,22.466668,Drop,e_shan,1,69
B_real_s5_nosiege,level_1_5,5,18,0xE4C26322,22.833335,Drop,e_lang,1,70
B_real_s5_nosiege,level_1_5,5,18,0xE4C26322,23.466668,Drop,e_lang,1,71
B_real_s5_nosiege,level_1_5,5,18,0xE4C26322,24.200001,Drop,e_lang,1,72
B_real_s5_nosiege,level_1_5,5,18,0xE4C26322,32.000002,Drop,e_shan,1,73
B_real_s5_nosiege,level_1_5,5,18,0xE4C26322,32.300002,Drop,e_lang,1,74
B_real_s5_nosiege,level_1_5,5,18,0xE4C26322,32.366668,Drop,e_shan,1,75
B_real_s5_nosiege,level_1_5,5,18,0xE4C26322,32.466668,Drop,e_shan,1,76
B_real_s5_nosiege,level_1_5,5,18,0xE4C26322,33.033335,Drop,e_lang,1,77
B_real_s5_nosiege,level_1_5,5,18,0xE4C26322,34.466668,Drop,e_lang,1,78
B_real_s5_nosiege,level_1_5,5,18,0xE4C26322,37.466669,Drop,e_shan,1,79
B_real_s5_nosiege,level_1_5,5,18,0xE4C26322,38.200002,Drop,e_lang,1,80
B_real_s5_nosiege,level_1_5,5,18,0xE4C26322,38.666669,Drop,zu,1,81
B_real_s5_nosiege,level_1_5,5,18,0xE4C26322,38.933335,Drop,e_lang,1,82
B_real_s5_nosiege,level_1_5,5,18,0xE4C26322,40.333335,Drop,e_shan,1,83
B_real_s5_nosiege,level_1_5,5,18,0xE4C26322,42.566669,Drop,e_liu,1,84
B_real_s5_nosiege,level_1_5,5,18,0xE4C26322,43.300002,Drop,e_lang,1,85
B_real_s5_nosiege,level_1_5,5,18,0xE4C26322,45.500002,Drop,e_shan,1,86
B_real_s5_nosiege,level_1_5,5,18,0xE4C26322,46.233336,Drop,zu,1,87
B_real_s5_nosiege,level_1_5,5,18,0xE4C26322,46.966669,Drop,zu,1,88
B_real_s5_nosiege,level_1_5,5,18,0xE4C26322,47.466669,Drop,zu,1,89
B_real_s5_nosiege,level_1_5,5,18,0xE4C26322,47.700002,Drop,zu,1,90
B_real_s5_nosiege,level_1_5,5,18,0xE4C26322,49.466669,Drop,zu,1,91
B_real_s5_nosiege,level_1_5,5,18,0xE4C26322,160.000008,End,,0,91
B_real_s5_nosiege,level_1_5,5,19,0xBC689951,0,Start,,0,45
B_real_s5_nosiege,level_1_5,5,19,0xBC689951,3.9,Drop,zu,1,46
B_real_s5_nosiege,level_1_5,5,19,0xBC689951,4.433334,Drop,zu,1,47
B_real_s5_nosiege,level_1_5,5,19,0xBC689951,4.9,Drop,zu,1,48
B_real_s5_nosiege,level_1_5,5,19,0xBC689951,5.9,Drop,zu,1,49
B_real_s5_nosiege,level_1_5,5,19,0xBC689951,7.2,Drop,e_liu,1,50
B_real_s5_nosiege,level_1_5,5,19,0xBC689951,8.333334,Drop,e_liu,1,51
B_real_s5_nosiege,level_1_5,5,19,0xBC689951,8.666667,Drop,zu,1,52
B_real_s5_nosiege,level_1_5,5,19,0xBC689951,9.166667,Drop,zu,1,53
B_real_s5_nosiege,level_1_5,5,19,0xBC689951,9.666667,Drop,zu,1,54
B_real_s5_nosiege,level_1_5,5,19,0xBC689951,10.200001,Drop,zu,1,55
B_real_s5_nosiege,level_1_5,5,19,0xBC689951,12.400001,Drop,e_liu,1,56
B_real_s5_nosiege,level_1_5,5,19,0xBC689951,12.666667,Drop,zu,1,57
B_real_s5_nosiege,level_1_5,5,19,0xBC689951,13.633334,Drop,zu,1,58
B_real_s5_nosiege,level_1_5,5,19,0xBC689951,14.300001,Drop,zu,1,59
B_real_s5_nosiege,level_1_5,5,19,0xBC689951,14.633334,Drop,zu,1,60
B_real_s5_nosiege,level_1_5,5,19,0xBC689951,15.233334,Drop,zu,1,61
B_real_s5_nosiege,level_1_5,5,19,0xBC689951,15.633334,Drop,zu,1,62
B_real_s5_nosiege,level_1_5,5,19,0xBC689951,16.333334,Drop,zu,1,63
B_real_s5_nosiege,level_1_5,5,19,0xBC689951,16.633334,Drop,zu,1,64
B_real_s5_nosiege,level_1_5,5,19,0xBC689951,17.233334,Drop,zu,1,65
B_real_s5_nosiege,level_1_5,5,19,0xBC689951,17.633334,Drop,zu,1,66
B_real_s5_nosiege,level_1_5,5,19,0xBC689951,20.400001,Drop,e_shan,1,67
B_real_s5_nosiege,level_1_5,5,19,0xBC689951,21.500001,Drop,e_lang,1,68
B_real_s5_nosiege,level_1_5,5,19,0xBC689951,22.166668,Drop,e_lang,1,69
B_real_s5_nosiege,level_1_5,5,19,0xBC689951,22.466668,Drop,e_shan,1,70
B_real_s5_nosiege,level_1_5,5,19,0xBC689951,23.166668,Drop,e_lang,1,71
B_real_s5_nosiege,level_1_5,5,19,0xBC689951,24.466668,Drop,e_lang,1,72
B_real_s5_nosiege,level_1_5,5,19,0xBC689951,24.866668,Drop,e_shan,1,73
B_real_s5_nosiege,level_1_5,5,19,0xBC689951,26.466668,Drop,e_shan,1,74
B_real_s5_nosiege,level_1_5,5,19,0xBC689951,27.066668,Drop,e_lang,1,75
B_real_s5_nosiege,level_1_5,5,19,0xBC689951,27.300001,Drop,e_lang,1,76
B_real_s5_nosiege,level_1_5,5,19,0xBC689951,27.733335,Drop,e_lang,1,77
B_real_s5_nosiege,level_1_5,5,19,0xBC689951,29.266668,Drop,e_shan,1,78
B_real_s5_nosiege,level_1_5,5,19,0xBC689951,29.833335,Drop,e_lang,1,79
B_real_s5_nosiege,level_1_5,5,19,0xBC689951,30.000002,Drop,e_lang,1,80
B_real_s5_nosiege,level_1_5,5,19,0xBC689951,33.400002,Drop,e_shan,1,81
B_real_s5_nosiege,level_1_5,5,19,0xBC689951,33.733335,Drop,e_lang,1,82
B_real_s5_nosiege,level_1_5,5,19,0xBC689951,35.466669,Drop,zu,1,83
B_real_s5_nosiege,level_1_5,5,19,0xBC689951,36.466669,Drop,zu,1,84
B_real_s5_nosiege,level_1_5,5,19,0xBC689951,39.000002,Drop,e_shan,1,85
B_real_s5_nosiege,level_1_5,5,19,0xBC689951,39.466669,Drop,zu,1,86
B_real_s5_nosiege,level_1_5,5,19,0xBC689951,40.466669,Drop,zu,1,87
B_real_s5_nosiege,level_1_5,5,19,0xBC689951,42.333336,Drop,e_liu,1,88
B_real_s5_nosiege,level_1_5,5,19,0xBC689951,42.600002,Drop,e_lang,1,89
B_real_s5_nosiege,level_1_5,5,19,0xBC689951,43.333336,Drop,e_lang,1,90
B_real_s5_nosiege,level_1_5,5,19,0xBC689951,44.800002,Drop,e_liu,1,91
B_real_s5_nosiege,level_1_5,5,19,0xBC689951,45.466669,Drop,zu,1,92
B_real_s5_nosiege,level_1_5,5,19,0xBC689951,45.666669,Drop,zu,1,93
B_real_s5_nosiege,level_1_5,5,19,0xBC689951,46.966669,Drop,zu,1,94
B_real_s5_nosiege,level_1_5,5,19,0xBC689951,47.333336,Drop,zu,1,95
B_real_s5_nosiege,level_1_5,5,19,0xBC689951,47.800002,Drop,e_liu,1,96
B_real_s5_nosiege,level_1_5,5,19,0xBC689951,49.466669,Drop,e_liu,1,97
B_real_s5_nosiege,level_1_5,5,19,0xBC689951,128.266673,End,,0,97
B_real_s5_nosiege,level_1_5,5,20,0x471F30F0,0,Start,,0,45
B_real_s5_nosiege,level_1_5,5,20,0x471F30F0,3.9,Drop,zu,1,46
B_real_s5_nosiege,level_1_5,5,20,0x471F30F0,4.633334,Drop,zu,1,47
B_real_s5_nosiege,level_1_5,5,20,0x471F30F0,4.9,Drop,zu,1,48
B_real_s5_nosiege,level_1_5,5,20,0x471F30F0,5.633334,Drop,zu,1,49
B_real_s5_nosiege,level_1_5,5,20,0x471F30F0,8.133334,Drop,e_liu,1,50
B_real_s5_nosiege,level_1_5,5,20,0x471F30F0,8.266667,Drop,e_liu,1,51
B_real_s5_nosiege,level_1_5,5,20,0x471F30F0,8.733334,Drop,zu,1,52
B_real_s5_nosiege,level_1_5,5,20,0x471F30F0,13.400001,Drop,e_liu,1,53
B_real_s5_nosiege,level_1_5,5,20,0x471F30F0,14.000001,Drop,zu,1,54
B_real_s5_nosiege,level_1_5,5,20,0x471F30F0,14.133334,Drop,zu,1,55
B_real_s5_nosiege,level_1_5,5,20,0x471F30F0,14.866667,Drop,zu,1,56
B_real_s5_nosiege,level_1_5,5,20,0x471F30F0,15.000001,Drop,zu,1,57
B_real_s5_nosiege,level_1_5,5,20,0x471F30F0,15.600001,Drop,zu,1,58
B_real_s5_nosiege,level_1_5,5,20,0x471F30F0,16.000001,Drop,zu,1,59
B_real_s5_nosiege,level_1_5,5,20,0x471F30F0,16.433334,Drop,zu,1,60
B_real_s5_nosiege,level_1_5,5,20,0x471F30F0,17.000001,Drop,zu,1,61
B_real_s5_nosiege,level_1_5,5,20,0x471F30F0,17.266668,Drop,zu,1,62
B_real_s5_nosiege,level_1_5,5,20,0x471F30F0,18.000001,Drop,zu,1,63
B_real_s5_nosiege,level_1_5,5,20,0x471F30F0,27.533335,Drop,e_lang,1,64
B_real_s5_nosiege,level_1_5,5,20,0x471F30F0,32.533335,Drop,e_shan,1,65
B_real_s5_nosiege,level_1_5,5,20,0x471F30F0,36.433335,Drop,e_shan,1,66
B_real_s5_nosiege,level_1_5,5,20,0x471F30F0,38.433335,Drop,zu,1,67
B_real_s5_nosiege,level_1_5,5,20,0x471F30F0,38.733335,Drop,e_lang,1,68
B_real_s5_nosiege,level_1_5,5,20,0x471F30F0,43.133336,Drop,e_shan,1,69
B_real_s5_nosiege,level_1_5,5,20,0x471F30F0,160.000008,End,,0,69
B_real_s5_nosiege,level_1_5,5,21,0x812D6E70,0,Start,,0,45
B_real_s5_nosiege,level_1_5,5,21,0x812D6E70,3.933334,Drop,zu,1,46
B_real_s5_nosiege,level_1_5,5,21,0x812D6E70,4.266667,Drop,zu,1,47
B_real_s5_nosiege,level_1_5,5,21,0x812D6E70,4.9,Drop,zu,1,48
B_real_s5_nosiege,level_1_5,5,21,0x812D6E70,5.9,Drop,zu,1,49
B_real_s5_nosiege,level_1_5,5,21,0x812D6E70,7.266667,Drop,e_liu,1,50
B_real_s5_nosiege,level_1_5,5,21,0x812D6E70,8.266667,Drop,e_liu,1,51
B_real_s5_nosiege,level_1_5,5,21,0x812D6E70,9.333334,Drop,zu,1,52
B_real_s5_nosiege,level_1_5,5,21,0x812D6E70,9.700001,Drop,zu,1,53
B_real_s5_nosiege,level_1_5,5,21,0x812D6E70,13.300001,Drop,e_liu,1,54
B_real_s5_nosiege,level_1_5,5,21,0x812D6E70,13.800001,Drop,zu,1,55
B_real_s5_nosiege,level_1_5,5,21,0x812D6E70,14.000001,Drop,zu,1,56
B_real_s5_nosiege,level_1_5,5,21,0x812D6E70,14.333334,Drop,zu,1,57
B_real_s5_nosiege,level_1_5,5,21,0x812D6E70,15.300001,Drop,zu,1,58
B_real_s5_nosiege,level_1_5,5,21,0x812D6E70,16.000001,Drop,zu,1,59
B_real_s5_nosiege,level_1_5,5,21,0x812D6E70,17.000001,Drop,zu,1,60
B_real_s5_nosiege,level_1_5,5,21,0x812D6E70,17.300001,Drop,zu,1,61
B_real_s5_nosiege,level_1_5,5,21,0x812D6E70,18.066668,Drop,zu,1,62
B_real_s5_nosiege,level_1_5,5,21,0x812D6E70,18.200001,Drop,zu,1,63
B_real_s5_nosiege,level_1_5,5,21,0x812D6E70,18.800001,Drop,zu,1,64
B_real_s5_nosiege,level_1_5,5,21,0x812D6E70,19.300001,Drop,zu,1,65
B_real_s5_nosiege,level_1_5,5,21,0x812D6E70,23.000001,Drop,e_shan,1,66
B_real_s5_nosiege,level_1_5,5,21,0x812D6E70,23.400001,Drop,e_lang,1,67
B_real_s5_nosiege,level_1_5,5,21,0x812D6E70,23.466668,Drop,e_lang,1,68
B_real_s5_nosiege,level_1_5,5,21,0x812D6E70,23.733335,Drop,e_lang,1,69
B_real_s5_nosiege,level_1_5,5,21,0x812D6E70,24.200001,Drop,e_lang,1,70
B_real_s5_nosiege,level_1_5,5,21,0x812D6E70,25.933335,Drop,e_shan,1,71
B_real_s5_nosiege,level_1_5,5,21,0x812D6E70,26.000001,Drop,e_lang,1,72
B_real_s5_nosiege,level_1_5,5,21,0x812D6E70,27.300001,Drop,e_lang,1,73
B_real_s5_nosiege,level_1_5,5,21,0x812D6E70,31.800002,Drop,e_shan,1,74
B_real_s5_nosiege,level_1_5,5,21,0x812D6E70,35.466669,Drop,e_shan,1,75
B_real_s5_nosiege,level_1_5,5,21,0x812D6E70,35.866669,Drop,e_shan,1,76
B_real_s5_nosiege,level_1_5,5,21,0x812D6E70,36.200002,Drop,e_lang,1,77
B_real_s5_nosiege,level_1_5,5,21,0x812D6E70,36.933335,Drop,e_lang,1,78
B_real_s5_nosiege,level_1_5,5,21,0x812D6E70,36.966669,Drop,zu,1,79
B_real_s5_nosiege,level_1_5,5,21,0x812D6E70,37.533335,Drop,zu,1,80
B_real_s5_nosiege,level_1_5,5,21,0x812D6E70,37.700002,Drop,zu,1,81
B_real_s5_nosiege,level_1_5,5,21,0x812D6E70,39.166669,Drop,e_shan,1,82
B_real_s5_nosiege,level_1_5,5,21,0x812D6E70,39.900002,Drop,e_shan,1,83
B_real_s5_nosiege,level_1_5,5,21,0x812D6E70,40.066669,Drop,zu,1,84
B_real_s5_nosiege,level_1_5,5,21,0x812D6E70,40.633335,Drop,e_lang,1,85
B_real_s5_nosiege,level_1_5,5,21,0x812D6E70,42.266669,Drop,e_liu,1,86
B_real_s5_nosiege,level_1_5,5,21,0x812D6E70,42.466669,Drop,e_lang,1,87
B_real_s5_nosiege,level_1_5,5,21,0x812D6E70,42.533336,Drop,e_liu,1,88
B_real_s5_nosiege,level_1_5,5,21,0x812D6E70,46.266669,Drop,zu,1,89
B_real_s5_nosiege,level_1_5,5,21,0x812D6E70,114.700006,End,,0,89
B_real_s5_nosiege,level_1_5,5,22,0xB08C7821,0,Start,,0,45
B_real_s5_nosiege,level_1_5,5,22,0xB08C7821,3.933334,Drop,zu,1,46
B_real_s5_nosiege,level_1_5,5,22,0xB08C7821,4.533334,Drop,zu,1,47
B_real_s5_nosiege,level_1_5,5,22,0xB08C7821,4.833334,Drop,zu,1,48
B_real_s5_nosiege,level_1_5,5,22,0xB08C7821,6.533334,Drop,e_liu,1,49
B_real_s5_nosiege,level_1_5,5,22,0xB08C7821,6.6,Drop,zu,1,50
B_real_s5_nosiege,level_1_5,5,22,0xB08C7821,7.6,Drop,e_liu,1,51
B_real_s5_nosiege,level_1_5,5,22,0xB08C7821,8.6,Drop,zu,1,52
B_real_s5_nosiege,level_1_5,5,22,0xB08C7821,9.066667,Drop,e_liu,1,53
B_real_s5_nosiege,level_1_5,5,22,0xB08C7821,9.133334,Drop,zu,1,54
B_real_s5_nosiege,level_1_5,5,22,0xB08C7821,9.533334,Drop,zu,1,55
B_real_s5_nosiege,level_1_5,5,22,0xB08C7821,9.900001,Drop,zu,1,56
B_real_s5_nosiege,level_1_5,5,22,0xB08C7821,10.066667,Drop,zu,1,57
B_real_s5_nosiege,level_1_5,5,22,0xB08C7821,12.900001,Drop,zu,1,58
B_real_s5_nosiege,level_1_5,5,22,0xB08C7821,14.100001,Drop,zu,1,59
B_real_s5_nosiege,level_1_5,5,22,0xB08C7821,15.300001,Drop,zu,1,60
B_real_s5_nosiege,level_1_5,5,22,0xB08C7821,16.500001,Drop,zu,1,61
B_real_s5_nosiege,level_1_5,5,22,0xB08C7821,17.700001,Drop,zu,1,62
B_real_s5_nosiege,level_1_5,5,22,0xB08C7821,18.966668,Drop,e_liu,1,63
B_real_s5_nosiege,level_1_5,5,22,0xB08C7821,19.333334,Drop,zu,1,64
B_real_s5_nosiege,level_1_5,5,22,0xB08C7821,20.300001,Drop,zu,1,65
B_real_s5_nosiege,level_1_5,5,22,0xB08C7821,20.700001,Drop,zu,1,66
B_real_s5_nosiege,level_1_5,5,22,0xB08C7821,23.433335,Drop,e_shan,1,67
B_real_s5_nosiege,level_1_5,5,22,0xB08C7821,24.333335,Drop,e_lang,1,68
B_real_s5_nosiege,level_1_5,5,22,0xB08C7821,25.100001,Drop,zu,1,69
B_real_s5_nosiege,level_1_5,5,22,0xB08C7821,26.333335,Drop,e_shan,1,70
B_real_s5_nosiege,level_1_5,5,22,0xB08C7821,26.633335,Drop,e_lang,1,71
B_real_s5_nosiege,level_1_5,5,22,0xB08C7821,26.766668,Drop,zu,1,72
B_real_s5_nosiege,level_1_5,5,22,0xB08C7821,26.966668,Drop,e_lang,1,73
B_real_s5_nosiege,level_1_5,5,22,0xB08C7821,27.366668,Drop,e_lang,1,74
B_real_s5_nosiege,level_1_5,5,22,0xB08C7821,28.300001,Drop,e_shan,1,75
B_real_s5_nosiege,level_1_5,5,22,0xB08C7821,28.333335,Drop,e_lang,1,76
B_real_s5_nosiege,level_1_5,5,22,0xB08C7821,28.700001,Drop,e_lang,1,77
B_real_s5_nosiege,level_1_5,5,22,0xB08C7821,32.033335,Drop,e_shan,1,78
B_real_s5_nosiege,level_1_5,5,22,0xB08C7821,33.966668,Drop,e_liu,1,79
B_real_s5_nosiege,level_1_5,5,22,0xB08C7821,35.366669,Drop,e_shan,1,80
B_real_s5_nosiege,level_1_5,5,22,0xB08C7821,35.866669,Drop,e_lang,1,81
B_real_s5_nosiege,level_1_5,5,22,0xB08C7821,36.066669,Drop,e_lang,1,82
B_real_s5_nosiege,level_1_5,5,22,0xB08C7821,36.966669,Drop,zu,1,83
B_real_s5_nosiege,level_1_5,5,22,0xB08C7821,37.033335,Drop,zu,1,84
B_real_s5_nosiege,level_1_5,5,22,0xB08C7821,37.300002,Drop,e_lang,1,85
B_real_s5_nosiege,level_1_5,5,22,0xB08C7821,37.533335,Drop,e_lang,1,86
B_real_s5_nosiege,level_1_5,5,22,0xB08C7821,38.033335,Drop,e_lang,1,87
B_real_s5_nosiege,level_1_5,5,22,0xB08C7821,38.700002,Drop,e_liu,1,88
B_real_s5_nosiege,level_1_5,5,22,0xB08C7821,41.300002,Drop,e_shan,1,89
B_real_s5_nosiege,level_1_5,5,22,0xB08C7821,43.300002,Drop,e_liu,1,90
B_real_s5_nosiege,level_1_5,5,22,0xB08C7821,45.866669,Drop,zu,1,91
B_real_s5_nosiege,level_1_5,5,22,0xB08C7821,47.066669,Drop,e_liu,1,92
B_real_s5_nosiege,level_1_5,5,22,0xB08C7821,51.300003,Drop,e_liu,1,93
B_real_s5_nosiege,level_1_5,5,22,0xB08C7821,53.066669,Drop,zu,1,94
B_real_s5_nosiege,level_1_5,5,22,0xB08C7821,160.000008,End,,0,94
B_real_s5_nosiege,level_1_5,5,23,0xCE80BB45,0,Start,,0,45
B_real_s5_nosiege,level_1_5,5,23,0xCE80BB45,3.933334,Drop,zu,1,46
B_real_s5_nosiege,level_1_5,5,23,0xCE80BB45,4.266667,Drop,zu,1,47
B_real_s5_nosiege,level_1_5,5,23,0xCE80BB45,4.933334,Drop,zu,1,48
B_real_s5_nosiege,level_1_5,5,23,0xCE80BB45,5.233334,Drop,zu,1,49
B_real_s5_nosiege,level_1_5,5,23,0xCE80BB45,7.666667,Drop,e_liu,1,50
B_real_s5_nosiege,level_1_5,5,23,0xCE80BB45,8.233334,Drop,e_liu,1,51
B_real_s5_nosiege,level_1_5,5,23,0xCE80BB45,8.7,Drop,zu,1,52
B_real_s5_nosiege,level_1_5,5,23,0xCE80BB45,9.166667,Drop,zu,1,53
B_real_s5_nosiege,level_1_5,5,23,0xCE80BB45,9.366667,Drop,zu,1,54
B_real_s5_nosiege,level_1_5,5,23,0xCE80BB45,9.433334,Drop,zu,1,55
B_real_s5_nosiege,level_1_5,5,23,0xCE80BB45,9.866667,Drop,e_liu,1,56
B_real_s5_nosiege,level_1_5,5,23,0xCE80BB45,9.866667,Drop,zu,1,57
B_real_s5_nosiege,level_1_5,5,23,0xCE80BB45,9.933334,Drop,zu,1,58
B_real_s5_nosiege,level_1_5,5,23,0xCE80BB45,10.066667,Drop,zu,1,59
B_real_s5_nosiege,level_1_5,5,23,0xCE80BB45,10.433334,Drop,zu,1,60
B_real_s5_nosiege,level_1_5,5,23,0xCE80BB45,13.300001,Drop,e_liu,1,61
B_real_s5_nosiege,level_1_5,5,23,0xCE80BB45,14.266667,Drop,e_liu,1,62
B_real_s5_nosiege,level_1_5,5,23,0xCE80BB45,15.133334,Drop,zu,1,63
B_real_s5_nosiege,level_1_5,5,23,0xCE80BB45,15.300001,Drop,zu,1,64
B_real_s5_nosiege,level_1_5,5,23,0xCE80BB45,15.466667,Drop,zu,1,65
B_real_s5_nosiege,level_1_5,5,23,0xCE80BB45,16.666668,Drop,zu,1,66
B_real_s5_nosiege,level_1_5,5,23,0xCE80BB45,17.866668,Drop,zu,1,67
B_real_s5_nosiege,level_1_5,5,23,0xCE80BB45,18.300001,Drop,zu,1,68
B_real_s5_nosiege,level_1_5,5,23,0xCE80BB45,20.533334,Drop,e_lang,1,69
B_real_s5_nosiege,level_1_5,5,23,0xCE80BB45,21.533334,Drop,e_lang,1,70
B_real_s5_nosiege,level_1_5,5,23,0xCE80BB45,22.200001,Drop,e_lang,1,71
B_real_s5_nosiege,level_1_5,5,23,0xCE80BB45,23.166668,Drop,e_lang,1,72
B_real_s5_nosiege,level_1_5,5,23,0xCE80BB45,23.866668,Drop,e_lang,1,73
B_real_s5_nosiege,level_1_5,5,23,0xCE80BB45,24.066668,Drop,e_lang,1,74
B_real_s5_nosiege,level_1_5,5,23,0xCE80BB45,25.000001,Drop,e_lang,1,75
B_real_s5_nosiege,level_1_5,5,23,0xCE80BB45,27.100001,Drop,e_lang,1,76
B_real_s5_nosiege,level_1_5,5,23,0xCE80BB45,28.266668,Drop,e_shan,1,77
B_real_s5_nosiege,level_1_5,5,23,0xCE80BB45,28.666668,Drop,e_lang,1,78
B_real_s5_nosiege,level_1_5,5,23,0xCE80BB45,29.400002,Drop,e_lang,1,79
B_real_s5_nosiege,level_1_5,5,23,0xCE80BB45,29.733335,Drop,e_lang,1,80
B_real_s5_nosiege,level_1_5,5,23,0xCE80BB45,30.033335,Drop,e_shan,1,81
B_real_s5_nosiege,level_1_5,5,23,0xCE80BB45,32.333335,Drop,e_shan,1,82
B_real_s5_nosiege,level_1_5,5,23,0xCE80BB45,32.733335,Drop,e_lang,1,83
B_real_s5_nosiege,level_1_5,5,23,0xCE80BB45,35.400002,Drop,zu,1,84
B_real_s5_nosiege,level_1_5,5,23,0xCE80BB45,35.900002,Drop,e_shan,1,85
B_real_s5_nosiege,level_1_5,5,23,0xCE80BB45,36.333335,Drop,e_shan,1,86
B_real_s5_nosiege,level_1_5,5,23,0xCE80BB45,36.400002,Drop,zu,1,87
B_real_s5_nosiege,level_1_5,5,23,0xCE80BB45,37.066669,Drop,zu,1,88
B_real_s5_nosiege,level_1_5,5,23,0xCE80BB45,37.333335,Drop,zu,1,89
B_real_s5_nosiege,level_1_5,5,23,0xCE80BB45,39.566669,Drop,e_shan,1,90
B_real_s5_nosiege,level_1_5,5,23,0xCE80BB45,40.300002,Drop,zu,1,91
B_real_s5_nosiege,level_1_5,5,23,0xCE80BB45,40.333335,Drop,e_liu,1,92
B_real_s5_nosiege,level_1_5,5,23,0xCE80BB45,41.033335,Drop,zu,1,93
B_real_s5_nosiege,level_1_5,5,23,0xCE80BB45,41.400002,Drop,e_shan,1,94
B_real_s5_nosiege,level_1_5,5,23,0xCE80BB45,41.766669,Drop,zu,1,95
B_real_s5_nosiege,level_1_5,5,23,0xCE80BB45,42.500002,Drop,zu,1,96
B_real_s5_nosiege,level_1_5,5,23,0xCE80BB45,43.400002,Drop,e_liu,1,97
B_real_s5_nosiege,level_1_5,5,23,0xCE80BB45,44.700002,Drop,e_liu,1,98
B_real_s5_nosiege,level_1_5,5,23,0xCE80BB45,45.433336,Drop,zu,1,99
B_real_s5_nosiege,level_1_5,5,23,0xCE80BB45,48.800003,Drop,e_liu,1,100
B_real_s5_nosiege,level_1_5,5,23,0xCE80BB45,160.000008,End,,0,100
B_real_s5_nosiege,level_1_5,5,24,0xE4E68191,0,Start,,0,45
B_real_s5_nosiege,level_1_5,5,24,0xE4E68191,3.9,Drop,zu,1,46
B_real_s5_nosiege,level_1_5,5,24,0xE4E68191,4.466667,Drop,zu,1,47
B_real_s5_nosiege,level_1_5,5,24,0xE4E68191,4.766667,Drop,zu,1,48
B_real_s5_nosiege,level_1_5,5,24,0xE4E68191,5.566667,Drop,zu,1,49
B_real_s5_nosiege,level_1_5,5,24,0xE4E68191,7,Drop,e_liu,1,50
B_real_s5_nosiege,level_1_5,5,24,0xE4E68191,8.466667,Drop,e_liu,1,51
B_real_s5_nosiege,level_1_5,5,24,0xE4E68191,12.500001,Drop,e_liu,1,52
B_real_s5_nosiege,level_1_5,5,24,0xE4E68191,12.833334,Drop,zu,1,53
B_real_s5_nosiege,level_1_5,5,24,0xE4E68191,13.666667,Drop,zu,1,54
B_real_s5_nosiege,level_1_5,5,24,0xE4E68191,13.866667,Drop,zu,1,55
B_real_s5_nosiege,level_1_5,5,24,0xE4E68191,14.500001,Drop,zu,1,56
B_real_s5_nosiege,level_1_5,5,24,0xE4E68191,14.833334,Drop,zu,1,57
B_real_s5_nosiege,level_1_5,5,24,0xE4E68191,15.300001,Drop,zu,1,58
B_real_s5_nosiege,level_1_5,5,24,0xE4E68191,15.666667,Drop,zu,1,59
B_real_s5_nosiege,level_1_5,5,24,0xE4E68191,16.500001,Drop,zu,1,60
B_real_s5_nosiege,level_1_5,5,24,0xE4E68191,16.900001,Drop,zu,1,61
B_real_s5_nosiege,level_1_5,5,24,0xE4E68191,17.266668,Drop,zu,1,62
B_real_s5_nosiege,level_1_5,5,24,0xE4E68191,17.666668,Drop,zu,1,63
B_real_s5_nosiege,level_1_5,5,24,0xE4E68191,21.333334,Drop,e_lang,1,64
B_real_s5_nosiege,level_1_5,5,24,0xE4E68191,24.066668,Drop,e_lang,1,65
B_real_s5_nosiege,level_1_5,5,24,0xE4E68191,24.733335,Drop,e_shan,1,66
B_real_s5_nosiege,level_1_5,5,24,0xE4E68191,25.000001,Drop,e_shan,1,67
B_real_s5_nosiege,level_1_5,5,24,0xE4E68191,25.166668,Drop,e_shan,1,68
B_real_s5_nosiege,level_1_5,5,24,0xE4E68191,26.000001,Drop,e_lang,1,69
B_real_s5_nosiege,level_1_5,5,24,0xE4E68191,26.733335,Drop,e_lang,1,70
B_real_s5_nosiege,level_1_5,5,24,0xE4E68191,27.666668,Drop,e_lang,1,71
B_real_s5_nosiege,level_1_5,5,24,0xE4E68191,27.966668,Drop,e_lang,1,72
B_real_s5_nosiege,level_1_5,5,24,0xE4E68191,29.166668,Drop,e_lang,1,73
B_real_s5_nosiege,level_1_5,5,24,0xE4E68191,29.900002,Drop,e_lang,1,74
B_real_s5_nosiege,level_1_5,5,24,0xE4E68191,34.333335,Drop,e_shan,1,75
B_real_s5_nosiege,level_1_5,5,24,0xE4E68191,34.700002,Drop,e_lang,1,76
B_real_s5_nosiege,level_1_5,5,24,0xE4E68191,34.733335,Drop,e_shan,1,77
B_real_s5_nosiege,level_1_5,5,24,0xE4E68191,36.733335,Drop,zu,1,78
B_real_s5_nosiege,level_1_5,5,24,0xE4E68191,37.233335,Drop,e_lang,1,79
B_real_s5_nosiege,level_1_5,5,24,0xE4E68191,37.666669,Drop,zu,1,80
B_real_s5_nosiege,level_1_5,5,24,0xE4E68191,41.000002,Drop,e_shan,1,81
B_real_s5_nosiege,level_1_5,5,24,0xE4E68191,44.733336,Drop,e_liu,1,82
B_real_s5_nosiege,level_1_5,5,24,0xE4E68191,50.433336,Drop,e_shan,1,83
B_real_s5_nosiege,level_1_5,5,24,0xE4E68191,52.433336,Drop,zu,1,84
B_real_s5_nosiege,level_1_5,5,24,0xE4E68191,160.000008,End,,0,84
B_real_s5_nosiege,level_1_5,5,25,0xAE43C49B,0,Start,,0,45
B_real_s5_nosiege,level_1_5,5,25,0xAE43C49B,3.9,Drop,zu,1,46
B_real_s5_nosiege,level_1_5,5,25,0xAE43C49B,4.633334,Drop,zu,1,47
B_real_s5_nosiege,level_1_5,5,25,0xAE43C49B,4.9,Drop,zu,1,48
B_real_s5_nosiege,level_1_5,5,25,0xAE43C49B,5.9,Drop,zu,1,49
B_real_s5_nosiege,level_1_5,5,25,0xAE43C49B,7.066667,Drop,e_liu,1,50
B_real_s5_nosiege,level_1_5,5,25,0xAE43C49B,8.266667,Drop,e_liu,1,51
B_real_s5_nosiege,level_1_5,5,25,0xAE43C49B,8.533334,Drop,zu,1,52
B_real_s5_nosiege,level_1_5,5,25,0xAE43C49B,8.866667,Drop,zu,1,53
B_real_s5_nosiege,level_1_5,5,25,0xAE43C49B,12.433334,Drop,e_liu,1,54
B_real_s5_nosiege,level_1_5,5,25,0xAE43C49B,12.700001,Drop,zu,1,55
B_real_s5_nosiege,level_1_5,5,25,0xAE43C49B,12.800001,Drop,zu,1,56
B_real_s5_nosiege,level_1_5,5,25,0xAE43C49B,13.700001,Drop,zu,1,57
B_real_s5_nosiege,level_1_5,5,25,0xAE43C49B,14.433334,Drop,zu,1,58
B_real_s5_nosiege,level_1_5,5,25,0xAE43C49B,14.800001,Drop,zu,1,59
B_real_s5_nosiege,level_1_5,5,25,0xAE43C49B,15.400001,Drop,zu,1,60
B_real_s5_nosiege,level_1_5,5,25,0xAE43C49B,15.700001,Drop,zu,1,61
B_real_s5_nosiege,level_1_5,5,25,0xAE43C49B,16.433334,Drop,zu,1,62
B_real_s5_nosiege,level_1_5,5,25,0xAE43C49B,16.866668,Drop,zu,1,63
B_real_s5_nosiege,level_1_5,5,25,0xAE43C49B,17.233334,Drop,zu,1,64
B_real_s5_nosiege,level_1_5,5,25,0xAE43C49B,17.700001,Drop,zu,1,65
B_real_s5_nosiege,level_1_5,5,25,0xAE43C49B,20.433334,Drop,e_shan,1,66
B_real_s5_nosiege,level_1_5,5,25,0xAE43C49B,22.066668,Drop,e_lang,1,67
B_real_s5_nosiege,level_1_5,5,25,0xAE43C49B,22.333334,Drop,e_lang,1,68
B_real_s5_nosiege,level_1_5,5,25,0xAE43C49B,23.066668,Drop,e_shan,1,69
B_real_s5_nosiege,level_1_5,5,25,0xAE43C49B,23.666668,Drop,e_lang,1,70
B_real_s5_nosiege,level_1_5,5,25,0xAE43C49B,23.700001,Drop,e_lang,1,71
B_real_s5_nosiege,level_1_5,5,25,0xAE43C49B,24.166668,Drop,e_lang,1,72
B_real_s5_nosiege,level_1_5,5,25,0xAE43C49B,25.700001,Drop,e_shan,1,73
B_real_s5_nosiege,level_1_5,5,25,0xAE43C49B,26.133335,Drop,e_lang,1,74
B_real_s5_nosiege,level_1_5,5,25,0xAE43C49B,26.466668,Drop,e_lang,1,75
B_real_s5_nosiege,level_1_5,5,25,0xAE43C49B,28.500001,Drop,e_lang,1,76
B_real_s5_nosiege,level_1_5,5,25,0xAE43C49B,28.833335,Drop,e_lang,1,77
B_real_s5_nosiege,level_1_5,5,25,0xAE43C49B,29.233335,Drop,e_lang,1,78
B_real_s5_nosiege,level_1_5,5,25,0xAE43C49B,29.433335,Drop,e_shan,1,79
B_real_s5_nosiege,level_1_5,5,25,0xAE43C49B,30.700002,Drop,e_shan,1,80
B_real_s5_nosiege,level_1_5,5,25,0xAE43C49B,39.466669,Drop,e_shan,1,81
B_real_s5_nosiege,level_1_5,5,25,0xAE43C49B,40.400002,Drop,e_shan,1,82
B_real_s5_nosiege,level_1_5,5,25,0xAE43C49B,40.666669,Drop,e_lang,1,83
B_real_s5_nosiege,level_1_5,5,25,0xAE43C49B,40.933335,Drop,e_lang,1,84
B_real_s5_nosiege,level_1_5,5,25,0xAE43C49B,41.700002,Drop,zu,1,85
B_real_s5_nosiege,level_1_5,5,25,0xAE43C49B,42.066669,Drop,zu,1,86
B_real_s5_nosiege,level_1_5,5,25,0xAE43C49B,43.733336,Drop,e_liu,1,87
B_real_s5_nosiege,level_1_5,5,25,0xAE43C49B,44.033336,Drop,zu,1,88
B_real_s5_nosiege,level_1_5,5,25,0xAE43C49B,116.700006,End,,0,88
