lineup_id,level_id,stage_index,game_index,seed_hex,time_s,event,source_unit_id,delta,total_coins
A_siege_nub,level_1_1,1,1,0x4596C624,0,Start,,0,45
A_siege_nub,level_1_1,1,1,0x4596C624,2.6,Drop,zu,1,46
A_siege_nub,level_1_1,1,1,0x4596C624,7.033334,Drop,zu,1,47
A_siege_nub,level_1_1,1,1,0x4596C624,11.833334,Drop,zu,1,48
A_siege_nub,level_1_1,1,1,0x4596C624,17.533334,Drop,e_liu,1,49
A_siege_nub,level_1_1,1,1,0x4596C624,21.466668,Drop,zu,1,50
A_siege_nub,level_1_1,1,1,0x4596C624,27.466668,Drop,e_liu,1,51
A_siege_nub,level_1_1,1,1,0x4596C624,30.800002,Drop,zu,1,52
A_siege_nub,level_1_1,1,1,0x4596C624,36.800002,Drop,e_liu,1,53
A_siege_nub,level_1_1,1,1,0x4596C624,40.533335,Drop,zu,1,54
A_siege_nub,level_1_1,1,1,0x4596C624,46.800002,Drop,zqi,1,55
A_siege_nub,level_1_1,1,1,0x4596C624,50.866669,Drop,e_liu,1,56
A_siege_nub,level_1_1,1,1,0x4596C624,55.26667,Drop,zu,1,57
A_siege_nub,level_1_1,1,1,0x4596C624,59.800003,Drop,zu,1,58
A_siege_nub,level_1_1,1,1,0x4596C624,64.800003,Drop,e_liu,1,59
A_siege_nub,level_1_1,1,1,0x4596C624,70.800004,Drop,zqi,1,60
A_siege_nub,level_1_1,1,1,0x4596C624,74.533337,Drop,zu,1,61
A_siege_nub,level_1_1,1,1,0x4596C624,80.800004,Drop,e_liu,1,62
A_siege_nub,level_1_1,1,1,0x4596C624,84.600004,Drop,zqi,1,63
A_siege_nub,level_1_1,1,1,0x4596C624,89.400005,Drop,e_lang,3,66
A_siege_nub,level_1_1,1,1,0x4596C624,105.400005,Drop,e_lang,3,69
A_siege_nub,level_1_1,1,1,0x4596C624,113.400006,Drop,bld_cheng,20,89
A_siege_nub,level_1_1,1,1,0x4596C624,113.400006,End,,0,89
A_siege_nub,level_1_1,1,2,0x3713192D,0,Start,,0,45
A_siege_nub,level_1_1,1,2,0x3713192D,2.633333,Drop,zu,1,46
A_siege_nub,level_1_1,1,2,0x3713192D,7.066667,Drop,zu,1,47
A_siege_nub,level_1_1,1,2,0x3713192D,11.866667,Drop,zu,1,48
A_siege_nub,level_1_1,1,2,0x3713192D,17.466668,Drop,e_liu,1,49
A_siege_nub,level_1_1,1,2,0x3713192D,21.433334,Drop,zu,1,50
A_siege_nub,level_1_1,1,2,0x3713192D,27.300001,Drop,e_liu,1,51
A_siege_nub,level_1_1,1,2,0x3713192D,31.166668,Drop,zu,1,52
A_siege_nub,level_1_1,1,2,0x3713192D,37.166669,Drop,e_liu,1,53
A_siege_nub,level_1_1,1,2,0x3713192D,40.500002,Drop,zu,1,54
A_siege_nub,level_1_1,1,2,0x3713192D,47.233336,Drop,zqi,1,55
A_siege_nub,level_1_1,1,2,0x3713192D,50.466669,Drop,e_liu,1,56
A_siege_nub,level_1_1,1,2,0x3713192D,55.233336,Drop,zu,1,57
A_siege_nub,level_1_1,1,2,0x3713192D,59.86667,Drop,zu,1,58
A_siege_nub,level_1_1,1,2,0x3713192D,66.233337,Drop,e_liu,1,59
A_siege_nub,level_1_1,1,2,0x3713192D,70.233337,Drop,zqi,1,60
A_siege_nub,level_1_1,1,2,0x3713192D,75.233337,Drop,zu,1,61
A_siege_nub,level_1_1,1,2,0x3713192D,79.233337,Drop,e_liu,1,62
A_siege_nub,level_1_1,1,2,0x3713192D,85.233338,Drop,zqi,1,63
A_siege_nub,level_1_1,1,2,0x3713192D,90.233338,Drop,e_lang,3,66
A_siege_nub,level_1_1,1,2,0x3713192D,106.400006,Drop,e_lang,3,69
A_siege_nub,level_1_1,1,2,0x3713192D,114.400006,Drop,bld_cheng,20,89
A_siege_nub,level_1_1,1,2,0x3713192D,114.400006,End,,0,89
A_siege_nub,level_1_1,1,3,0xD2E4F5F6,0,Start,,0,45
A_siege_nub,level_1_1,1,3,0xD2E4F5F6,2.6,Drop,zu,1,46
A_siege_nub,level_1_1,1,3,0xD2E4F5F6,7.033334,Drop,zu,1,47
A_siege_nub,level_1_1,1,3,0xD2E4F5F6,11.833334,Drop,zu,1,48
A_siege_nub,level_1_1,1,3,0xD2E4F5F6,17.633334,Drop,e_liu,1,49
A_siege_nub,level_1_1,1,3,0xD2E4F5F6,21.333334,Drop,zu,1,50
A_siege_nub,level_1_1,1,3,0xD2E4F5F6,27.400001,Drop,e_liu,1,51
A_siege_nub,level_1_1,1,3,0xD2E4F5F6,31.400002,Drop,zu,1,52
A_siege_nub,level_1_1,1,3,0xD2E4F5F6,36.466669,Drop,e_liu,1,53
A_siege_nub,level_1_1,1,3,0xD2E4F5F6,40.933335,Drop,zu,1,54
A_siege_nub,level_1_1,1,3,0xD2E4F5F6,46.466669,Drop,zqi,1,55
A_siege_nub,level_1_1,1,3,0xD2E4F5F6,51.466669,Drop,e_liu,1,56
A_siege_nub,level_1_1,1,3,0xD2E4F5F6,55.46667,Drop,zu,1,57
A_siege_nub,level_1_1,1,3,0xD2E4F5F6,60.433336,Drop,zu,1,58
A_siege_nub,level_1_1,1,3,0xD2E4F5F6,64.833337,Drop,e_liu,1,59
A_siege_nub,level_1_1,1,3,0xD2E4F5F6,74.433337,Drop,zqi,1,60
A_siege_nub,level_1_1,1,3,0xD2E4F5F6,74.900004,Drop,zu,1,61
A_siege_nub,level_1_1,1,3,0xD2E4F5F6,80.366671,Drop,e_liu,1,62
A_siege_nub,level_1_1,1,3,0xD2E4F5F6,94.066672,Drop,zqi,1,63
A_siege_nub,level_1_1,1,3,0xD2E4F5F6,159.800008,End,,0,63
A_siege_nub,level_1_1,1,4,0xC71868BB,0,Start,,0,45
A_siege_nub,level_1_1,1,4,0xC71868BB,2.633333,Drop,zu,1,46
A_siege_nub,level_1_1,1,4,0xC71868BB,7.066667,Drop,zu,1,47
A_siege_nub,level_1_1,1,4,0xC71868BB,11.866667,Drop,zu,1,48
A_siege_nub,level_1_1,1,4,0xC71868BB,17.533334,Drop,e_liu,1,49
A_siege_nub,level_1_1,1,4,0xC71868BB,21.233334,Drop,zu,1,50
A_siege_nub,level_1_1,1,4,0xC71868BB,27.033335,Drop,e_liu,1,51
A_siege_nub,level_1_1,1,4,0xC71868BB,31.100002,Drop,zu,1,52
A_siege_nub,level_1_1,1,4,0xC71868BB,36.900002,Drop,e_liu,1,53
A_siege_nub,level_1_1,1,4,0xC71868BB,40.600002,Drop,zu,1,54
A_siege_nub,level_1_1,1,4,0xC71868BB,46.400002,Drop,zqi,1,55
A_siege_nub,level_1_1,1,4,0xC71868BB,51.100003,Drop,e_liu,1,56
A_siege_nub,level_1_1,1,4,0xC71868BB,54.800003,Drop,zu,1,57
A_siege_nub,level_1_1,1,4,0xC71868BB,59.600003,Drop,zu,1,58
A_siege_nub,level_1_1,1,4,0xC71868BB,65.400003,Drop,e_liu,1,59
A_siege_nub,level_1_1,1,4,0xC71868BB,70.46667,Drop,zqi,1,60
A_siege_nub,level_1_1,1,4,0xC71868BB,74.166671,Drop,zu,1,61
A_siege_nub,level_1_1,1,4,0xC71868BB,79.966671,Drop,e_liu,1,62
A_siege_nub,level_1_1,1,4,0xC71868BB,84.666671,Drop,zqi,1,63
A_siege_nub,level_1_1,1,4,0xC71868BB,89.666671,Drop,e_lang,3,66
A_siege_nub,level_1_1,1,4,0xC71868BB,105.533339,Drop,e_lang,3,69
A_siege_nub,level_1_1,1,4,0xC71868BB,114.666673,Drop,bld_cheng,20,89
A_siege_nub,level_1_1,1,4,0xC71868BB,114.666673,End,,0,89
A_siege_nub,level_1_1,1,5,0x8BE2DA3C,0,Start,,0,45
A_siege_nub,level_1_1,1,5,0x8BE2DA3C,2.7,Drop,zu,1,46
A_siege_nub,level_1_1,1,5,0x8BE2DA3C,7.133334,Drop,zu,1,47
A_siege_nub,level_1_1,1,5,0x8BE2DA3C,11.933334,Drop,zu,1,48
A_siege_nub,level_1_1,1,5,0x8BE2DA3C,17.733334,Drop,e_liu,1,49
A_siege_nub,level_1_1,1,5,0x8BE2DA3C,21.433334,Drop,zu,1,50
A_siege_nub,level_1_1,1,5,0x8BE2DA3C,27.233335,Drop,e_liu,1,51
A_siege_nub,level_1_1,1,5,0x8BE2DA3C,30.933335,Drop,zu,1,52
A_siege_nub,level_1_1,1,5,0x8BE2DA3C,36.733335,Drop,e_liu,1,53
A_siege_nub,level_1_1,1,5,0x8BE2DA3C,40.533335,Drop,zu,1,54
A_siege_nub,level_1_1,1,5,0x8BE2DA3C,46.733336,Drop,zqi,1,55
A_siege_nub,level_1_1,1,5,0x8BE2DA3C,50.766669,Drop,e_liu,1,56
A_siege_nub,level_1_1,1,5,0x8BE2DA3C,55.500003,Drop,zu,1,57
A_siege_nub,level_1_1,1,5,0x8BE2DA3C,59.733336,Drop,zu,1,58
A_siege_nub,level_1_1,1,5,0x8BE2DA3C,65.033337,Drop,e_liu,1,59
A_siege_nub,level_1_1,1,5,0x8BE2DA3C,70.733337,Drop,zqi,1,60
A_siege_nub,level_1_1,1,5,0x8BE2DA3C,74.733337,Drop,zu,1,61
A_siege_nub,level_1_1,1,5,0x8BE2DA3C,79.733337,Drop,e_liu,1,62
A_siege_nub,level_1_1,1,5,0x8BE2DA3C,88.900005,Drop,zqi,1,63
A_siege_nub,level_1_1,1,5,0x8BE2DA3C,89.766671,Drop,e_lang,3,66
A_siege_nub,level_1_1,1,5,0x8BE2DA3C,171.166676,End,,0,66
A_siege_nub,level_1_1,1,6,0xC4037FAE,0,Start,,0,45
A_siege_nub,level_1_1,1,6,0xC4037FAE,2.6,Drop,zu,1,46
A_siege_nub,level_1_1,1,6,0xC4037FAE,7.033334,Drop,zu,1,47
A_siege_nub,level_1_1,1,6,0xC4037FAE,11.833334,Drop,zu,1,48
A_siege_nub,level_1_1,1,6,0xC4037FAE,17.633334,Drop,e_liu,1,49
A_siege_nub,level_1_1,1,6,0xC4037FAE,21.333334,Drop,zu,1,50
A_siege_nub,level_1_1,1,6,0xC4037FAE,27.133335,Drop,e_liu,1,51
A_siege_nub,level_1_1,1,6,0xC4037FAE,30.833335,Drop,zu,1,52
A_siege_nub,level_1_1,1,6,0xC4037FAE,36.833335,Drop,e_liu,1,53
A_siege_nub,level_1_1,1,6,0xC4037FAE,40.633335,Drop,zu,1,54
A_siege_nub,level_1_1,1,6,0xC4037FAE,46.633336,Drop,zqi,1,55
A_siege_nub,level_1_1,1,6,0xC4037FAE,51.633336,Drop,e_liu,1,56
A_siege_nub,level_1_1,1,6,0xC4037FAE,55.633336,Drop,zu,1,57
A_siege_nub,level_1_1,1,6,0xC4037FAE,60.400003,Drop,zu,1,58
A_siege_nub,level_1_1,1,6,0xC4037FAE,65.033337,Drop,e_liu,1,59
A_siege_nub,level_1_1,1,6,0xC4037FAE,70.633337,Drop,zqi,1,60
A_siege_nub,level_1_1,1,6,0xC4037FAE,74.566671,Drop,zu,1,61
A_siege_nub,level_1_1,1,6,0xC4037FAE,79.633337,Drop,e_liu,1,62
A_siege_nub,level_1_1,1,6,0xC4037FAE,85.633338,Drop,zqi,1,63
A_siege_nub,level_1_1,1,6,0xC4037FAE,90.633338,Drop,e_lang,3,66
A_siege_nub,level_1_1,1,6,0xC4037FAE,113.400006,Drop,bld_cheng,20,86
A_siege_nub,level_1_1,1,6,0xC4037FAE,113.400006,End,,0,86
A_siege_nub,level_1_1,1,7,0xD52BA0F5,0,Start,,0,45
A_siege_nub,level_1_1,1,7,0xD52BA0F5,2.633333,Drop,zu,1,46
A_siege_nub,level_1_1,1,7,0xD52BA0F5,7.066667,Drop,zu,1,47
A_siege_nub,level_1_1,1,7,0xD52BA0F5,11.866667,Drop,zu,1,48
A_siege_nub,level_1_1,1,7,0xD52BA0F5,17.500001,Drop,e_liu,1,49
A_siege_nub,level_1_1,1,7,0xD52BA0F5,21.433334,Drop,zu,1,50
A_siege_nub,level_1_1,1,7,0xD52BA0F5,27.433335,Drop,e_liu,1,51
A_siege_nub,level_1_1,1,7,0xD52BA0F5,31.433335,Drop,zu,1,52
A_siege_nub,level_1_1,1,7,0xD52BA0F5,36.900002,Drop,e_liu,1,53
A_siege_nub,level_1_1,1,7,0xD52BA0F5,40.500002,Drop,zu,1,54
A_siege_nub,level_1_1,1,7,0xD52BA0F5,46.900002,Drop,zqi,1,55
A_siege_nub,level_1_1,1,7,0xD52BA0F5,51.900003,Drop,e_liu,1,56
A_siege_nub,level_1_1,1,7,0xD52BA0F5,54.900003,Drop,zu,1,57
A_siege_nub,level_1_1,1,7,0xD52BA0F5,59.900003,Drop,zu,1,58
A_siege_nub,level_1_1,1,7,0xD52BA0F5,65.900003,Drop,e_liu,1,59
A_siege_nub,level_1_1,1,7,0xD52BA0F5,70.900004,Drop,zqi,1,60
A_siege_nub,level_1_1,1,7,0xD52BA0F5,74.900004,Drop,zu,1,61
A_siege_nub,level_1_1,1,7,0xD52BA0F5,80.300004,Drop,e_liu,1,62
A_siege_nub,level_1_1,1,7,0xD52BA0F5,84.900004,Drop,zqi,1,63
A_siege_nub,level_1_1,1,7,0xD52BA0F5,90.900005,Drop,e_lang,3,66
A_siege_nub,level_1_1,1,7,0xD52BA0F5,105.900006,Drop,e_lang,3,69
A_siege_nub,level_1_1,1,7,0xD52BA0F5,114.900006,Drop,bld_cheng,20,89
A_siege_nub,level_1_1,1,7,0xD52BA0F5,114.900006,End,,0,89
A_siege_nub,level_1_1,1,8,0x879F5D8F,0,Start,,0,45
A_siege_nub,level_1_1,1,8,0x879F5D8F,2.6,Drop,zu,1,46
A_siege_nub,level_1_1,1,8,0x879F5D8F,7.033334,Drop,zu,1,47
A_siege_nub,level_1_1,1,8,0x879F5D8F,12.400001,Drop,zu,1,48
A_siege_nub,level_1_1,1,8,0x879F5D8F,17.433334,Drop,e_liu,1,49
A_siege_nub,level_1_1,1,8,0x879F5D8F,21.400001,Drop,zu,1,50
A_siege_nub,level_1_1,1,8,0x879F5D8F,27.400001,Drop,e_liu,1,51
A_siege_nub,level_1_1,1,8,0x879F5D8F,31.400002,Drop,zu,1,52
A_siege_nub,level_1_1,1,8,0x879F5D8F,37.533335,Drop,e_liu,1,53
A_siege_nub,level_1_1,1,8,0x879F5D8F,40.533335,Drop,zu,1,54
A_siege_nub,level_1_1,1,8,0x879F5D8F,46.533336,Drop,zqi,1,55
A_siege_nub,level_1_1,1,8,0x879F5D8F,51.066669,Drop,e_liu,1,56
A_siege_nub,level_1_1,1,8,0x879F5D8F,55.200003,Drop,zu,1,57
A_siege_nub,level_1_1,1,8,0x879F5D8F,60.333336,Drop,zu,1,58
A_siege_nub,level_1_1,1,8,0x879F5D8F,65.533337,Drop,e_liu,1,59
A_siege_nub,level_1_1,1,8,0x879F5D8F,70.533337,Drop,zqi,1,60
A_siege_nub,level_1_1,1,8,0x879F5D8F,74.533337,Drop,zu,1,61
A_siege_nub,level_1_1,1,8,0x879F5D8F,80.533338,Drop,e_liu,1,62
A_siege_nub,level_1_1,1,8,0x879F5D8F,93.600005,Drop,e_lang,3,65
A_siege_nub,level_1_1,1,8,0x879F5D8F,341.833351,End,,0,65
A_siege_nub,level_1_1,1,9,0xE9FFF898,0,Start,,0,45
A_siege_nub,level_1_1,1,9,0xE9FFF898,2.666667,Drop,zu,1,46
A_siege_nub,level_1_1,1,9,0xE9FFF898,7.1,Drop,zu,1,47
A_siege_nub,level_1_1,1,9,0xE9FFF898,11.900001,Drop,zu,1,48
A_siege_nub,level_1_1,1,9,0xE9FFF898,17.500001,Drop,e_liu,1,49
A_siege_nub,level_1_1,1,9,0xE9FFF898,21.200001,Drop,zu,1,50
A_siege_nub,level_1_1,1,9,0xE9FFF898,27.000001,Drop,e_liu,1,51
A_siege_nub,level_1_1,1,9,0xE9FFF898,31.433335,Drop,zu,1,52
A_siege_nub,level_1_1,1,9,0xE9FFF898,37.000002,Drop,e_liu,1,53
A_siege_nub,level_1_1,1,9,0xE9FFF898,40.500002,Drop,zu,1,54
A_siege_nub,level_1_1,1,9,0xE9FFF898,47.000002,Drop,zqi,1,55
A_siege_nub,level_1_1,1,9,0xE9FFF898,51.000003,Drop,e_liu,1,56
A_siege_nub,level_1_1,1,9,0xE9FFF898,55.16667,Drop,zu,1,57
A_siege_nub,level_1_1,1,9,0xE9FFF898,60.000003,Drop,zu,1,58
A_siege_nub,level_1_1,1,9,0xE9FFF898,65.000003,Drop,e_liu,1,59
A_siege_nub,level_1_1,1,9,0xE9FFF898,71.000004,Drop,zqi,1,60
A_siege_nub,level_1_1,1,9,0xE9FFF898,74.966671,Drop,zu,1,61
A_siege_nub,level_1_1,1,9,0xE9FFF898,79.366671,Drop,e_liu,1,62
A_siege_nub,level_1_1,1,9,0xE9FFF898,88.133338,Drop,zqi,1,63
A_siege_nub,level_1_1,1,9,0xE9FFF898,91.400005,Drop,e_lang,3,66
A_siege_nub,level_1_1,1,9,0xE9FFF898,171.166676,End,,0,66
A_siege_nub,level_1_1,1,10,0xCB728E2E,0,Start,,0,45
A_siege_nub,level_1_1,1,10,0xCB728E2E,2.6,Drop,zu,1,46
A_siege_nub,level_1_1,1,10,0xCB728E2E,7.033334,Drop,zu,1,47
A_siege_nub,level_1_1,1,10,0xCB728E2E,11.833334,Drop,zu,1,48
A_siege_nub,level_1_1,1,10,0xCB728E2E,17.533334,Drop,e_liu,1,49
A_siege_nub,level_1_1,1,10,0xCB728E2E,21.466668,Drop,zu,1,50
A_siege_nub,level_1_1,1,10,0xCB728E2E,27.533335,Drop,e_liu,1,51
A_siege_nub,level_1_1,1,10,0xCB728E2E,31.533335,Drop,zu,1,52
A_siege_nub,level_1_1,1,10,0xCB728E2E,35.966669,Drop,e_liu,1,53
A_siege_nub,level_1_1,1,10,0xCB728E2E,40.566669,Drop,zu,1,54
A_siege_nub,level_1_1,1,10,0xCB728E2E,46.766669,Drop,zqi,1,55
A_siege_nub,level_1_1,1,10,0xCB728E2E,50.766669,Drop,e_liu,1,56
A_siege_nub,level_1_1,1,10,0xCB728E2E,55.76667,Drop,zu,1,57
A_siege_nub,level_1_1,1,10,0xCB728E2E,59.800003,Drop,zu,1,58
A_siege_nub,level_1_1,1,10,0xCB728E2E,65.76667,Drop,e_liu,1,59
A_siege_nub,level_1_1,1,10,0xCB728E2E,70.76667,Drop,zqi,1,60
A_siege_nub,level_1_1,1,10,0xCB728E2E,74.766671,Drop,zu,1,61
A_siege_nub,level_1_1,1,10,0xCB728E2E,79.766671,Drop,e_liu,1,62
A_siege_nub,level_1_1,1,10,0xCB728E2E,156.166675,End,,0,62
A_siege_nub,level_1_1,1,11,0xCC576DD5,0,Start,,0,45
A_siege_nub,level_1_1,1,11,0xCC576DD5,2.633333,Drop,zu,1,46
A_siege_nub,level_1_1,1,11,0xCC576DD5,7.066667,Drop,zu,1,47
A_siege_nub,level_1_1,1,11,0xCC576DD5,12.066667,Drop,zu,1,48
A_siege_nub,level_1_1,1,11,0xCC576DD5,17.500001,Drop,e_liu,1,49
A_siege_nub,level_1_1,1,11,0xCC576DD5,21.433334,Drop,zu,1,50
A_siege_nub,level_1_1,1,11,0xCC576DD5,27.433335,Drop,e_liu,1,51
A_siege_nub,level_1_1,1,11,0xCC576DD5,31.433335,Drop,zu,1,52
A_siege_nub,level_1_1,1,11,0xCC576DD5,36.700002,Drop,e_liu,1,53
A_siege_nub,level_1_1,1,11,0xCC576DD5,40.500002,Drop,zu,1,54
A_siege_nub,level_1_1,1,11,0xCC576DD5,46.700002,Drop,zqi,1,55
A_siege_nub,level_1_1,1,11,0xCC576DD5,51.700003,Drop,e_liu,1,56
A_siege_nub,level_1_1,1,11,0xCC576DD5,55.100003,Drop,zu,1,57
A_siege_nub,level_1_1,1,11,0xCC576DD5,60.700003,Drop,zu,1,58
A_siege_nub,level_1_1,1,11,0xCC576DD5,65.700003,Drop,e_liu,1,59
A_siege_nub,level_1_1,1,11,0xCC576DD5,74.466671,Drop,zqi,1,60
A_siege_nub,level_1_1,1,11,0xCC576DD5,75.200004,Drop,zu,1,61
A_siege_nub,level_1_1,1,11,0xCC576DD5,157.733342,End,,0,61
A_siege_nub,level_1_1,1,12,0x1C567943,0,Start,,0,45
A_siege_nub,level_1_1,1,12,0x1C567943,2.633333,Drop,zu,1,46
A_siege_nub,level_1_1,1,12,0x1C567943,7.066667,Drop,zu,1,47
A_siege_nub,level_1_1,1,12,0x1C567943,11.866667,Drop,zu,1,48
A_siege_nub,level_1_1,1,12,0x1C567943,17.500001,Drop,e_liu,1,49
A_siege_nub,level_1_1,1,12,0x1C567943,21.200001,Drop,zu,1,50
A_siege_nub,level_1_1,1,12,0x1C567943,27.000001,Drop,e_liu,1,51
A_siege_nub,level_1_1,1,12,0x1C567943,31.066668,Drop,zu,1,52
A_siege_nub,level_1_1,1,12,0x1C567943,36.866669,Drop,e_liu,1,53
A_siege_nub,level_1_1,1,12,0x1C567943,40.566669,Drop,zu,1,54
A_siege_nub,level_1_1,1,12,0x1C567943,46.366669,Drop,zqi,1,55
A_siege_nub,level_1_1,1,12,0x1C567943,51.366669,Drop,e_liu,1,56
A_siege_nub,level_1_1,1,12,0x1C567943,55.36667,Drop,zu,1,57
A_siege_nub,level_1_1,1,12,0x1C567943,60.36667,Drop,zu,1,58
A_siege_nub,level_1_1,1,12,0x1C567943,65.36667,Drop,e_liu,1,59
A_siege_nub,level_1_1,1,12,0x1C567943,71.36667,Drop,zqi,1,60
A_siege_nub,level_1_1,1,12,0x1C567943,74.366671,Drop,zu,1,61
A_siege_nub,level_1_1,1,12,0x1C567943,79.466671,Drop,e_liu,1,62
A_siege_nub,level_1_1,1,12,0x1C567943,88.133338,Drop,zqi,1,63
A_siege_nub,level_1_1,1,12,0x1C567943,89.500005,Drop,e_lang,3,66
A_siege_nub,level_1_1,1,12,0x1C567943,171.166676,End,,0,66
A_siege_nub,level_1_1,1,13,0xBCB06F7C,0,Start,,0,45
A_siege_nub,level_1_1,1,13,0xBCB06F7C,2.6,Drop,zu,1,46
A_siege_nub,level_1_1,1,13,0xBCB06F7C,7.033334,Drop,zu,1,47
A_siege_nub,level_1_1,1,13,0xBCB06F7C,12.400001,Drop,zu,1,48
A_siege_nub,level_1_1,1,13,0xBCB06F7C,17.433334,Drop,e_liu,1,49
A_siege_nub,level_1_1,1,13,0xBCB06F7C,21.400001,Drop,zu,1,50
A_siege_nub,level_1_1,1,13,0xBCB06F7C,27.400001,Drop,e_liu,1,51
A_siege_nub,level_1_1,1,13,0xBCB06F7C,31.400002,Drop,zu,1,52
A_siege_nub,level_1_1,1,13,0xBCB06F7C,37.400002,Drop,e_liu,1,53
A_siege_nub,level_1_1,1,13,0xBCB06F7C,41.400002,Drop,zu,1,54
A_siege_nub,level_1_1,1,13,0xBCB06F7C,47.400002,Drop,zqi,1,55
A_siege_nub,level_1_1,1,13,0xBCB06F7C,51.400003,Drop,e_liu,1,56
A_siege_nub,level_1_1,1,13,0xBCB06F7C,55.400003,Drop,zu,1,57
A_siege_nub,level_1_1,1,13,0xBCB06F7C,60.400003,Drop,zu,1,58
A_siege_nub,level_1_1,1,13,0xBCB06F7C,65.400003,Drop,e_liu,1,59
A_siege_nub,level_1_1,1,13,0xBCB06F7C,70.400004,Drop,zqi,1,60
A_siege_nub,level_1_1,1,13,0xBCB06F7C,74.400004,Drop,zu,1,61
A_siege_nub,level_1_1,1,13,0xBCB06F7C,80.400004,Drop,e_liu,1,62
A_siege_nub,level_1_1,1,13,0xBCB06F7C,85.400004,Drop,zqi,1,63
A_siege_nub,level_1_1,1,13,0xBCB06F7C,90.400005,Drop,e_lang,3,66
A_siege_nub,level_1_1,1,13,0xBCB06F7C,114.400006,Drop,bld_cheng,20,86
A_siege_nub,level_1_1,1,13,0xBCB06F7C,114.400006,End,,0,86
A_siege_nub,level_1_1,1,14,0x9AA94DB3,0,Start,,0,45
A_siege_nub,level_1_1,1,14,0x9AA94DB3,2.633333,Drop,zu,1,46
A_siege_nub,level_1_1,1,14,0x9AA94DB3,7.066667,Drop,zu,1,47
A_siege_nub,level_1_1,1,14,0x9AA94DB3,11.866667,Drop,zu,1,48
A_siege_nub,level_1_1,1,14,0x9AA94DB3,17.500001,Drop,e_liu,1,49
A_siege_nub,level_1_1,1,14,0x9AA94DB3,21.200001,Drop,zu,1,50
A_siege_nub,level_1_1,1,14,0x9AA94DB3,27.000001,Drop,e_liu,1,51
A_siege_nub,level_1_1,1,14,0x9AA94DB3,31.066668,Drop,zu,1,52
A_siege_nub,level_1_1,1,14,0x9AA94DB3,36.866669,Drop,e_liu,1,53
A_siege_nub,level_1_1,1,14,0x9AA94DB3,40.566669,Drop,zu,1,54
A_siege_nub,level_1_1,1,14,0x9AA94DB3,46.366669,Drop,zqi,1,55
A_siege_nub,level_1_1,1,14,0x9AA94DB3,50.733336,Drop,e_liu,1,56
A_siege_nub,level_1_1,1,14,0x9AA94DB3,55.133336,Drop,zu,1,57
A_siege_nub,level_1_1,1,14,0x9AA94DB3,60.26667,Drop,zu,1,58
A_siege_nub,level_1_1,1,14,0x9AA94DB3,65.36667,Drop,e_liu,1,59
A_siege_nub,level_1_1,1,14,0x9AA94DB3,71.36667,Drop,zqi,1,60
A_siege_nub,level_1_1,1,14,0x9AA94DB3,74.366671,Drop,zu,1,61
A_siege_nub,level_1_1,1,14,0x9AA94DB3,78.800004,Drop,e_liu,1,62
A_siege_nub,level_1_1,1,14,0x9AA94DB3,84.600004,Drop,zqi,1,63
A_siege_nub,level_1_1,1,14,0x9AA94DB3,89.400005,Drop,e_lang,3,66
A_siege_nub,level_1_1,1,14,0x9AA94DB3,105.400005,Drop,e_lang,3,69
A_siege_nub,level_1_1,1,14,0x9AA94DB3,113.400006,Drop,bld_cheng,20,89
A_siege_nub,level_1_1,1,14,0x9AA94DB3,113.400006,End,,0,89
A_siege_nub,level_1_1,1,15,0xD0F1F3BC,0,Start,,0,45
A_siege_nub,level_1_1,1,15,0xD0F1F3BC,2.633333,Drop,zu,1,46
A_siege_nub,level_1_1,1,15,0xD0F1F3BC,7.066667,Drop,zu,1,47
A_siege_nub,level_1_1,1,15,0xD0F1F3BC,12.400001,Drop,zu,1,48
A_siege_nub,level_1_1,1,15,0xD0F1F3BC,17.433334,Drop,e_liu,1,49
A_siege_nub,level_1_1,1,15,0xD0F1F3BC,21.400001,Drop,zu,1,50
A_siege_nub,level_1_1,1,15,0xD0F1F3BC,27.200001,Drop,e_liu,1,51
A_siege_nub,level_1_1,1,15,0xD0F1F3BC,31.233335,Drop,zu,1,52
A_siege_nub,level_1_1,1,15,0xD0F1F3BC,37.266669,Drop,e_liu,1,53
A_siege_nub,level_1_1,1,15,0xD0F1F3BC,40.666669,Drop,zu,1,54
A_siege_nub,level_1_1,1,15,0xD0F1F3BC,47.266669,Drop,zqi,1,55
A_siege_nub,level_1_1,1,15,0xD0F1F3BC,51.266669,Drop,e_liu,1,56
A_siege_nub,level_1_1,1,15,0xD0F1F3BC,55.26667,Drop,zu,1,57
A_siege_nub,level_1_1,1,15,0xD0F1F3BC,60.26667,Drop,zu,1,58
A_siege_nub,level_1_1,1,15,0xD0F1F3BC,65.26667,Drop,e_liu,1,59
A_siege_nub,level_1_1,1,15,0xD0F1F3BC,71.26667,Drop,zqi,1,60
A_siege_nub,level_1_1,1,15,0xD0F1F3BC,74.266671,Drop,zu,1,61
A_siege_nub,level_1_1,1,15,0xD0F1F3BC,80.266671,Drop,e_liu,1,62
A_siege_nub,level_1_1,1,15,0xD0F1F3BC,88.766671,Drop,zqi,1,63
A_siege_nub,level_1_1,1,15,0xD0F1F3BC,89.500005,Drop,e_lang,3,66
A_siege_nub,level_1_1,1,15,0xD0F1F3BC,171.433342,End,,0,66
A_siege_nub,level_1_1,1,16,0x3E469B1F,0,Start,,0,45
A_siege_nub,level_1_1,1,16,0x3E469B1F,2.6,Drop,zu,1,46
A_siege_nub,level_1_1,1,16,0x3E469B1F,7.033334,Drop,zu,1,47
A_siege_nub,level_1_1,1,16,0x3E469B1F,12.400001,Drop,zu,1,48
A_siege_nub,level_1_1,1,16,0x3E469B1F,17.433334,Drop,e_liu,1,49
A_siege_nub,level_1_1,1,16,0x3E469B1F,21.400001,Drop,zu,1,50
A_siege_nub,level_1_1,1,16,0x3E469B1F,27.400001,Drop,e_liu,1,51
A_siege_nub,level_1_1,1,16,0x3E469B1F,31.400002,Drop,zu,1,52
A_siege_nub,level_1_1,1,16,0x3E469B1F,37.200002,Drop,e_liu,1,53
A_siege_nub,level_1_1,1,16,0x3E469B1F,40.600002,Drop,zu,1,54
A_siege_nub,level_1_1,1,16,0x3E469B1F,46.600002,Drop,zqi,1,55
A_siege_nub,level_1_1,1,16,0x3E469B1F,50.766669,Drop,e_liu,1,56
A_siege_nub,level_1_1,1,16,0x3E469B1F,55.400003,Drop,zu,1,57
A_siege_nub,level_1_1,1,16,0x3E469B1F,60.300003,Drop,zu,1,58
A_siege_nub,level_1_1,1,16,0x3E469B1F,66.400003,Drop,e_liu,1,59
A_siege_nub,level_1_1,1,16,0x3E469B1F,74.233337,Drop,zu,1,60
A_siege_nub,level_1_1,1,16,0x3E469B1F,81.033338,Drop,e_liu,1,61
A_siege_nub,level_1_1,1,16,0x3E469B1F,82.500004,Drop,zqi,1,62
A_siege_nub,level_1_1,1,16,0x3E469B1F,156.266675,End,,0,62
A_siege_nub,level_1_1,1,17,0x4984BC2D,0,Start,,0,45
A_siege_nub,level_1_1,1,17,0x4984BC2D,2.666667,Drop,zu,1,46
A_siege_nub,level_1_1,1,17,0x4984BC2D,7.1,Drop,zu,1,47
A_siege_nub,level_1_1,1,17,0x4984BC2D,11.900001,Drop,zu,1,48
A_siege_nub,level_1_1,1,17,0x4984BC2D,17.500001,Drop,e_liu,1,49
A_siege_nub,level_1_1,1,17,0x4984BC2D,21.200001,Drop,zu,1,50
A_siege_nub,level_1_1,1,17,0x4984BC2D,27.000001,Drop,e_liu,1,51
A_siege_nub,level_1_1,1,17,0x4984BC2D,31.066668,Drop,zu,1,52
A_siege_nub,level_1_1,1,17,0x4984BC2D,36.866669,Drop,e_liu,1,53
A_siege_nub,level_1_1,1,17,0x4984BC2D,40.566669,Drop,zu,1,54
A_siege_nub,level_1_1,1,17,0x4984BC2D,46.366669,Drop,zqi,1,55
A_siege_nub,level_1_1,1,17,0x4984BC2D,50.600003,Drop,e_liu,1,56
A_siege_nub,level_1_1,1,17,0x4984BC2D,55.000003,Drop,zu,1,57
A_siege_nub,level_1_1,1,17,0x4984BC2D,60.133336,Drop,zu,1,58
A_siege_nub,level_1_1,1,17,0x4984BC2D,65.36667,Drop,e_liu,1,59
A_siege_nub,level_1_1,1,17,0x4984BC2D,71.36667,Drop,zqi,1,60
A_siege_nub,level_1_1,1,17,0x4984BC2D,74.366671,Drop,zu,1,61
A_siege_nub,level_1_1,1,17,0x4984BC2D,79.366671,Drop,e_liu,1,62
A_siege_nub,level_1_1,1,17,0x4984BC2D,84.600004,Drop,zqi,1,63
A_siege_nub,level_1_1,1,17,0x4984BC2D,89.400005,Drop,e_lang,3,66
A_siege_nub,level_1_1,1,17,0x4984BC2D,114.400006,Drop,bld_cheng,20,86
A_siege_nub,level_1_1,1,17,0x4984BC2D,114.400006,End,,0,86
A_siege_nub,level_1_1,1,18,0x1E2F168D,0,Start,,0,45
A_siege_nub,level_1_1,1,18,0x1E2F168D,2.633333,Drop,zu,1,46
A_siege_nub,level_1_1,1,18,0x1E2F168D,7.066667,Drop,zu,1,47
A_siege_nub,level_1_1,1,18,0x1E2F168D,11.866667,Drop,zu,1,48
A_siege_nub,level_1_1,1,18,0x1E2F168D,17.500001,Drop,e_liu,1,49
A_siege_nub,level_1_1,1,18,0x1E2F168D,21.200001,Drop,zu,1,50
A_siege_nub,level_1_1,1,18,0x1E2F168D,27.000001,Drop,e_liu,1,51
A_siege_nub,level_1_1,1,18,0x1E2F168D,31.066668,Drop,zu,1,52
A_siege_nub,level_1_1,1,18,0x1E2F168D,36.866669,Drop,e_liu,1,53
A_siege_nub,level_1_1,1,18,0x1E2F168D,40.566669,Drop,zu,1,54
A_siege_nub,level_1_1,1,18,0x1E2F168D,46.366669,Drop,zqi,1,55
A_siege_nub,level_1_1,1,18,0x1E2F168D,51.066669,Drop,e_liu,1,56
A_siege_nub,level_1_1,1,18,0x1E2F168D,55.133336,Drop,zu,1,57
A_siege_nub,level_1_1,1,18,0x1E2F168D,59.933336,Drop,zu,1,58
A_siege_nub,level_1_1,1,18,0x1E2F168D,65.733337,Drop,e_liu,1,59
A_siege_nub,level_1_1,1,18,0x1E2F168D,70.433337,Drop,zqi,1,60
A_siege_nub,level_1_1,1,18,0x1E2F168D,74.133337,Drop,zu,1,61
A_siege_nub,level_1_1,1,18,0x1E2F168D,80.333338,Drop,e_liu,1,62
A_siege_nub,level_1_1,1,18,0x1E2F168D,84.866671,Drop,zqi,1,63
A_siege_nub,level_1_1,1,18,0x1E2F168D,90.866671,Drop,e_lang,3,66
A_siege_nub,level_1_1,1,18,0x1E2F168D,105.866672,Drop,e_lang,3,69
A_siege_nub,level_1_1,1,18,0x1E2F168D,114.866673,Drop,bld_cheng,20,89
A_siege_nub,level_1_1,1,18,0x1E2F168D,114.866673,End,,0,89
A_siege_nub,level_1_1,1,19,0x6327D6B2,0,Start,,0,45
A_siege_nub,level_1_1,1,19,0x6327D6B2,2.633333,Drop,zu,1,46
A_siege_nub,level_1_1,1,19,0x6327D6B2,7.066667,Drop,zu,1,47
A_siege_nub,level_1_1,1,19,0x6327D6B2,11.866667,Drop,zu,1,48
A_siege_nub,level_1_1,1,19,0x6327D6B2,17.500001,Drop,e_liu,1,49
A_siege_nub,level_1_1,1,19,0x6327D6B2,21.200001,Drop,zu,1,50
A_siege_nub,level_1_1,1,19,0x6327D6B2,27.000001,Drop,e_liu,1,51
A_siege_nub,level_1_1,1,19,0x6327D6B2,31.066668,Drop,zu,1,52
A_siege_nub,level_1_1,1,19,0x6327D6B2,36.866669,Drop,e_liu,1,53
A_siege_nub,level_1_1,1,19,0x6327D6B2,40.866669,Drop,zu,1,54
A_siege_nub,level_1_1,1,19,0x6327D6B2,46.866669,Drop,zqi,1,55
A_siege_nub,level_1_1,1,19,0x6327D6B2,50.866669,Drop,e_liu,1,56
A_siege_nub,level_1_1,1,19,0x6327D6B2,54.86667,Drop,zu,1,57
A_siege_nub,level_1_1,1,19,0x6327D6B2,59.86667,Drop,zu,1,58
A_siege_nub,level_1_1,1,19,0x6327D6B2,65.06667,Drop,e_liu,1,59
A_siege_nub,level_1_1,1,19,0x6327D6B2,70.86667,Drop,zqi,1,60
A_siege_nub,level_1_1,1,19,0x6327D6B2,74.866671,Drop,zu,1,61
A_siege_nub,level_1_1,1,19,0x6327D6B2,79.866671,Drop,e_liu,1,62
A_siege_nub,level_1_1,1,19,0x6327D6B2,91.466671,Drop,zqi,1,63
A_siege_nub,level_1_1,1,19,0x6327D6B2,121.166673,Drop,e_lang,3,66
A_siege_nub,level_1_1,1,19,0x6327D6B2,126.166673,Drop,e_lang,3,69
A_siege_nub,level_1_1,1,19,0x6327D6B2,600.000031,End,,0,69
A_siege_nub,level_1_1,1,20,0xA7CA930A,0,Start,,0,45
A_siege_nub,level_1_1,1,20,0xA7CA930A,2.6,Drop,zu,1,46
A_siege_nub,level_1_1,1,20,0xA7CA930A,7.033334,Drop,zu,1,47
A_siege_nub,level_1_1,1,20,0xA7CA930A,11.833334,Drop,zu,1,48
A_siege_nub,level_1_1,1,20,0xA7CA930A,17.633334,Drop,e_liu,1,49
A_siege_nub,level_1_1,1,20,0xA7CA930A,21.333334,Drop,zu,1,50
A_siege_nub,level_1_1,1,20,0xA7CA930A,27.133335,Drop,e_liu,1,51
A_siege_nub,level_1_1,1,20,0xA7CA930A,30.833335,Drop,zu,1,52
A_siege_nub,level_1_1,1,20,0xA7CA930A,36.633335,Drop,e_liu,1,53
A_siege_nub,level_1_1,1,20,0xA7CA930A,40.700002,Drop,zu,1,54
A_siege_nub,level_1_1,1,20,0xA7CA930A,46.700002,Drop,zqi,1,55
A_siege_nub,level_1_1,1,20,0xA7CA930A,51.700003,Drop,e_liu,1,56
A_siege_nub,level_1_1,1,20,0xA7CA930A,55.700003,Drop,zu,1,57
A_siege_nub,level_1_1,1,20,0xA7CA930A,59.700003,Drop,zu,1,58
A_siege_nub,level_1_1,1,20,0xA7CA930A,64.700003,Drop,e_liu,1,59
A_siege_nub,level_1_1,1,20,0xA7CA930A,70.700004,Drop,zqi,1,60
A_siege_nub,level_1_1,1,20,0xA7CA930A,74.300004,Drop,zu,1,61
A_siege_nub,level_1_1,1,20,0xA7CA930A,79.700004,Drop,e_liu,1,62
A_siege_nub,level_1_1,1,20,0xA7CA930A,156.166675,End,,0,62
A_siege_nub,level_1_1,1,21,0x40DE923F,0,Start,,0,45
A_siege_nub,level_1_1,1,21,0x40DE923F,2.633333,Drop,zu,1,46
A_siege_nub,level_1_1,1,21,0x40DE923F,7.066667,Drop,zu,1,47
A_siege_nub,level_1_1,1,21,0x40DE923F,11.866667,Drop,zu,1,48
A_siege_nub,level_1_1,1,21,0x40DE923F,17.500001,Drop,e_liu,1,49
A_siege_nub,level_1_1,1,21,0x40DE923F,21.433334,Drop,zu,1,50
A_siege_nub,level_1_1,1,21,0x40DE923F,27.866668,Drop,e_liu,1,51
A_siege_nub,level_1_1,1,21,0x40DE923F,30.866668,Drop,zu,1,52
A_siege_nub,level_1_1,1,21,0x40DE923F,36.866669,Drop,e_liu,1,53
A_siege_nub,level_1_1,1,21,0x40DE923F,40.866669,Drop,zu,1,54
A_siege_nub,level_1_1,1,21,0x40DE923F,46.866669,Drop,zqi,1,55
A_siege_nub,level_1_1,1,21,0x40DE923F,51.700003,Drop,e_liu,1,56
A_siege_nub,level_1_1,1,21,0x40DE923F,55.86667,Drop,zu,1,57
A_siege_nub,level_1_1,1,21,0x40DE923F,60.86667,Drop,zu,1,58
A_siege_nub,level_1_1,1,21,0x40DE923F,65.86667,Drop,e_liu,1,59
A_siege_nub,level_1_1,1,21,0x40DE923F,70.86667,Drop,zqi,1,60
A_siege_nub,level_1_1,1,21,0x40DE923F,74.800004,Drop,zu,1,61
A_siege_nub,level_1_1,1,21,0x40DE923F,79.533337,Drop,e_liu,1,62
A_siege_nub,level_1_1,1,21,0x40DE923F,156.200008,End,,0,62
A_siege_nub,level_1_1,1,22,0xC1BE5513,0,Start,,0,45
A_siege_nub,level_1_1,1,22,0xC1BE5513,2.733333,Drop,zu,1,46
A_siege_nub,level_1_1,1,22,0xC1BE5513,6.8,Drop,zu,1,47
A_siege_nub,level_1_1,1,22,0xC1BE5513,11.600001,Drop,zu,1,48
A_siege_nub,level_1_1,1,22,0xC1BE5513,17.400001,Drop,e_liu,1,49
A_siege_nub,level_1_1,1,22,0xC1BE5513,21.466668,Drop,zu,1,50
A_siege_nub,level_1_1,1,22,0xC1BE5513,27.266668,Drop,e_liu,1,51
A_siege_nub,level_1_1,1,22,0xC1BE5513,30.966668,Drop,zu,1,52
A_siege_nub,level_1_1,1,22,0xC1BE5513,36.766669,Drop,e_liu,1,53
A_siege_nub,level_1_1,1,22,0xC1BE5513,40.466669,Drop,zu,1,54
A_siege_nub,level_1_1,1,22,0xC1BE5513,46.266669,Drop,zqi,1,55
A_siege_nub,level_1_1,1,22,0xC1BE5513,51.333336,Drop,e_liu,1,56
A_siege_nub,level_1_1,1,22,0xC1BE5513,55.46667,Drop,zu,1,57
A_siege_nub,level_1_1,1,22,0xC1BE5513,60.000003,Drop,zu,1,58
A_siege_nub,level_1_1,1,22,0xC1BE5513,65.900003,Drop,e_liu,1,59
A_siege_nub,level_1_1,1,22,0xC1BE5513,71.000004,Drop,zqi,1,60
A_siege_nub,level_1_1,1,22,0xC1BE5513,74.000004,Drop,zu,1,61
A_siege_nub,level_1_1,1,22,0xC1BE5513,80.000004,Drop,e_liu,1,62
A_siege_nub,level_1_1,1,22,0xC1BE5513,85.000004,Drop,zqi,1,63
A_siege_nub,level_1_1,1,22,0xC1BE5513,91.000005,Drop,e_lang,3,66
A_siege_nub,level_1_1,1,22,0xC1BE5513,114.000006,Drop,bld_cheng,20,86
A_siege_nub,level_1_1,1,22,0xC1BE5513,114.000006,End,,0,86
A_siege_nub,level_1_1,1,23,0x689A233D,0,Start,,0,45
A_siege_nub,level_1_1,1,23,0x689A233D,2.666667,Drop,zu,1,46
A_siege_nub,level_1_1,1,23,0x689A233D,7.1,Drop,zu,1,47
A_siege_nub,level_1_1,1,23,0x689A233D,11.900001,Drop,zu,1,48
A_siege_nub,level_1_1,1,23,0x689A233D,17.533334,Drop,e_liu,1,49
A_siege_nub,level_1_1,1,23,0x689A233D,21.233334,Drop,zu,1,50
A_siege_nub,level_1_1,1,23,0x689A233D,27.033335,Drop,e_liu,1,51
A_siege_nub,level_1_1,1,23,0x689A233D,31.100002,Drop,zu,1,52
A_siege_nub,level_1_1,1,23,0x689A233D,36.900002,Drop,e_liu,1,53
A_siege_nub,level_1_1,1,23,0x689A233D,40.600002,Drop,zu,1,54
A_siege_nub,level_1_1,1,23,0x689A233D,46.400002,Drop,zqi,1,55
A_siege_nub,level_1_1,1,23,0x689A233D,51.400003,Drop,e_liu,1,56
A_siege_nub,level_1_1,1,23,0x689A233D,55.400003,Drop,zu,1,57
A_siege_nub,level_1_1,1,23,0x689A233D,60.400003,Drop,zu,1,58
A_siege_nub,level_1_1,1,23,0x689A233D,65.400003,Drop,e_liu,1,59
A_siege_nub,level_1_1,1,23,0x689A233D,71.400004,Drop,zqi,1,60
A_siege_nub,level_1_1,1,23,0x689A233D,74.400004,Drop,zu,1,61
A_siege_nub,level_1_1,1,23,0x689A233D,80.400004,Drop,e_liu,1,62
A_siege_nub,level_1_1,1,23,0x689A233D,88.133338,Drop,zqi,1,63
A_siege_nub,level_1_1,1,23,0x689A233D,90.400005,Drop,e_lang,3,66
A_siege_nub,level_1_1,1,23,0x689A233D,105.400005,Drop,e_lang,3,69
A_siege_nub,level_1_1,1,23,0x689A233D,600.000031,End,,0,69
A_siege_nub,level_1_1,1,24,0xB34F3D23,0,Start,,0,45
A_siege_nub,level_1_1,1,24,0xB34F3D23,2.7,Drop,zu,1,46
A_siege_nub,level_1_1,1,24,0xB34F3D23,7.133334,Drop,zu,1,47
A_siege_nub,level_1_1,1,24,0xB34F3D23,11.933334,Drop,zu,1,48
A_siege_nub,level_1_1,1,24,0xB34F3D23,17.533334,Drop,e_liu,1,49
A_siege_nub,level_1_1,1,24,0xB34F3D23,21.233334,Drop,zu,1,50
A_siege_nub,level_1_1,1,24,0xB34F3D23,27.033335,Drop,e_liu,1,51
A_siege_nub,level_1_1,1,24,0xB34F3D23,31.100002,Drop,zu,1,52
A_siege_nub,level_1_1,1,24,0xB34F3D23,36.900002,Drop,e_liu,1,53
A_siege_nub,level_1_1,1,24,0xB34F3D23,40.600002,Drop,zu,1,54
A_siege_nub,level_1_1,1,24,0xB34F3D23,46.400002,Drop,zqi,1,55
A_siege_nub,level_1_1,1,24,0xB34F3D23,51.100003,Drop,e_liu,1,56
A_siege_nub,level_1_1,1,24,0xB34F3D23,54.800003,Drop,zu,1,57
A_siege_nub,level_1_1,1,24,0xB34F3D23,59.600003,Drop,zu,1,58
A_siege_nub,level_1_1,1,24,0xB34F3D23,65.100003,Drop,e_liu,1,59
A_siege_nub,level_1_1,1,24,0xB34F3D23,70.533337,Drop,zqi,1,60
A_siege_nub,level_1_1,1,24,0xB34F3D23,74.366671,Drop,zu,1,61
A_siege_nub,level_1_1,1,24,0xB34F3D23,79.533337,Drop,e_liu,1,62
A_siege_nub,level_1_1,1,24,0xB34F3D23,85.533338,Drop,zqi,1,63
A_siege_nub,level_1_1,1,24,0xB34F3D23,90.533338,Drop,e_lang,3,66
A_siege_nub,level_1_1,1,24,0xB34F3D23,105.400005,Drop,e_lang,3,69
A_siege_nub,level_1_1,1,24,0xB34F3D23,113.400006,Drop,bld_cheng,20,89
A_siege_nub,level_1_1,1,24,0xB34F3D23,113.400006,End,,0,89
A_siege_nub,level_1_1,1,25,0xC9859D96,0,Start,,0,45
A_siege_nub,level_1_1,1,25,0xC9859D96,2.6,Drop,zu,1,46
A_siege_nub,level_1_1,1,25,0xC9859D96,7.033334,Drop,zu,1,47
A_siege_nub,level_1_1,1,25,0xC9859D96,11.833334,Drop,zu,1,48
A_siege_nub,level_1_1,1,25,0xC9859D96,17.633334,Drop,e_liu,1,49
A_siege_nub,level_1_1,1,25,0xC9859D96,21.333334,Drop,zu,1,50
A_siege_nub,level_1_1,1,25,0xC9859D96,27.333335,Drop,e_liu,1,51
A_siege_nub,level_1_1,1,25,0xC9859D96,31.333335,Drop,zu,1,52
A_siege_nub,level_1_1,1,25,0xC9859D96,37.333335,Drop,e_liu,1,53
A_siege_nub,level_1_1,1,25,0xC9859D96,41.333335,Drop,zu,1,54
A_siege_nub,level_1_1,1,25,0xC9859D96,47.333336,Drop,zqi,1,55
A_siege_nub,level_1_1,1,25,0xC9859D96,51.333336,Drop,e_liu,1,56
A_siege_nub,level_1_1,1,25,0xC9859D96,55.333336,Drop,zu,1,57
A_siege_nub,level_1_1,1,25,0xC9859D96,60.333336,Drop,zu,1,58
A_siege_nub,level_1_1,1,25,0xC9859D96,65.333337,Drop,e_liu,1,59
A_siege_nub,level_1_1,1,25,0xC9859D96,70.333337,Drop,zqi,1,60
A_siege_nub,level_1_1,1,25,0xC9859D96,74.333337,Drop,zu,1,61
A_siege_nub,level_1_1,1,25,0xC9859D96,80.066671,Drop,e_liu,1,62
A_siege_nub,level_1_1,1,25,0xC9859D96,85.333338,Drop,zqi,1,63
A_siege_nub,level_1_1,1,25,0xC9859D96,90.333338,Drop,e_lang,3,66
A_siege_nub,level_1_1,1,25,0xC9859D96,113.333339,Drop,bld_cheng,20,86
A_siege_nub,level_1_1,1,25,0xC9859D96,113.333339,End,,0,86
A_siege_nub,level_1_5,5,1,0x3CDB712D,0,Start,,0,45
A_siege_nub,level_1_5,5,1,0x3CDB712D,2.666667,Drop,e_lang,1,46
A_siege_nub,level_1_5,5,1,0x3CDB712D,4.9,Drop,e_lang,1,47
A_siege_nub,level_1_5,5,1,0x3CDB712D,7.5,Drop,e_lang,1,48
A_siege_nub,level_1_5,5,1,0x3CDB712D,11.100001,Drop,e_liu,1,49
A_siege_nub,level_1_5,5,1,0x3CDB712D,12.600001,Drop,e_lang,1,50
A_siege_nub,level_1_5,5,1,0x3CDB712D,16.200001,Drop,e_liu,1,51
A_siege_nub,level_1_5,5,1,0x3CDB712D,17.900001,Drop,e_lang,1,52
A_siege_nub,level_1_5,5,1,0x3CDB712D,21.500001,Drop,e_liu,1,53
A_siege_nub,level_1_5,5,1,0x3CDB712D,23.000001,Drop,e_lang,1,54
A_siege_nub,level_1_5,5,1,0x3CDB712D,26.600001,Drop,zqi,1,55
A_siege_nub,level_1_5,5,1,0x3CDB712D,28.600001,Drop,e_liu,1,56
A_siege_nub,level_1_5,5,1,0x3CDB712D,31.600002,Drop,e_lang,1,57
A_siege_nub,level_1_5,5,1,0x3CDB712D,34.133335,Drop,e_lang,1,58
A_siege_nub,level_1_5,5,1,0x3CDB712D,37.133335,Drop,e_liu,1,59
A_siege_nub,level_1_5,5,1,0x3CDB712D,40.133335,Drop,zqi,1,60
A_siege_nub,level_1_5,5,1,0x3CDB712D,42.133336,Drop,e_lang,1,61
A_siege_nub,level_1_5,5,1,0x3CDB712D,45.133336,Drop,e_liu,1,62
A_siege_nub,level_1_5,5,1,0x3CDB712D,57.26667,Drop,e_lang,3,65
A_siege_nub,level_1_5,5,1,0x3CDB712D,301.166682,End,,0,65
A_siege_nub,level_1_5,5,2,0x0D21F212,0,Start,,0,45
A_siege_nub,level_1_5,5,2,0x0D21F212,2.666667,Drop,e_lang,1,46
A_siege_nub,level_1_5,5,2,0x0D21F212,4.9,Drop,e_lang,1,47
A_siege_nub,level_1_5,5,2,0x0D21F212,7.5,Drop,e_lang,1,48
A_siege_nub,level_1_5,5,2,0x0D21F212,11.100001,Drop,e_liu,1,49
A_siege_nub,level_1_5,5,2,0x0D21F212,12.600001,Drop,e_lang,1,50
A_siege_nub,level_1_5,5,2,0x0D21F212,16.200001,Drop,e_liu,1,51
A_siege_nub,level_1_5,5,2,0x0D21F212,17.700001,Drop,e_lang,1,52
A_siege_nub,level_1_5,5,2,0x0D21F212,20.700001,Drop,e_liu,1,53
A_siege_nub,level_1_5,5,2,0x0D21F212,23.400001,Drop,e_lang,1,54
A_siege_nub,level_1_5,5,2,0x0D21F212,27.400001,Drop,zqi,1,55
A_siege_nub,level_1_5,5,2,0x0D21F212,28.400001,Drop,e_liu,1,56
A_siege_nub,level_1_5,5,2,0x0D21F212,31.400002,Drop,e_lang,1,57
A_siege_nub,level_1_5,5,2,0x0D21F212,34.100002,Drop,e_lang,1,58
A_siege_nub,level_1_5,5,2,0x0D21F212,37.400002,Drop,e_liu,1,59
A_siege_nub,level_1_5,5,2,0x0D21F212,107.733339,End,,0,59
A_siege_nub,level_1_5,5,3,0x5F16DFC3,0,Start,,0,45
A_siege_nub,level_1_5,5,3,0x5F16DFC3,2.666667,Drop,e_lang,1,46
A_siege_nub,level_1_5,5,3,0x5F16DFC3,4.9,Drop,e_lang,1,47
A_siege_nub,level_1_5,5,3,0x5F16DFC3,7.5,Drop,e_lang,1,48
A_siege_nub,level_1_5,5,3,0x5F16DFC3,11.100001,Drop,e_liu,1,49
A_siege_nub,level_1_5,5,3,0x5F16DFC3,12.600001,Drop,e_lang,1,50
A_siege_nub,level_1_5,5,3,0x5F16DFC3,16.300001,Drop,e_liu,1,51
A_siege_nub,level_1_5,5,3,0x5F16DFC3,18.133334,Drop,e_lang,1,52
A_siege_nub,level_1_5,5,3,0x5F16DFC3,20.733334,Drop,e_liu,1,53
A_siege_nub,level_1_5,5,3,0x5F16DFC3,23.600001,Drop,e_lang,1,54
A_siege_nub,level_1_5,5,3,0x5F16DFC3,26.600001,Drop,zqi,1,55
A_siege_nub,level_1_5,5,3,0x5F16DFC3,28.600001,Drop,e_liu,1,56
A_siege_nub,level_1_5,5,3,0x5F16DFC3,31.600002,Drop,e_lang,1,57
A_siege_nub,level_1_5,5,3,0x5F16DFC3,33.600002,Drop,e_lang,1,58
A_siege_nub,level_1_5,5,3,0x5F16DFC3,36.600002,Drop,e_liu,1,59
A_siege_nub,level_1_5,5,3,0x5F16DFC3,39.600002,Drop,zqi,1,60
A_siege_nub,level_1_5,5,3,0x5F16DFC3,41.800002,Drop,e_lang,1,61
A_siege_nub,level_1_5,5,3,0x5F16DFC3,45.600002,Drop,e_liu,1,62
A_siege_nub,level_1_5,5,3,0x5F16DFC3,100.033339,End,,0,62
A_siege_nub,level_1_5,5,4,0x19314B34,0,Start,,0,45
A_siege_nub,level_1_5,5,4,0x19314B34,2.666667,Drop,e_lang,1,46
A_siege_nub,level_1_5,5,4,0x19314B34,4.9,Drop,e_lang,1,47
A_siege_nub,level_1_5,5,4,0x19314B34,7.5,Drop,e_lang,1,48
A_siege_nub,level_1_5,5,4,0x19314B34,11.100001,Drop,e_liu,1,49
A_siege_nub,level_1_5,5,4,0x19314B34,12.600001,Drop,e_lang,1,50
A_siege_nub,level_1_5,5,4,0x19314B34,16.200001,Drop,e_liu,1,51
A_siege_nub,level_1_5,5,4,0x19314B34,17.700001,Drop,e_lang,1,52
A_siege_nub,level_1_5,5,4,0x19314B34,21.300001,Drop,e_liu,1,53
A_siege_nub,level_1_5,5,4,0x19314B34,23.500001,Drop,e_lang,1,54
A_siege_nub,level_1_5,5,4,0x19314B34,26.700001,Drop,zqi,1,55
A_siege_nub,level_1_5,5,4,0x19314B34,28.700001,Drop,e_liu,1,56
A_siege_nub,level_1_5,5,4,0x19314B34,31.700002,Drop,e_lang,1,57
A_siege_nub,level_1_5,5,4,0x19314B34,33.700002,Drop,e_lang,1,58
A_siege_nub,level_1_5,5,4,0x19314B34,37.700002,Drop,e_liu,1,59
A_siege_nub,level_1_5,5,4,0x19314B34,39.700002,Drop,zqi,1,60
A_siege_nub,level_1_5,5,4,0x19314B34,41.700002,Drop,e_lang,1,61
A_siege_nub,level_1_5,5,4,0x19314B34,44.700002,Drop,e_liu,1,62
A_siege_nub,level_1_5,5,4,0x19314B34,54.56667,Drop,zqi,1,63
A_siege_nub,level_1_5,5,4,0x19314B34,116.733339,End,,0,63
A_siege_nub,level_1_5,5,5,0x3AADB0FF,0,Start,,0,45
A_siege_nub,level_1_5,5,5,0x3AADB0FF,2.666667,Drop,e_lang,1,46
A_siege_nub,level_1_5,5,5,0x3AADB0FF,4.9,Drop,e_lang,1,47
A_siege_nub,level_1_5,5,5,0x3AADB0FF,7.5,Drop,e_lang,1,48
A_siege_nub,level_1_5,5,5,0x3AADB0FF,11.100001,Drop,e_liu,1,49
A_siege_nub,level_1_5,5,5,0x3AADB0FF,12.600001,Drop,e_lang,1,50
A_siege_nub,level_1_5,5,5,0x3AADB0FF,16.200001,Drop,e_liu,1,51
A_siege_nub,level_1_5,5,5,0x3AADB0FF,17.900001,Drop,e_lang,1,52
A_siege_nub,level_1_5,5,5,0x3AADB0FF,21.500001,Drop,e_liu,1,53
A_siege_nub,level_1_5,5,5,0x3AADB0FF,23.000001,Drop,e_lang,1,54
A_siege_nub,level_1_5,5,5,0x3AADB0FF,26.600001,Drop,zqi,1,55
A_siege_nub,level_1_5,5,5,0x3AADB0FF,28.900002,Drop,e_liu,1,56
A_siege_nub,level_1_5,5,5,0x3AADB0FF,30.600002,Drop,e_lang,1,57
A_siege_nub,level_1_5,5,5,0x3AADB0FF,33.900002,Drop,e_lang,1,58
A_siege_nub,level_1_5,5,5,0x3AADB0FF,36.900002,Drop,e_liu,1,59
A_siege_nub,level_1_5,5,5,0x3AADB0FF,40.366669,Drop,zqi,1,60
A_siege_nub,level_1_5,5,5,0x3AADB0FF,42.366669,Drop,e_lang,1,61
A_siege_nub,level_1_5,5,5,0x3AADB0FF,44.466669,Drop,e_liu,1,62
A_siege_nub,level_1_5,5,5,0x3AADB0FF,47.366669,Drop,zqi,1,63
A_siege_nub,level_1_5,5,5,0x3AADB0FF,51.366669,Drop,zqi,3,66
A_siege_nub,level_1_5,5,5,0x3AADB0FF,66.36667,Drop,e_lang,3,69
A_siege_nub,level_1_5,5,5,0x3AADB0FF,81.366671,Drop,e_lang,3,72
A_siege_nub,level_1_5,5,5,0x3AADB0FF,92.366671,Drop,bld_cheng,20,92
A_siege_nub,level_1_5,5,5,0x3AADB0FF,92.366671,End,,0,92
A_siege_nub,level_1_5,5,6,0x1AF0C266,0,Start,,0,45
A_siege_nub,level_1_5,5,6,0x1AF0C266,2.666667,Drop,e_lang,1,46
A_siege_nub,level_1_5,5,6,0x1AF0C266,4.9,Drop,e_lang,1,47
A_siege_nub,level_1_5,5,6,0x1AF0C266,7.5,Drop,e_lang,1,48
A_siege_nub,level_1_5,5,6,0x1AF0C266,11.100001,Drop,e_liu,1,49
A_siege_nub,level_1_5,5,6,0x1AF0C266,12.600001,Drop,e_lang,1,50
A_siege_nub,level_1_5,5,6,0x1AF0C266,15.633334,Drop,e_liu,1,51
A_siege_nub,level_1_5,5,6,0x1AF0C266,18.200001,Drop,e_lang,1,52
A_siege_nub,level_1_5,5,6,0x1AF0C266,21.200001,Drop,e_liu,1,53
A_siege_nub,level_1_5,5,6,0x1AF0C266,23.200001,Drop,e_lang,1,54
A_siege_nub,level_1_5,5,6,0x1AF0C266,27.200001,Drop,zqi,1,55
A_siege_nub,level_1_5,5,6,0x1AF0C266,29.200002,Drop,e_liu,1,56
A_siege_nub,level_1_5,5,6,0x1AF0C266,31.200002,Drop,e_lang,1,57
A_siege_nub,level_1_5,5,6,0x1AF0C266,34.200002,Drop,e_lang,1,58
A_siege_nub,level_1_5,5,6,0x1AF0C266,36.200002,Drop,e_liu,1,59
A_siege_nub,level_1_5,5,6,0x1AF0C266,40.200002,Drop,zqi,1,60
A_siege_nub,level_1_5,5,6,0x1AF0C266,42.200002,Drop,e_lang,1,61
A_siege_nub,level_1_5,5,6,0x1AF0C266,45.200002,Drop,e_liu,1,62
A_siege_nub,level_1_5,5,6,0x1AF0C266,116.600006,End,,0,62
A_siege_nub,level_1_5,5,7,0x553C6438,0,Start,,0,45
A_siege_nub,level_1_5,5,7,0x553C6438,2.666667,Drop,e_lang,1,46
A_siege_nub,level_1_5,5,7,0x553C6438,4.9,Drop,e_lang,1,47
A_siege_nub,level_1_5,5,7,0x553C6438,7.5,Drop,e_lang,1,48
A_siege_nub,level_1_5,5,7,0x553C6438,11.100001,Drop,e_liu,1,49
A_siege_nub,level_1_5,5,7,0x553C6438,12.600001,Drop,e_lang,1,50
A_siege_nub,level_1_5,5,7,0x553C6438,16.200001,Drop,e_liu,1,51
A_siege_nub,level_1_5,5,7,0x553C6438,17.900001,Drop,e_lang,1,52
A_siege_nub,level_1_5,5,7,0x553C6438,21.500001,Drop,e_liu,1,53
A_siege_nub,level_1_5,5,7,0x553C6438,23.300001,Drop,e_lang,1,54
A_siege_nub,level_1_5,5,7,0x553C6438,26.500001,Drop,zqi,1,55
A_siege_nub,level_1_5,5,7,0x553C6438,29.500002,Drop,e_liu,1,56
A_siege_nub,level_1_5,5,7,0x553C6438,31.233335,Drop,e_lang,1,57
A_siege_nub,level_1_5,5,7,0x553C6438,33.666668,Drop,e_lang,1,58
A_siege_nub,level_1_5,5,7,0x553C6438,37.300002,Drop,e_liu,1,59
A_siege_nub,level_1_5,5,7,0x553C6438,39.666669,Drop,zqi,1,60
A_siege_nub,level_1_5,5,7,0x553C6438,42.666669,Drop,e_lang,1,61
A_siege_nub,level_1_5,5,7,0x553C6438,44.166669,Drop,e_liu,1,62
A_siege_nub,level_1_5,5,7,0x553C6438,47.666669,Drop,zqi,1,63
A_siege_nub,level_1_5,5,7,0x553C6438,54.933336,Drop,zqi,3,66
A_siege_nub,level_1_5,5,7,0x553C6438,118.266673,End,,0,66
A_siege_nub,level_1_5,5,8,0xEEDA1445,0,Start,,0,45
A_siege_nub,level_1_5,5,8,0xEEDA1445,2.666667,Drop,e_lang,1,46
A_siege_nub,level_1_5,5,8,0xEEDA1445,4.9,Drop,e_lang,1,47
A_siege_nub,level_1_5,5,8,0xEEDA1445,7.5,Drop,e_lang,1,48
A_siege_nub,level_1_5,5,8,0xEEDA1445,11.100001,Drop,e_liu,1,49
A_siege_nub,level_1_5,5,8,0xEEDA1445,12.600001,Drop,e_lang,1,50
A_siege_nub,level_1_5,5,8,0xEEDA1445,16.200001,Drop,e_liu,1,51
A_siege_nub,level_1_5,5,8,0xEEDA1445,17.700001,Drop,e_lang,1,52
A_siege_nub,level_1_5,5,8,0xEEDA1445,21.300001,Drop,e_liu,1,53
A_siege_nub,level_1_5,5,8,0xEEDA1445,23.300001,Drop,e_lang,1,54
A_siege_nub,level_1_5,5,8,0xEEDA1445,27.300001,Drop,zqi,1,55
A_siege_nub,level_1_5,5,8,0xEEDA1445,29.300002,Drop,e_liu,1,56
A_siege_nub,level_1_5,5,8,0xEEDA1445,31.133335,Drop,e_lang,1,57
A_siege_nub,level_1_5,5,8,0xEEDA1445,34.000002,Drop,e_lang,1,58
A_siege_nub,level_1_5,5,8,0xEEDA1445,36.700002,Drop,e_liu,1,59
A_siege_nub,level_1_5,5,8,0xEEDA1445,40.300002,Drop,zqi,1,60
A_siege_nub,level_1_5,5,8,0xEEDA1445,41.100002,Drop,e_lang,1,61
A_siege_nub,level_1_5,5,8,0xEEDA1445,44.766669,Drop,e_liu,1,62
A_siege_nub,level_1_5,5,8,0xEEDA1445,47.300002,Drop,zqi,1,63
A_siege_nub,level_1_5,5,8,0xEEDA1445,52.300003,Drop,zqi,3,66
A_siege_nub,level_1_5,5,8,0xEEDA1445,65.933337,Drop,e_lang,3,69
A_siege_nub,level_1_5,5,8,0xEEDA1445,90.300005,Drop,bld_cheng,20,89
A_siege_nub,level_1_5,5,8,0xEEDA1445,90.300005,End,,0,89
A_siege_nub,level_1_5,5,9,0x260EAFEC,0,Start,,0,45
A_siege_nub,level_1_5,5,9,0x260EAFEC,2.666667,Drop,e_lang,1,46
A_siege_nub,level_1_5,5,9,0x260EAFEC,4.9,Drop,e_lang,1,47
A_siege_nub,level_1_5,5,9,0x260EAFEC,7.5,Drop,e_lang,1,48
A_siege_nub,level_1_5,5,9,0x260EAFEC,11.100001,Drop,e_liu,1,49
A_siege_nub,level_1_5,5,9,0x260EAFEC,12.600001,Drop,e_lang,1,50
A_siege_nub,level_1_5,5,9,0x260EAFEC,16.200001,Drop,e_liu,1,51
A_siege_nub,level_1_5,5,9,0x260EAFEC,17.900001,Drop,e_lang,1,52
A_siege_nub,level_1_5,5,9,0x260EAFEC,21.633334,Drop,e_liu,1,53
A_siege_nub,level_1_5,5,9,0x260EAFEC,23.300001,Drop,e_lang,1,54
A_siege_nub,level_1_5,5,9,0x260EAFEC,26.533335,Drop,zqi,1,55
A_siege_nub,level_1_5,5,9,0x260EAFEC,28.633335,Drop,e_liu,1,56
A_siege_nub,level_1_5,5,9,0x260EAFEC,31.533335,Drop,e_lang,1,57
A_siege_nub,level_1_5,5,9,0x260EAFEC,33.633335,Drop,e_lang,1,58
A_siege_nub,level_1_5,5,9,0x260EAFEC,36.533335,Drop,e_liu,1,59
A_siege_nub,level_1_5,5,9,0x260EAFEC,39.533335,Drop,zqi,1,60
A_siege_nub,level_1_5,5,9,0x260EAFEC,41.900002,Drop,e_lang,1,61
A_siege_nub,level_1_5,5,9,0x260EAFEC,44.533336,Drop,e_liu,1,62
A_siege_nub,level_1_5,5,9,0x260EAFEC,47.533336,Drop,zqi,1,63
A_siege_nub,level_1_5,5,9,0x260EAFEC,66.900003,Drop,zqi,3,66
A_siege_nub,level_1_5,5,9,0x260EAFEC,116.633339,End,,0,66
A_siege_nub,level_1_5,5,10,0x8D9994B5,0,Start,,0,45
A_siege_nub,level_1_5,5,10,0x8D9994B5,2.7,Drop,e_lang,1,46
A_siege_nub,level_1_5,5,10,0x8D9994B5,4.933334,Drop,e_lang,1,47
A_siege_nub,level_1_5,5,10,0x8D9994B5,7.533334,Drop,e_lang,1,48
A_siege_nub,level_1_5,5,10,0x8D9994B5,11.133334,Drop,e_liu,1,49
A_siege_nub,level_1_5,5,10,0x8D9994B5,12.633334,Drop,e_lang,1,50
A_siege_nub,level_1_5,5,10,0x8D9994B5,16.233334,Drop,e_liu,1,51
A_siege_nub,level_1_5,5,10,0x8D9994B5,17.733334,Drop,e_lang,1,52
A_siege_nub,level_1_5,5,10,0x8D9994B5,21.166668,Drop,e_liu,1,53
A_siege_nub,level_1_5,5,10,0x8D9994B5,23.000001,Drop,e_lang,1,54
A_siege_nub,level_1_5,5,10,0x8D9994B5,26.600001,Drop,zqi,1,55
A_siege_nub,level_1_5,5,10,0x8D9994B5,29.100002,Drop,e_liu,1,56
A_siege_nub,level_1_5,5,10,0x8D9994B5,32.100002,Drop,e_lang,1,57
A_siege_nub,level_1_5,5,10,0x8D9994B5,35.100002,Drop,e_lang,1,58
A_siege_nub,level_1_5,5,10,0x8D9994B5,36.766669,Drop,e_liu,1,59
A_siege_nub,level_1_5,5,10,0x8D9994B5,40.100002,Drop,zqi,1,60
A_siege_nub,level_1_5,5,10,0x8D9994B5,41.166669,Drop,e_lang,1,61
A_siege_nub,level_1_5,5,10,0x8D9994B5,44.100002,Drop,e_liu,1,62
A_siege_nub,level_1_5,5,10,0x8D9994B5,49.966669,Drop,e_lang,3,65
A_siege_nub,level_1_5,5,10,0x8D9994B5,117.900006,End,,0,65
A_siege_nub,level_1_5,5,11,0x5EE20D72,0,Start,,0,45
A_siege_nub,level_1_5,5,11,0x5EE20D72,2.666667,Drop,e_lang,1,46
A_siege_nub,level_1_5,5,11,0x5EE20D72,4.9,Drop,e_lang,1,47
A_siege_nub,level_1_5,5,11,0x5EE20D72,7.5,Drop,e_lang,1,48
A_siege_nub,level_1_5,5,11,0x5EE20D72,11.100001,Drop,e_liu,1,49
A_siege_nub,level_1_5,5,11,0x5EE20D72,12.600001,Drop,e_lang,1,50
A_siege_nub,level_1_5,5,11,0x5EE20D72,16.200001,Drop,e_liu,1,51
A_siege_nub,level_1_5,5,11,0x5EE20D72,17.900001,Drop,e_lang,1,52
A_siege_nub,level_1_5,5,11,0x5EE20D72,21.333334,Drop,e_liu,1,53
A_siege_nub,level_1_5,5,11,0x5EE20D72,23.766668,Drop,e_lang,1,54
A_siege_nub,level_1_5,5,11,0x5EE20D72,26.766668,Drop,zqi,1,55
A_siege_nub,level_1_5,5,11,0x5EE20D72,28.766668,Drop,e_liu,1,56
A_siege_nub,level_1_5,5,11,0x5EE20D72,31.166668,Drop,e_lang,1,57
A_siege_nub,level_1_5,5,11,0x5EE20D72,34.166668,Drop,e_lang,1,58
A_siege_nub,level_1_5,5,11,0x5EE20D72,36.766669,Drop,e_liu,1,59
A_siege_nub,level_1_5,5,11,0x5EE20D72,95.400005,End,,0,59
A_siege_nub,level_1_5,5,12,0xF6C41854,0,Start,,0,45
A_siege_nub,level_1_5,5,12,0xF6C41854,2.7,Drop,e_lang,1,46
A_siege_nub,level_1_5,5,12,0xF6C41854,4.933334,Drop,e_lang,1,47
A_siege_nub,level_1_5,5,12,0xF6C41854,7.533334,Drop,e_lang,1,48
A_siege_nub,level_1_5,5,12,0xF6C41854,11.133334,Drop,e_liu,1,49
A_siege_nub,level_1_5,5,12,0xF6C41854,12.633334,Drop,e_lang,1,50
A_siege_nub,level_1_5,5,12,0xF6C41854,16.233334,Drop,e_liu,1,51
A_siege_nub,level_1_5,5,12,0xF6C41854,18.100001,Drop,e_lang,1,52
A_siege_nub,level_1_5,5,12,0xF6C41854,21.300001,Drop,e_liu,1,53
A_siege_nub,level_1_5,5,12,0xF6C41854,23.300001,Drop,e_lang,1,54
A_siege_nub,level_1_5,5,12,0xF6C41854,26.533335,Drop,zqi,1,55
A_siege_nub,level_1_5,5,12,0xF6C41854,29.533335,Drop,e_liu,1,56
A_siege_nub,level_1_5,5,12,0xF6C41854,31.233335,Drop,e_lang,1,57
A_siege_nub,level_1_5,5,12,0xF6C41854,33.566668,Drop,e_lang,1,58
A_siege_nub,level_1_5,5,12,0xF6C41854,36.566669,Drop,e_liu,1,59
A_siege_nub,level_1_5,5,12,0xF6C41854,39.800002,Drop,zqi,1,60
A_siege_nub,level_1_5,5,12,0xF6C41854,41.166669,Drop,e_lang,1,61
A_siege_nub,level_1_5,5,12,0xF6C41854,44.800002,Drop,e_liu,1,62
A_siege_nub,level_1_5,5,12,0xF6C41854,92.533338,End,,0,62
A_siege_nub,level_1_5,5,13,0xCC1AF4D3,0,Start,,0,45
A_siege_nub,level_1_5,5,13,0xCC1AF4D3,2.666667,Drop,e_lang,1,46
A_siege_nub,level_1_5,5,13,0xCC1AF4D3,4.9,Drop,e_lang,1,47
A_siege_nub,level_1_5,5,13,0xCC1AF4D3,7.5,Drop,e_lang,1,48
A_siege_nub,level_1_5,5,13,0xCC1AF4D3,11.100001,Drop,e_liu,1,49
A_siege_nub,level_1_5,5,13,0xCC1AF4D3,12.600001,Drop,e_lang,1,50
A_siege_nub,level_1_5,5,13,0xCC1AF4D3,15.600001,Drop,e_liu,1,51
A_siege_nub,level_1_5,5,13,0xCC1AF4D3,17.800001,Drop,e_lang,1,52
A_siege_nub,level_1_5,5,13,0xCC1AF4D3,21.000001,Drop,e_liu,1,53
A_siege_nub,level_1_5,5,13,0xCC1AF4D3,22.833335,Drop,e_lang,1,54
A_siege_nub,level_1_5,5,13,0xCC1AF4D3,26.433335,Drop,zqi,1,55
A_siege_nub,level_1_5,5,13,0xCC1AF4D3,28.833335,Drop,e_liu,1,56
A_siege_nub,level_1_5,5,13,0xCC1AF4D3,31.433335,Drop,e_lang,1,57
A_siege_nub,level_1_5,5,13,0xCC1AF4D3,33.833335,Drop,e_lang,1,58
A_siege_nub,level_1_5,5,13,0xCC1AF4D3,37.433335,Drop,e_liu,1,59
A_siege_nub,level_1_5,5,13,0xCC1AF4D3,39.433335,Drop,zqi,1,60
A_siege_nub,level_1_5,5,13,0xCC1AF4D3,42.433336,Drop,e_lang,1,61
A_siege_nub,level_1_5,5,13,0xCC1AF4D3,44.800002,Drop,e_liu,1,62
A_siege_nub,level_1_5,5,13,0xCC1AF4D3,47.433336,Drop,zqi,1,63
A_siege_nub,level_1_5,5,13,0xCC1AF4D3,51.433336,Drop,zqi,3,66
A_siege_nub,level_1_5,5,13,0xCC1AF4D3,66.433337,Drop,e_lang,3,69
A_siege_nub,level_1_5,5,13,0xCC1AF4D3,81.433338,Drop,e_lang,3,72
A_siege_nub,level_1_5,5,13,0xCC1AF4D3,92.433338,Drop,bld_cheng,20,92
A_siege_nub,level_1_5,5,13,0xCC1AF4D3,92.433338,End,,0,92
A_siege_nub,level_1_5,5,14,0xC29B6FF3,0,Start,,0,45
A_siege_nub,level_1_5,5,14,0xC29B6FF3,2.666667,Drop,e_lang,1,46
A_siege_nub,level_1_5,5,14,0xC29B6FF3,4.9,Drop,e_lang,1,47
A_siege_nub,level_1_5,5,14,0xC29B6FF3,7.5,Drop,e_lang,1,48
A_siege_nub,level_1_5,5,14,0xC29B6FF3,11.100001,Drop,e_liu,1,49
A_siege_nub,level_1_5,5,14,0xC29B6FF3,12.600001,Drop,e_lang,1,50
A_siege_nub,level_1_5,5,14,0xC29B6FF3,16.200001,Drop,e_liu,1,51
A_siege_nub,level_1_5,5,14,0xC29B6FF3,17.700001,Drop,e_lang,1,52
A_siege_nub,level_1_5,5,14,0xC29B6FF3,21.300001,Drop,e_liu,1,53
A_siege_nub,level_1_5,5,14,0xC29B6FF3,23.400001,Drop,e_lang,1,54
A_siege_nub,level_1_5,5,14,0xC29B6FF3,26.600001,Drop,zqi,1,55
A_siege_nub,level_1_5,5,14,0xC29B6FF3,29.100002,Drop,e_liu,1,56
A_siege_nub,level_1_5,5,14,0xC29B6FF3,30.733335,Drop,e_lang,1,57
A_siege_nub,level_1_5,5,14,0xC29B6FF3,33.533335,Drop,e_lang,1,58
A_siege_nub,level_1_5,5,14,0xC29B6FF3,36.733335,Drop,e_liu,1,59
A_siege_nub,level_1_5,5,14,0xC29B6FF3,40.133335,Drop,zqi,1,60
A_siege_nub,level_1_5,5,14,0xC29B6FF3,42.133336,Drop,e_lang,1,61
A_siege_nub,level_1_5,5,14,0xC29B6FF3,44.366669,Drop,e_liu,1,62
A_siege_nub,level_1_5,5,14,0xC29B6FF3,99.800005,End,,0,62
A_siege_nub,level_1_5,5,15,0x43CE5061,0,Start,,0,45
A_siege_nub,level_1_5,5,15,0x43CE5061,2.666667,Drop,e_lang,1,46
A_siege_nub,level_1_5,5,15,0x43CE5061,4.9,Drop,e_lang,1,47
A_siege_nub,level_1_5,5,15,0x43CE5061,7.5,Drop,e_lang,1,48
A_siege_nub,level_1_5,5,15,0x43CE5061,11.100001,Drop,e_liu,1,49
A_siege_nub,level_1_5,5,15,0x43CE5061,12.600001,Drop,e_lang,1,50
A_siege_nub,level_1_5,5,15,0x43CE5061,15.666667,Drop,e_liu,1,51
A_siege_nub,level_1_5,5,15,0x43CE5061,18.200001,Drop,e_lang,1,52
A_siege_nub,level_1_5,5,15,0x43CE5061,21.200001,Drop,e_liu,1,53
A_siege_nub,level_1_5,5,15,0x43CE5061,23.200001,Drop,e_lang,1,54
A_siege_nub,level_1_5,5,15,0x43CE5061,27.200001,Drop,zqi,1,55
A_siege_nub,level_1_5,5,15,0x43CE5061,29.200002,Drop,e_liu,1,56
A_siege_nub,level_1_5,5,15,0x43CE5061,31.200002,Drop,e_lang,1,57
A_siege_nub,level_1_5,5,15,0x43CE5061,33.233335,Drop,e_lang,1,58
A_siege_nub,level_1_5,5,15,0x43CE5061,36.200002,Drop,e_liu,1,59
A_siege_nub,level_1_5,5,15,0x43CE5061,40.200002,Drop,zqi,1,60
A_siege_nub,level_1_5,5,15,0x43CE5061,42.200002,Drop,e_lang,1,61
A_siege_nub,level_1_5,5,15,0x43CE5061,44.200002,Drop,e_liu,1,62
A_siege_nub,level_1_5,5,15,0x43CE5061,48.200003,Drop,zqi,1,63
A_siege_nub,level_1_5,5,15,0x43CE5061,51.200003,Drop,zqi,3,66
A_siege_nub,level_1_5,5,15,0x43CE5061,65.56667,Drop,e_lang,3,69
A_siege_nub,level_1_5,5,15,0x43CE5061,80.566671,Drop,e_lang,3,72
A_siege_nub,level_1_5,5,15,0x43CE5061,91.566671,Drop,bld_cheng,20,92
A_siege_nub,level_1_5,5,15,0x43CE5061,91.566671,End,,0,92
A_siege_nub,level_1_5,5,16,0xB184A480,0,Start,,0,45
A_siege_nub,level_1_5,5,16,0xB184A480,2.666667,Drop,e_lang,1,46
A_siege_nub,level_1_5,5,16,0xB184A480,4.9,Drop,e_lang,1,47
A_siege_nub,level_1_5,5,16,0xB184A480,7.5,Drop,e_lang,1,48
A_siege_nub,level_1_5,5,16,0xB184A480,11.100001,Drop,e_liu,1,49
A_siege_nub,level_1_5,5,16,0xB184A480,12.600001,Drop,e_lang,1,50
A_siege_nub,level_1_5,5,16,0xB184A480,16.200001,Drop,e_liu,1,51
A_siege_nub,level_1_5,5,16,0xB184A480,17.700001,Drop,e_lang,1,52
A_siege_nub,level_1_5,5,16,0xB184A480,21.300001,Drop,e_liu,1,53
A_siege_nub,level_1_5,5,16,0xB184A480,22.933335,Drop,e_lang,1,54
A_siege_nub,level_1_5,5,16,0xB184A480,26.533335,Drop,zqi,1,55
A_siege_nub,level_1_5,5,16,0xB184A480,29.033335,Drop,e_liu,1,56
A_siege_nub,level_1_5,5,16,0xB184A480,30.900002,Drop,e_lang,1,57
A_siege_nub,level_1_5,5,16,0xB184A480,33.666668,Drop,e_lang,1,58
A_siege_nub,level_1_5,5,16,0xB184A480,36.666669,Drop,e_liu,1,59
A_siege_nub,level_1_5,5,16,0xB184A480,40.500002,Drop,zqi,1,60
A_siege_nub,level_1_5,5,16,0xB184A480,41.666669,Drop,e_lang,1,61
A_siege_nub,level_1_5,5,16,0xB184A480,44.666669,Drop,e_liu,1,62
A_siege_nub,level_1_5,5,16,0xB184A480,48.500003,Drop,zqi,1,63
A_siege_nub,level_1_5,5,16,0xB184A480,51.500003,Drop,zqi,3,66
A_siege_nub,level_1_5,5,16,0xB184A480,66.500003,Drop,e_lang,3,69
A_siege_nub,level_1_5,5,16,0xB184A480,70.133337,Drop,e_lang,3,72
A_siege_nub,level_1_5,5,16,0xB184A480,81.500004,Drop,e_lang,3,75
A_siege_nub,level_1_5,5,16,0xB184A480,92.500005,Drop,bld_cheng,20,95
A_siege_nub,level_1_5,5,16,0xB184A480,92.500005,End,,0,95
A_siege_nub,level_1_5,5,17,0x8782774A,0,Start,,0,45
A_siege_nub,level_1_5,5,17,0x8782774A,2.666667,Drop,e_lang,1,46
A_siege_nub,level_1_5,5,17,0x8782774A,4.9,Drop,e_lang,1,47
A_siege_nub,level_1_5,5,17,0x8782774A,7.5,Drop,e_lang,1,48
A_siege_nub,level_1_5,5,17,0x8782774A,11.100001,Drop,e_liu,1,49
A_siege_nub,level_1_5,5,17,0x8782774A,12.700001,Drop,e_lang,1,50
A_siege_nub,level_1_5,5,17,0x8782774A,16.300001,Drop,e_liu,1,51
A_siege_nub,level_1_5,5,17,0x8782774A,17.800001,Drop,e_lang,1,52
A_siege_nub,level_1_5,5,17,0x8782774A,21.166668,Drop,e_liu,1,53
A_siege_nub,level_1_5,5,17,0x8782774A,23.933335,Drop,e_lang,1,54
A_siege_nub,level_1_5,5,17,0x8782774A,26.433335,Drop,zqi,1,55
A_siege_nub,level_1_5,5,17,0x8782774A,28.900002,Drop,e_liu,1,56
A_siege_nub,level_1_5,5,17,0x8782774A,31.300002,Drop,e_lang,1,57
A_siege_nub,level_1_5,5,17,0x8782774A,33.900002,Drop,e_lang,1,58
A_siege_nub,level_1_5,5,17,0x8782774A,36.900002,Drop,e_liu,1,59
A_siege_nub,level_1_5,5,17,0x8782774A,40.300002,Drop,zqi,1,60
A_siege_nub,level_1_5,5,17,0x8782774A,41.900002,Drop,e_lang,1,61
A_siege_nub,level_1_5,5,17,0x8782774A,44.566669,Drop,e_liu,1,62
A_siege_nub,level_1_5,5,17,0x8782774A,51.500003,Drop,zqi,1,63
A_siege_nub,level_1_5,5,17,0x8782774A,59.900003,Drop,zqi,3,66
A_siege_nub,level_1_5,5,17,0x8782774A,65.96667,Drop,e_lang,3,69
A_siege_nub,level_1_5,5,17,0x8782774A,95.300005,Drop,e_lang,3,72
A_siege_nub,level_1_5,5,17,0x8782774A,110.300006,Drop,e_lang,3,75
A_siege_nub,level_1_5,5,17,0x8782774A,600.000031,End,,0,75
A_siege_nub,level_1_5,5,18,0xE4012C1F,0,Start,,0,45
A_siege_nub,level_1_5,5,18,0xE4012C1F,2.666667,Drop,e_lang,1,46
A_siege_nub,level_1_5,5,18,0xE4012C1F,4.9,Drop,e_lang,1,47
A_siege_nub,level_1_5,5,18,0xE4012C1F,7.5,Drop,e_lang,1,48
A_siege_nub,level_1_5,5,18,0xE4012C1F,11.100001,Drop,e_liu,1,49
A_siege_nub,level_1_5,5,18,0xE4012C1F,12.600001,Drop,e_lang,1,50
A_siege_nub,level_1_5,5,18,0xE4012C1F,16.200001,Drop,e_liu,1,51
A_siege_nub,level_1_5,5,18,0xE4012C1F,17.700001,Drop,e_lang,1,52
A_siege_nub,level_1_5,5,18,0xE4012C1F,21.100001,Drop,e_liu,1,53
A_siege_nub,level_1_5,5,18,0xE4012C1F,23.300001,Drop,e_lang,1,54
A_siege_nub,level_1_5,5,18,0xE4012C1F,26.500001,Drop,zqi,1,55
A_siege_nub,level_1_5,5,18,0xE4012C1F,29.000002,Drop,e_liu,1,56
A_siege_nub,level_1_5,5,18,0xE4012C1F,31.200002,Drop,e_lang,1,57
A_siege_nub,level_1_5,5,18,0xE4012C1F,33.533335,Drop,e_lang,1,58
A_siege_nub,level_1_5,5,18,0xE4012C1F,37.400002,Drop,e_liu,1,59
A_siege_nub,level_1_5,5,18,0xE4012C1F,40.400002,Drop,zqi,1,60
A_siege_nub,level_1_5,5,18,0xE4012C1F,41.500002,Drop,e_lang,1,61
A_siege_nub,level_1_5,5,18,0xE4012C1F,45.233336,Drop,e_liu,1,62
A_siege_nub,level_1_5,5,18,0xE4012C1F,47.400002,Drop,zqi,1,63
A_siege_nub,level_1_5,5,18,0xE4012C1F,116.566673,End,,0,63
A_siege_nub,level_1_5,5,19,0xF1D7371E,0,Start,,0,45
A_siege_nub,level_1_5,5,19,0xF1D7371E,2.666667,Drop,e_lang,1,46
A_siege_nub,level_1_5,5,19,0xF1D7371E,4.9,Drop,e_lang,1,47
A_siege_nub,level_1_5,5,19,0xF1D7371E,7.5,Drop,e_lang,1,48
A_siege_nub,level_1_5,5,19,0xF1D7371E,11.100001,Drop,e_liu,1,49
A_siege_nub,level_1_5,5,19,0xF1D7371E,12.600001,Drop,e_lang,1,50
A_siege_nub,level_1_5,5,19,0xF1D7371E,15.633334,Drop,e_liu,1,51
A_siege_nub,level_1_5,5,19,0xF1D7371E,18.200001,Drop,e_lang,1,52
A_siege_nub,level_1_5,5,19,0xF1D7371E,21.200001,Drop,e_liu,1,53
A_siege_nub,level_1_5,5,19,0xF1D7371E,23.200001,Drop,e_lang,1,54
A_siege_nub,level_1_5,5,19,0xF1D7371E,27.200001,Drop,zqi,1,55
A_siege_nub,level_1_5,5,19,0xF1D7371E,29.200002,Drop,e_liu,1,56
A_siege_nub,level_1_5,5,19,0xF1D7371E,31.666668,Drop,e_lang,1,57
A_siege_nub,level_1_5,5,19,0xF1D7371E,33.666668,Drop,e_lang,1,58
A_siege_nub,level_1_5,5,19,0xF1D7371E,36.533335,Drop,e_liu,1,59
A_siege_nub,level_1_5,5,19,0xF1D7371E,39.533335,Drop,zqi,1,60
A_siege_nub,level_1_5,5,19,0xF1D7371E,41.666669,Drop,e_lang,1,61
A_siege_nub,level_1_5,5,19,0xF1D7371E,45.533336,Drop,e_liu,1,62
A_siege_nub,level_1_5,5,19,0xF1D7371E,47.533336,Drop,zqi,1,63
A_siege_nub,level_1_5,5,19,0xF1D7371E,62.833337,Drop,zqi,3,66
A_siege_nub,level_1_5,5,19,0xF1D7371E,71.633337,Drop,e_lang,3,69
A_siege_nub,level_1_5,5,19,0xF1D7371E,72.633337,Drop,e_lang,3,72
A_siege_nub,level_1_5,5,19,0xF1D7371E,127.03334,End,,0,72
A_siege_nub,level_1_5,5,20,0xF1AB6C04,0,Start,,0,45
A_siege_nub,level_1_5,5,20,0xF1AB6C04,2.666667,Drop,e_lang,1,46
A_siege_nub,level_1_5,5,20,0xF1AB6C04,4.9,Drop,e_lang,1,47
A_siege_nub,level_1_5,5,20,0xF1AB6C04,7.5,Drop,e_lang,1,48
A_siege_nub,level_1_5,5,20,0xF1AB6C04,11.100001,Drop,e_liu,1,49
A_siege_nub,level_1_5,5,20,0xF1AB6C04,12.566667,Drop,e_lang,1,50
A_siege_nub,level_1_5,5,20,0xF1AB6C04,16.166668,Drop,e_liu,1,51
A_siege_nub,level_1_5,5,20,0xF1AB6C04,17.766668,Drop,e_lang,1,52
A_siege_nub,level_1_5,5,20,0xF1AB6C04,20.733334,Drop,e_liu,1,53
A_siege_nub,level_1_5,5,20,0xF1AB6C04,22.933335,Drop,e_lang,1,54
A_siege_nub,level_1_5,5,20,0xF1AB6C04,26.533335,Drop,zqi,1,55
A_siege_nub,level_1_5,5,20,0xF1AB6C04,28.366668,Drop,e_liu,1,56
A_siege_nub,level_1_5,5,20,0xF1AB6C04,30.933335,Drop,e_lang,1,57
A_siege_nub,level_1_5,5,20,0xF1AB6C04,33.533335,Drop,e_lang,1,58
A_siege_nub,level_1_5,5,20,0xF1AB6C04,36.433335,Drop,e_liu,1,59
A_siege_nub,level_1_5,5,20,0xF1AB6C04,39.633335,Drop,zqi,1,60
A_siege_nub,level_1_5,5,20,0xF1AB6C04,42.633336,Drop,e_lang,1,61
A_siege_nub,level_1_5,5,20,0xF1AB6C04,45.133336,Drop,e_liu,1,62
A_siege_nub,level_1_5,5,20,0xF1AB6C04,47.633336,Drop,zqi,1,63
A_siege_nub,level_1_5,5,20,0xF1AB6C04,52.633336,Drop,zqi,3,66
A_siege_nub,level_1_5,5,20,0xF1AB6C04,66.633337,Drop,e_lang,3,69
A_siege_nub,level_1_5,5,20,0xF1AB6C04,81.633338,Drop,e_lang,3,72
A_siege_nub,level_1_5,5,20,0xF1AB6C04,92.633338,Drop,bld_cheng,20,92
A_siege_nub,level_1_5,5,20,0xF1AB6C04,92.633338,End,,0,92
A_siege_nub,level_1_5,5,21,0x195FE031,0,Start,,0,45
A_siege_nub,level_1_5,5,21,0x195FE031,2.666667,Drop,e_lang,1,46
A_siege_nub,level_1_5,5,21,0x195FE031,4.9,Drop,e_lang,1,47
A_siege_nub,level_1_5,5,21,0x195FE031,7.5,Drop,e_lang,1,48
A_siege_nub,level_1_5,5,21,0x195FE031,11.100001,Drop,e_liu,1,49
A_siege_nub,level_1_5,5,21,0x195FE031,12.600001,Drop,e_lang,1,50
A_siege_nub,level_1_5,5,21,0x195FE031,16.200001,Drop,e_liu,1,51
A_siege_nub,level_1_5,5,21,0x195FE031,17.700001,Drop,e_lang,1,52
A_siege_nub,level_1_5,5,21,0x195FE031,21.300001,Drop,e_liu,1,53
A_siege_nub,level_1_5,5,21,0x195FE031,23.266668,Drop,e_lang,1,54
A_siege_nub,level_1_5,5,21,0x195FE031,26.500001,Drop,zqi,1,55
A_siege_nub,level_1_5,5,21,0x195FE031,29.000002,Drop,e_liu,1,56
A_siege_nub,level_1_5,5,21,0x195FE031,31.166668,Drop,e_lang,1,57
A_siege_nub,level_1_5,5,21,0x195FE031,33.366668,Drop,e_lang,1,58
A_siege_nub,level_1_5,5,21,0x195FE031,36.566669,Drop,e_liu,1,59
A_siege_nub,level_1_5,5,21,0x195FE031,40.000002,Drop,zqi,1,60
A_siege_nub,level_1_5,5,21,0x195FE031,43.000002,Drop,e_lang,1,61
A_siege_nub,level_1_5,5,21,0x195FE031,45.000002,Drop,e_liu,1,62
A_siege_nub,level_1_5,5,21,0x195FE031,48.000003,Drop,zqi,1,63
A_siege_nub,level_1_5,5,21,0x195FE031,52.000003,Drop,zqi,3,66
A_siege_nub,level_1_5,5,21,0x195FE031,66.000003,Drop,e_lang,3,69
A_siege_nub,level_1_5,5,21,0x195FE031,91.000005,Drop,bld_cheng,20,89
A_siege_nub,level_1_5,5,21,0x195FE031,91.000005,End,,0,89
A_siege_nub,level_1_5,5,22,0x4E6FE13D,0,Start,,0,45
A_siege_nub,level_1_5,5,22,0x4E6FE13D,2.666667,Drop,e_lang,1,46
A_siege_nub,level_1_5,5,22,0x4E6FE13D,4.9,Drop,e_lang,1,47
A_siege_nub,level_1_5,5,22,0x4E6FE13D,7.5,Drop,e_lang,1,48
A_siege_nub,level_1_5,5,22,0x4E6FE13D,11.100001,Drop,e_liu,1,49
A_siege_nub,level_1_5,5,22,0x4E6FE13D,12.600001,Drop,e_lang,1,50
A_siege_nub,level_1_5,5,22,0x4E6FE13D,16.200001,Drop,e_liu,1,51
A_siege_nub,level_1_5,5,22,0x4E6FE13D,17.700001,Drop,e_lang,1,52
A_siege_nub,level_1_5,5,22,0x4E6FE13D,21.300001,Drop,e_liu,1,53
A_siege_nub,level_1_5,5,22,0x4E6FE13D,23.266668,Drop,e_lang,1,54
A_siege_nub,level_1_5,5,22,0x4E6FE13D,27.133335,Drop,zqi,1,55
A_siege_nub,level_1_5,5,22,0x4E6FE13D,29.133335,Drop,e_liu,1,56
A_siege_nub,level_1_5,5,22,0x4E6FE13D,31.300002,Drop,e_lang,1,57
A_siege_nub,level_1_5,5,22,0x4E6FE13D,34.300002,Drop,e_lang,1,58
A_siege_nub,level_1_5,5,22,0x4E6FE13D,36.300002,Drop,e_liu,1,59
A_siege_nub,level_1_5,5,22,0x4E6FE13D,40.133335,Drop,zqi,1,60
A_siege_nub,level_1_5,5,22,0x4E6FE13D,43.133336,Drop,e_lang,1,61
A_siege_nub,level_1_5,5,22,0x4E6FE13D,45.000002,Drop,e_liu,1,62
A_siege_nub,level_1_5,5,22,0x4E6FE13D,117.666673,End,,0,62
A_siege_nub,level_1_5,5,23,0xFB4B1B39,0,Start,,0,45
A_siege_nub,level_1_5,5,23,0xFB4B1B39,2.666667,Drop,e_lang,1,46
A_siege_nub,level_1_5,5,23,0xFB4B1B39,4.9,Drop,e_lang,1,47
A_siege_nub,level_1_5,5,23,0xFB4B1B39,7.5,Drop,e_lang,1,48
A_siege_nub,level_1_5,5,23,0xFB4B1B39,11.100001,Drop,e_liu,1,49
A_siege_nub,level_1_5,5,23,0xFB4B1B39,12.600001,Drop,e_lang,1,50
A_siege_nub,level_1_5,5,23,0xFB4B1B39,16.300001,Drop,e_liu,1,51
A_siege_nub,level_1_5,5,23,0xFB4B1B39,18.233334,Drop,e_lang,1,52
A_siege_nub,level_1_5,5,23,0xFB4B1B39,21.333334,Drop,e_liu,1,53
A_siege_nub,level_1_5,5,23,0xFB4B1B39,23.566668,Drop,e_lang,1,54
A_siege_nub,level_1_5,5,23,0xFB4B1B39,26.600001,Drop,zqi,1,55
A_siege_nub,level_1_5,5,23,0xFB4B1B39,29.600002,Drop,e_liu,1,56
A_siege_nub,level_1_5,5,23,0xFB4B1B39,31.100002,Drop,e_lang,1,57
A_siege_nub,level_1_5,5,23,0xFB4B1B39,33.600002,Drop,e_lang,1,58
A_siege_nub,level_1_5,5,23,0xFB4B1B39,37.433335,Drop,e_liu,1,59
A_siege_nub,level_1_5,5,23,0xFB4B1B39,39.600002,Drop,zqi,1,60
A_siege_nub,level_1_5,5,23,0xFB4B1B39,42.600002,Drop,e_lang,1,61
A_siege_nub,level_1_5,5,23,0xFB4B1B39,44.600002,Drop,e_liu,1,62
A_siege_nub,level_1_5,5,23,0xFB4B1B39,47.600002,Drop,zqi,1,63
A_siege_nub,level_1_5,5,23,0xFB4B1B39,51.600003,Drop,zqi,3,66
A_siege_nub,level_1_5,5,23,0xFB4B1B39,66.700003,Drop,e_lang,3,69
A_siege_nub,level_1_5,5,23,0xFB4B1B39,81.700004,Drop,e_lang,3,72
A_siege_nub,level_1_5,5,23,0xFB4B1B39,92.700005,Drop,bld_cheng,20,92
A_siege_nub,level_1_5,5,23,0xFB4B1B39,92.700005,End,,0,92
A_siege_nub,level_1_5,5,24,0x9DA292CF,0,Start,,0,45
A_siege_nub,level_1_5,5,24,0x9DA292CF,2.666667,Drop,e_lang,1,46
A_siege_nub,level_1_5,5,24,0x9DA292CF,4.9,Drop,e_lang,1,47
A_siege_nub,level_1_5,5,24,0x9DA292CF,7.5,Drop,e_lang,1,48
A_siege_nub,level_1_5,5,24,0x9DA292CF,11.100001,Drop,e_liu,1,49
A_siege_nub,level_1_5,5,24,0x9DA292CF,12.600001,Drop,e_lang,1,50
A_siege_nub,level_1_5,5,24,0x9DA292CF,16.200001,Drop,e_liu,1,51
A_siege_nub,level_1_5,5,24,0x9DA292CF,17.900001,Drop,e_lang,1,52
A_siege_nub,level_1_5,5,24,0x9DA292CF,21.500001,Drop,e_liu,1,53
A_siege_nub,level_1_5,5,24,0x9DA292CF,23.333335,Drop,e_lang,1,54
A_siege_nub,level_1_5,5,24,0x9DA292CF,26.900001,Drop,zqi,1,55
A_siege_nub,level_1_5,5,24,0x9DA292CF,29.900002,Drop,e_liu,1,56
A_siege_nub,level_1_5,5,24,0x9DA292CF,30.900002,Drop,e_lang,1,57
A_siege_nub,level_1_5,5,24,0x9DA292CF,33.833335,Drop,e_lang,1,58
A_siege_nub,level_1_5,5,24,0x9DA292CF,37.033335,Drop,e_liu,1,59
A_siege_nub,level_1_5,5,24,0x9DA292CF,40.033335,Drop,zqi,1,60
A_siege_nub,level_1_5,5,24,0x9DA292CF,41.533335,Drop,e_lang,1,61
A_siege_nub,level_1_5,5,24,0x9DA292CF,44.433336,Drop,e_liu,1,62
A_siege_nub,level_1_5,5,24,0x9DA292CF,48.033336,Drop,zqi,1,63
A_siege_nub,level_1_5,5,24,0x9DA292CF,51.033336,Drop,e_lang,3,66
A_siege_nub,level_1_5,5,24,0x9DA292CF,53.033336,Drop,zqi,3,69
A_siege_nub,level_1_5,5,24,0x9DA292CF,65.56667,Drop,e_lang,3,72
A_siege_nub,level_1_5,5,24,0x9DA292CF,80.566671,Drop,e_lang,3,75
A_siege_nub,level_1_5,5,24,0x9DA292CF,92.033338,Drop,bld_cheng,20,95
A_siege_nub,level_1_5,5,24,0x9DA292CF,92.033338,End,,0,95
A_siege_nub,level_1_5,5,25,0x3099B372,0,Start,,0,45
A_siege_nub,level_1_5,5,25,0x3099B372,2.666667,Drop,e_lang,1,46
A_siege_nub,level_1_5,5,25,0x3099B372,4.9,Drop,e_lang,1,47
A_siege_nub,level_1_5,5,25,0x3099B372,7.5,Drop,e_lang,1,48
A_siege_nub,level_1_5,5,25,0x3099B372,11.100001,Drop,e_liu,1,49
A_siege_nub,level_1_5,5,25,0x3099B372,12.600001,Drop,e_lang,1,50
A_siege_nub,level_1_5,5,25,0x3099B372,16.200001,Drop,e_liu,1,51
A_siege_nub,level_1_5,5,25,0x3099B372,17.700001,Drop,e_lang,1,52
A_siege_nub,level_1_5,5,25,0x3099B372,21.300001,Drop,e_liu,1,53
A_siege_nub,level_1_5,5,25,0x3099B372,22.900001,Drop,e_lang,1,54
A_siege_nub,level_1_5,5,25,0x3099B372,26.500001,Drop,zqi,1,55
A_siege_nub,level_1_5,5,25,0x3099B372,29.000002,Drop,e_liu,1,56
A_siege_nub,level_1_5,5,25,0x3099B372,31.033335,Drop,e_lang,1,57
A_siege_nub,level_1_5,5,25,0x3099B372,34.033335,Drop,e_lang,1,58
A_siege_nub,level_1_5,5,25,0x3099B372,36.366669,Drop,e_liu,1,59
A_siege_nub,level_1_5,5,25,0x3099B372,40.000002,Drop,zqi,1,60
A_siege_nub,level_1_5,5,25,0x3099B372,42.000002,Drop,e_lang,1,61
A_siege_nub,level_1_5,5,25,0x3099B372,44.033336,Drop,e_liu,1,62
A_siege_nub,level_1_5,5,25,0x3099B372,48.000003,Drop,zqi,1,63
A_siege_nub,level_1_5,5,25,0x3099B372,51.000003,Drop,zqi,3,66
A_siege_nub,level_1_5,5,25,0x3099B372,52.000003,Drop,e_lang,3,69
A_siege_nub,level_1_5,5,25,0x3099B372,66.000003,Drop,e_lang,3,72
A_siege_nub,level_1_5,5,25,0x3099B372,91.000005,Drop,bld_cheng,20,92
A_siege_nub,level_1_5,5,25,0x3099B372,91.000005,End,,0,92
B_no_siege,level_1_1,1,1,0xD809F129,0,Start,,0,45
B_no_siege,level_1_1,1,1,0xD809F129,2.633333,Drop,zu,1,46
B_no_siege,level_1_1,1,1,0xD809F129,7.466667,Drop,zu,1,47
B_no_siege,level_1_1,1,1,0xD809F129,12.466667,Drop,zu,1,48
B_no_siege,level_1_1,1,1,0xD809F129,22.000001,Drop,e_liu,1,49
B_no_siege,level_1_1,1,1,0xD809F129,23.466668,Drop,zu,1,50
B_no_siege,level_1_1,1,1,0xD809F129,27.900001,Drop,e_liu,1,51
B_no_siege,level_1_1,1,1,0xD809F129,30.900002,Drop,zu,1,52
B_no_siege,level_1_1,1,1,0xD809F129,37.166669,Drop,e_liu,1,53
B_no_siege,level_1_1,1,1,0xD809F129,40.500002,Drop,zu,1,54
B_no_siege,level_1_1,1,1,0xD809F129,62.033337,Drop,zqi,1,55
B_no_siege,level_1_1,1,1,0xD809F129,153.500008,End,,0,55
B_no_siege,level_1_1,1,2,0x23B8E5DF,0,Start,,0,45
B_no_siege,level_1_1,1,2,0x23B8E5DF,2.666667,Drop,zu,1,46
B_no_siege,level_1_1,1,2,0x23B8E5DF,7.466667,Drop,zu,1,47
B_no_siege,level_1_1,1,2,0x23B8E5DF,12.400001,Drop,zu,1,48
B_no_siege,level_1_1,1,2,0x23B8E5DF,20.466668,Drop,e_liu,1,49
B_no_siege,level_1_1,1,2,0x23B8E5DF,21.466668,Drop,zu,1,50
B_no_siege,level_1_1,1,2,0x23B8E5DF,32.466668,Drop,zu,1,51
B_no_siege,level_1_1,1,2,0x23B8E5DF,33.466668,Drop,e_liu,1,52
B_no_siege,level_1_1,1,2,0x23B8E5DF,41.400002,Drop,zu,1,53
B_no_siege,level_1_1,1,2,0x23B8E5DF,41.433335,Drop,e_liu,1,54
B_no_siege,level_1_1,1,2,0x23B8E5DF,51.800003,Drop,e_liu,1,55
B_no_siege,level_1_1,1,2,0x23B8E5DF,55.133336,Drop,zu,1,56
B_no_siege,level_1_1,1,2,0x23B8E5DF,59.933336,Drop,zu,1,57
B_no_siege,level_1_1,1,2,0x23B8E5DF,232.000012,End,,0,57
B_no_siege,level_1_1,1,3,0xDF60519E,0,Start,,0,45
B_no_siege,level_1_1,1,3,0xDF60519E,2.6,Drop,zu,1,46
B_no_siege,level_1_1,1,3,0xDF60519E,7.4,Drop,zu,1,47
B_no_siege,level_1_1,1,3,0xDF60519E,12.400001,Drop,zu,1,48
B_no_siege,level_1_1,1,3,0xDF60519E,20.533334,Drop,e_liu,1,49
B_no_siege,level_1_1,1,3,0xDF60519E,21.400001,Drop,zu,1,50
B_no_siege,level_1_1,1,3,0xDF60519E,29.966668,Drop,e_liu,1,51
B_no_siege,level_1_1,1,3,0xDF60519E,31.100002,Drop,zu,1,52
B_no_siege,level_1_1,1,3,0xDF60519E,37.566669,Drop,e_liu,1,53
B_no_siege,level_1_1,1,3,0xDF60519E,41.366669,Drop,zu,1,54
B_no_siege,level_1_1,1,3,0xDF60519E,52.366669,Drop,e_liu,1,55
B_no_siege,level_1_1,1,3,0xDF60519E,56.033336,Drop,zu,1,56
B_no_siege,level_1_1,1,3,0xDF60519E,60.433336,Drop,zu,1,57
B_no_siege,level_1_1,1,3,0xDF60519E,200.733344,End,,0,57
B_no_siege,level_1_1,1,4,0x7F2C9DD7,0,Start,,0,45
B_no_siege,level_1_1,1,4,0x7F2C9DD7,2.6,Drop,zu,1,46
B_no_siege,level_1_1,1,4,0x7F2C9DD7,7.433334,Drop,zu,1,47
B_no_siege,level_1_1,1,4,0x7F2C9DD7,12.433334,Drop,zu,1,48
B_no_siege,level_1_1,1,4,0x7F2C9DD7,20.466668,Drop,e_liu,1,49
B_no_siege,level_1_1,1,4,0x7F2C9DD7,21.466668,Drop,zu,1,50
B_no_siege,level_1_1,1,4,0x7F2C9DD7,27.400001,Drop,e_liu,1,51
B_no_siege,level_1_1,1,4,0x7F2C9DD7,31.233335,Drop,zu,1,52
B_no_siege,level_1_1,1,4,0x7F2C9DD7,37.166669,Drop,e_liu,1,53
B_no_siege,level_1_1,1,4,0x7F2C9DD7,40.933335,Drop,zu,1,54
B_no_siege,level_1_1,1,4,0x7F2C9DD7,477.600025,End,,0,54
B_no_siege,level_1_1,1,5,0x7E57781C,0,Start,,0,45
B_no_siege,level_1_1,1,5,0x7E57781C,2.6,Drop,zu,1,46
B_no_siege,level_1_1,1,5,0x7E57781C,7.4,Drop,zu,1,47
B_no_siege,level_1_1,1,5,0x7E57781C,12.400001,Drop,zu,1,48
B_no_siege,level_1_1,1,5,0x7E57781C,18.933334,Drop,e_liu,1,49
B_no_siege,level_1_1,1,5,0x7E57781C,21.533334,Drop,zu,1,50
B_no_siege,level_1_1,1,5,0x7E57781C,27.400001,Drop,e_liu,1,51
B_no_siege,level_1_1,1,5,0x7E57781C,31.533335,Drop,zu,1,52
B_no_siege,level_1_1,1,5,0x7E57781C,37.400002,Drop,e_liu,1,53
B_no_siege,level_1_1,1,5,0x7E57781C,41.300002,Drop,zu,1,54
B_no_siege,level_1_1,1,5,0x7E57781C,51.933336,Drop,e_liu,1,55
B_no_siege,level_1_1,1,5,0x7E57781C,54.86667,Drop,zqi,1,56
B_no_siege,level_1_1,1,5,0x7E57781C,55.600003,Drop,zu,1,57
B_no_siege,level_1_1,1,5,0x7E57781C,60.133336,Drop,zu,1,58
B_no_siege,level_1_1,1,5,0x7E57781C,66.533337,Drop,e_liu,1,59
B_no_siege,level_1_1,1,5,0x7E57781C,486.633359,End,,0,59
B_no_siege,level_1_1,1,6,0xBBC2A676,0,Start,,0,45
B_no_siege,level_1_1,1,6,0xBBC2A676,2.666667,Drop,zu,1,46
B_no_siege,level_1_1,1,6,0xBBC2A676,7.466667,Drop,zu,1,47
B_no_siege,level_1_1,1,6,0xBBC2A676,12.466667,Drop,zu,1,48
B_no_siege,level_1_1,1,6,0xBBC2A676,20.466668,Drop,e_liu,1,49
B_no_siege,level_1_1,1,6,0xBBC2A676,21.466668,Drop,zu,1,50
B_no_siege,level_1_1,1,6,0xBBC2A676,32.466668,Drop,e_liu,1,51
B_no_siege,level_1_1,1,6,0xBBC2A676,33.466668,Drop,zu,1,52
B_no_siege,level_1_1,1,6,0xBBC2A676,41.400002,Drop,zu,1,53
B_no_siege,level_1_1,1,6,0xBBC2A676,43.466669,Drop,e_liu,1,54
B_no_siege,level_1_1,1,6,0xBBC2A676,54.66667,Drop,zqi,1,55
B_no_siege,level_1_1,1,6,0xBBC2A676,62.400003,Drop,zu,1,56
B_no_siege,level_1_1,1,6,0xBBC2A676,71.400004,Drop,e_liu,1,57
B_no_siege,level_1_1,1,6,0xBBC2A676,319.73335,End,,0,57
B_no_siege,level_1_1,1,7,0x0E8E2FF0,0,Start,,0,45
B_no_siege,level_1_1,1,7,0x0E8E2FF0,2.6,Drop,zu,1,46
B_no_siege,level_1_1,1,7,0x0E8E2FF0,7.533334,Drop,zu,1,47
B_no_siege,level_1_1,1,7,0x0E8E2FF0,12.533334,Drop,zu,1,48
B_no_siege,level_1_1,1,7,0x0E8E2FF0,19.900001,Drop,e_liu,1,49
B_no_siege,level_1_1,1,7,0x0E8E2FF0,22.533335,Drop,zu,1,50
B_no_siege,level_1_1,1,7,0x0E8E2FF0,27.700001,Drop,e_liu,1,51
B_no_siege,level_1_1,1,7,0x0E8E2FF0,31.133335,Drop,zu,1,52
B_no_siege,level_1_1,1,7,0x0E8E2FF0,37.400002,Drop,e_liu,1,53
B_no_siege,level_1_1,1,7,0x0E8E2FF0,40.733335,Drop,zu,1,54
B_no_siege,level_1_1,1,7,0x0E8E2FF0,468.933358,End,,0,54
B_no_siege,level_1_1,1,8,0xA5790348,0,Start,,0,45
B_no_siege,level_1_1,1,8,0xA5790348,2.633333,Drop,zu,1,46
B_no_siege,level_1_1,1,8,0xA5790348,7.433334,Drop,zu,1,47
B_no_siege,level_1_1,1,8,0xA5790348,12.433334,Drop,zu,1,48
B_no_siege,level_1_1,1,8,0xA5790348,20.600001,Drop,e_liu,1,49
B_no_siege,level_1_1,1,8,0xA5790348,21.433334,Drop,zu,1,50
B_no_siege,level_1_1,1,8,0xA5790348,30.433335,Drop,e_liu,1,51
B_no_siege,level_1_1,1,8,0xA5790348,31.433335,Drop,zu,1,52
B_no_siege,level_1_1,1,8,0xA5790348,37.333335,Drop,e_liu,1,53
B_no_siege,level_1_1,1,8,0xA5790348,40.666669,Drop,zu,1,54
B_no_siege,level_1_1,1,8,0xA5790348,63.76667,Drop,zu,1,55
B_no_siege,level_1_1,1,8,0xA5790348,66.86667,Drop,zu,1,56
B_no_siege,level_1_1,1,8,0xA5790348,381.833353,End,,0,56
B_no_siege,level_1_1,1,9,0x271879C0,0,Start,,0,45
B_no_siege,level_1_1,1,9,0x271879C0,2.633333,Drop,zu,1,46
B_no_siege,level_1_1,1,9,0x271879C0,7.5,Drop,zu,1,47
B_no_siege,level_1_1,1,9,0x271879C0,12.500001,Drop,zu,1,48
B_no_siege,level_1_1,1,9,0x271879C0,21.400001,Drop,e_liu,1,49
B_no_siege,level_1_1,1,9,0x271879C0,22.400001,Drop,zu,1,50
B_no_siege,level_1_1,1,9,0x271879C0,31.633335,Drop,zu,1,51
B_no_siege,level_1_1,1,9,0x271879C0,33.633335,Drop,e_liu,1,52
B_no_siege,level_1_1,1,9,0x271879C0,41.400002,Drop,zu,1,53
B_no_siege,level_1_1,1,9,0x271879C0,43.633336,Drop,e_liu,1,54
B_no_siege,level_1_1,1,9,0x271879C0,54.400003,Drop,zqi,1,55
B_no_siege,level_1_1,1,9,0x271879C0,61.533337,Drop,zu,1,56
B_no_siege,level_1_1,1,9,0x271879C0,61.633337,Drop,e_liu,1,57
B_no_siege,level_1_1,1,9,0x271879C0,62.26667,Drop,zu,1,58
B_no_siege,level_1_1,1,9,0x271879C0,476.200025,End,,0,58
B_no_siege,level_1_1,1,10,0x2C2DD7D0,0,Start,,0,45
B_no_siege,level_1_1,1,10,0x2C2DD7D0,2.6,Drop,zu,1,46
B_no_siege,level_1_1,1,10,0x2C2DD7D0,7.533334,Drop,zu,1,47
B_no_siege,level_1_1,1,10,0x2C2DD7D0,12.533334,Drop,zu,1,48
B_no_siege,level_1_1,1,10,0x2C2DD7D0,21.400001,Drop,e_liu,1,49
B_no_siege,level_1_1,1,10,0x2C2DD7D0,21.600001,Drop,zu,1,50
B_no_siege,level_1_1,1,10,0x2C2DD7D0,30.533335,Drop,e_liu,1,51
B_no_siege,level_1_1,1,10,0x2C2DD7D0,31.533335,Drop,zu,1,52
B_no_siege,level_1_1,1,10,0x2C2DD7D0,40.533335,Drop,e_liu,1,53
B_no_siege,level_1_1,1,10,0x2C2DD7D0,41.400002,Drop,zu,1,54
B_no_siege,level_1_1,1,10,0x2C2DD7D0,53.533336,Drop,zqi,1,55
B_no_siege,level_1_1,1,10,0x2C2DD7D0,58.400003,Drop,e_liu,1,56
B_no_siege,level_1_1,1,10,0x2C2DD7D0,58.533336,Drop,zu,1,57
B_no_siege,level_1_1,1,10,0x2C2DD7D0,60.533336,Drop,zu,1,58
B_no_siege,level_1_1,1,10,0x2C2DD7D0,69.500004,Drop,e_liu,1,59
B_no_siege,level_1_1,1,10,0x2C2DD7D0,76.533337,Drop,zu,1,60
B_no_siege,level_1_1,1,10,0x2C2DD7D0,79.766671,Drop,zqi,1,61
B_no_siege,level_1_1,1,10,0x2C2DD7D0,484.366692,End,,0,61
B_no_siege,level_1_1,1,11,0x4C240BDB,0,Start,,0,45
B_no_siege,level_1_1,1,11,0x4C240BDB,2.6,Drop,zu,1,46
B_no_siege,level_1_1,1,11,0x4C240BDB,7.4,Drop,zu,1,47
B_no_siege,level_1_1,1,11,0x4C240BDB,12.400001,Drop,zu,1,48
B_no_siege,level_1_1,1,11,0x4C240BDB,18.800001,Drop,e_liu,1,49
B_no_siege,level_1_1,1,11,0x4C240BDB,21.566668,Drop,zu,1,50
B_no_siege,level_1_1,1,11,0x4C240BDB,27.566668,Drop,e_liu,1,51
B_no_siege,level_1_1,1,11,0x4C240BDB,30.900002,Drop,zu,1,52
B_no_siege,level_1_1,1,11,0x4C240BDB,37.266669,Drop,e_liu,1,53
B_no_siege,level_1_1,1,11,0x4C240BDB,41.400002,Drop,zu,1,54
B_no_siege,level_1_1,1,11,0x4C240BDB,57.200003,Drop,zqi,1,55
B_no_siege,level_1_1,1,11,0x4C240BDB,59.56667,Drop,e_liu,1,56
B_no_siege,level_1_1,1,11,0x4C240BDB,61.56667,Drop,zu,1,57
B_no_siege,level_1_1,1,11,0x4C240BDB,63.56667,Drop,zu,1,58
B_no_siege,level_1_1,1,11,0x4C240BDB,207.200011,End,,0,58
B_no_siege,level_1_1,1,12,0x66BEA3F4,0,Start,,0,45
B_no_siege,level_1_1,1,12,0x66BEA3F4,2.633333,Drop,zu,1,46
B_no_siege,level_1_1,1,12,0x66BEA3F4,7.466667,Drop,zu,1,47
B_no_siege,level_1_1,1,12,0x66BEA3F4,12.466667,Drop,zu,1,48
B_no_siege,level_1_1,1,12,0x66BEA3F4,20.466668,Drop,e_liu,1,49
B_no_siege,level_1_1,1,12,0x66BEA3F4,21.466668,Drop,zu,1,50
B_no_siege,level_1_1,1,12,0x66BEA3F4,30.466668,Drop,e_liu,1,51
B_no_siege,level_1_1,1,12,0x66BEA3F4,31.466668,Drop,zu,1,52
B_no_siege,level_1_1,1,12,0x66BEA3F4,40.466669,Drop,e_liu,1,53
B_no_siege,level_1_1,1,12,0x66BEA3F4,40.666669,Drop,zu,1,54
B_no_siege,level_1_1,1,12,0x66BEA3F4,53.166669,Drop,zqi,1,55
B_no_siege,level_1_1,1,12,0x66BEA3F4,54.266669,Drop,e_liu,1,56
B_no_siege,level_1_1,1,12,0x66BEA3F4,55.26667,Drop,zu,1,57
B_no_siege,level_1_1,1,12,0x66BEA3F4,64.100003,Drop,zu,1,58
B_no_siege,level_1_1,1,12,0x66BEA3F4,66.833337,Drop,e_liu,1,59
B_no_siege,level_1_1,1,12,0x66BEA3F4,79.233337,Drop,zqi,1,60
B_no_siege,level_1_1,1,12,0x66BEA3F4,79.700004,Drop,zu,1,61
B_no_siege,level_1_1,1,12,0x66BEA3F4,156.133341,End,,0,61
B_no_siege,level_1_1,1,13,0xEACF2814,0,Start,,0,45
B_no_siege,level_1_1,1,13,0xEACF2814,2.633333,Drop,zu,1,46
B_no_siege,level_1_1,1,13,0xEACF2814,7.4,Drop,zu,1,47
B_no_siege,level_1_1,1,13,0xEACF2814,12.400001,Drop,zu,1,48
B_no_siege,level_1_1,1,13,0xEACF2814,20.600001,Drop,e_liu,1,49
B_no_siege,level_1_1,1,13,0xEACF2814,21.600001,Drop,zu,1,50
B_no_siege,level_1_1,1,13,0xEACF2814,27.433335,Drop,e_liu,1,51
B_no_siege,level_1_1,1,13,0xEACF2814,31.133335,Drop,zu,1,52
B_no_siege,level_1_1,1,13,0xEACF2814,37.400002,Drop,e_liu,1,53
B_no_siege,level_1_1,1,13,0xEACF2814,40.733335,Drop,zu,1,54
B_no_siege,level_1_1,1,13,0xEACF2814,600.000031,End,,0,54
B_no_siege,level_1_1,1,14,0xF67851B2,0,Start,,0,45
B_no_siege,level_1_1,1,14,0xF67851B2,2.6,Drop,zu,1,46
B_no_siege,level_1_1,1,14,0xF67851B2,7.533334,Drop,zu,1,47
B_no_siege,level_1_1,1,14,0xF67851B2,12.533334,Drop,zu,1,48
B_no_siege,level_1_1,1,14,0xF67851B2,21.400001,Drop,e_liu,1,49
B_no_siege,level_1_1,1,14,0xF67851B2,21.633334,Drop,zu,1,50
B_no_siege,level_1_1,1,14,0xF67851B2,28.333335,Drop,e_liu,1,51
B_no_siege,level_1_1,1,14,0xF67851B2,31.533335,Drop,zu,1,52
B_no_siege,level_1_1,1,14,0xF67851B2,37.466669,Drop,e_liu,1,53
B_no_siege,level_1_1,1,14,0xF67851B2,41.133335,Drop,zu,1,54
B_no_siege,level_1_1,1,14,0xF67851B2,52.133336,Drop,e_liu,1,55
B_no_siege,level_1_1,1,14,0xF67851B2,56.400003,Drop,zu,1,56
B_no_siege,level_1_1,1,14,0xF67851B2,61.400003,Drop,zu,1,57
B_no_siege,level_1_1,1,14,0xF67851B2,67.76667,Drop,zqi,1,58
B_no_siege,level_1_1,1,14,0xF67851B2,204.800011,End,,0,58
B_no_siege,level_1_1,1,15,0x75839D35,0,Start,,0,45
B_no_siege,level_1_1,1,15,0x75839D35,2.6,Drop,zu,1,46
B_no_siege,level_1_1,1,15,0x75839D35,7.433334,Drop,zu,1,47
B_no_siege,level_1_1,1,15,0x75839D35,12.433334,Drop,zu,1,48
B_no_siege,level_1_1,1,15,0x75839D35,20.466668,Drop,e_liu,1,49
B_no_siege,level_1_1,1,15,0x75839D35,21.433334,Drop,zu,1,50
B_no_siege,level_1_1,1,15,0x75839D35,30.433335,Drop,e_liu,1,51
B_no_siege,level_1_1,1,15,0x75839D35,31.433335,Drop,zu,1,52
B_no_siege,level_1_1,1,15,0x75839D35,40.433335,Drop,e_liu,1,53
B_no_siege,level_1_1,1,15,0x75839D35,40.633335,Drop,zu,1,54
B_no_siege,level_1_1,1,15,0x75839D35,52.933336,Drop,zqi,1,55
B_no_siege,level_1_1,1,15,0x75839D35,54.300003,Drop,e_liu,1,56
B_no_siege,level_1_1,1,15,0x75839D35,56.200003,Drop,zu,1,57
B_no_siege,level_1_1,1,15,0x75839D35,64.300003,Drop,zu,1,58
B_no_siege,level_1_1,1,15,0x75839D35,66.26667,Drop,e_liu,1,59
B_no_siege,level_1_1,1,15,0x75839D35,80.200004,Drop,zqi,1,60
B_no_siege,level_1_1,1,15,0x75839D35,82.400004,Drop,e_liu,1,61
B_no_siege,level_1_1,1,15,0x75839D35,167.733342,End,,0,61
B_no_siege,level_1_1,1,16,0xC282FAC7,0,Start,,0,45
B_no_siege,level_1_1,1,16,0xC282FAC7,2.6,Drop,zu,1,46
B_no_siege,level_1_1,1,16,0xC282FAC7,7.4,Drop,zu,1,47
B_no_siege,level_1_1,1,16,0xC282FAC7,12.400001,Drop,zu,1,48
B_no_siege,level_1_1,1,16,0xC282FAC7,18.700001,Drop,e_liu,1,49
B_no_siege,level_1_1,1,16,0xC282FAC7,21.533334,Drop,zu,1,50
B_no_siege,level_1_1,1,16,0xC282FAC7,27.400001,Drop,e_liu,1,51
B_no_siege,level_1_1,1,16,0xC282FAC7,31.533335,Drop,zu,1,52
B_no_siege,level_1_1,1,16,0xC282FAC7,37.400002,Drop,e_liu,1,53
B_no_siege,level_1_1,1,16,0xC282FAC7,41.400002,Drop,zu,1,54
B_no_siege,level_1_1,1,16,0xC282FAC7,52.066669,Drop,e_liu,1,55
B_no_siege,level_1_1,1,16,0xC282FAC7,55.733336,Drop,zu,1,56
B_no_siege,level_1_1,1,16,0xC282FAC7,60.86667,Drop,zu,1,57
B_no_siege,level_1_1,1,16,0xC282FAC7,69.700004,Drop,e_liu,1,58
B_no_siege,level_1_1,1,16,0xC282FAC7,313.900016,End,,0,58
B_no_siege,level_1_1,1,17,0x2690D16A,0,Start,,0,45
B_no_siege,level_1_1,1,17,0x2690D16A,2.6,Drop,zu,1,46
B_no_siege,level_1_1,1,17,0x2690D16A,7.4,Drop,zu,1,47
B_no_siege,level_1_1,1,17,0x2690D16A,12.400001,Drop,zu,1,48
B_no_siege,level_1_1,1,17,0x2690D16A,20.566668,Drop,e_liu,1,49
B_no_siege,level_1_1,1,17,0x2690D16A,21.400001,Drop,zu,1,50
B_no_siege,level_1_1,1,17,0x2690D16A,29.566668,Drop,e_liu,1,51
B_no_siege,level_1_1,1,17,0x2690D16A,31.466668,Drop,zu,1,52
B_no_siege,level_1_1,1,17,0x2690D16A,37.366669,Drop,e_liu,1,53
B_no_siege,level_1_1,1,17,0x2690D16A,40.800002,Drop,zu,1,54
B_no_siege,level_1_1,1,17,0x2690D16A,55.76667,Drop,zqi,1,55
B_no_siege,level_1_1,1,17,0x2690D16A,56.500003,Drop,zu,1,56
B_no_siege,level_1_1,1,17,0x2690D16A,58.700003,Drop,e_liu,1,57
B_no_siege,level_1_1,1,17,0x2690D16A,60.200003,Drop,zu,1,58
B_no_siege,level_1_1,1,17,0x2690D16A,66.16667,Drop,e_liu,1,59
B_no_siege,level_1_1,1,17,0x2690D16A,483.733359,End,,0,59
B_no_siege,level_1_1,1,18,0xAB0C69B4,0,Start,,0,45
B_no_siege,level_1_1,1,18,0xAB0C69B4,2.6,Drop,zu,1,46
B_no_siege,level_1_1,1,18,0xAB0C69B4,7.5,Drop,zu,1,47
B_no_siege,level_1_1,1,18,0xAB0C69B4,12.500001,Drop,zu,1,48
B_no_siege,level_1_1,1,18,0xAB0C69B4,22.466668,Drop,e_liu,1,49
B_no_siege,level_1_1,1,18,0xAB0C69B4,23.466668,Drop,zu,1,50
B_no_siege,level_1_1,1,18,0xAB0C69B4,29.466668,Drop,e_liu,1,51
B_no_siege,level_1_1,1,18,0xAB0C69B4,31.400002,Drop,zu,1,52
B_no_siege,level_1_1,1,18,0xAB0C69B4,37.300002,Drop,e_liu,1,53
B_no_siege,level_1_1,1,18,0xAB0C69B4,41.266669,Drop,zu,1,54
B_no_siege,level_1_1,1,18,0xAB0C69B4,600.000031,End,,0,54
B_no_siege,level_1_1,1,19,0xE165AF89,0,Start,,0,45
B_no_siege,level_1_1,1,19,0xE165AF89,2.6,Drop,zu,1,46
B_no_siege,level_1_1,1,19,0xE165AF89,7.566667,Drop,zu,1,47
B_no_siege,level_1_1,1,19,0xE165AF89,12.566667,Drop,zu,1,48
B_no_siege,level_1_1,1,19,0xE165AF89,20.533334,Drop,e_liu,1,49
B_no_siege,level_1_1,1,19,0xE165AF89,21.566668,Drop,zu,1,50
B_no_siege,level_1_1,1,19,0xE165AF89,27.533335,Drop,e_liu,1,51
B_no_siege,level_1_1,1,19,0xE165AF89,31.566668,Drop,zu,1,52
B_no_siege,level_1_1,1,19,0xE165AF89,40.566669,Drop,e_liu,1,53
B_no_siege,level_1_1,1,19,0xE165AF89,41.566669,Drop,zu,1,54
B_no_siege,level_1_1,1,19,0xE165AF89,57.26667,Drop,zqi,1,55
B_no_siege,level_1_1,1,19,0xE165AF89,58.733336,Drop,e_liu,1,56
B_no_siege,level_1_1,1,19,0xE165AF89,59.86667,Drop,zu,1,57
B_no_siege,level_1_1,1,19,0xE165AF89,64.300003,Drop,zu,1,58
B_no_siege,level_1_1,1,19,0xE165AF89,66.500003,Drop,e_liu,1,59
B_no_siege,level_1_1,1,19,0xE165AF89,152.666675,End,,0,59
B_no_siege,level_1_1,1,20,0xC6001DA3,0,Start,,0,45
B_no_siege,level_1_1,1,20,0xC6001DA3,2.633333,Drop,zu,1,46
B_no_siege,level_1_1,1,20,0xC6001DA3,7.433334,Drop,zu,1,47
B_no_siege,level_1_1,1,20,0xC6001DA3,12.433334,Drop,zu,1,48
B_no_siege,level_1_1,1,20,0xC6001DA3,21.400001,Drop,e_liu,1,49
B_no_siege,level_1_1,1,20,0xC6001DA3,22.400001,Drop,zu,1,50
B_no_siege,level_1_1,1,20,0xC6001DA3,27.400001,Drop,e_liu,1,51
B_no_siege,level_1_1,1,20,0xC6001DA3,31.100002,Drop,zu,1,52
B_no_siege,level_1_1,1,20,0xC6001DA3,37.366669,Drop,e_liu,1,53
B_no_siege,level_1_1,1,20,0xC6001DA3,40.700002,Drop,zu,1,54
B_no_siege,level_1_1,1,20,0xC6001DA3,55.800003,Drop,zqi,1,55
B_no_siege,level_1_1,1,20,0xC6001DA3,56.533336,Drop,zu,1,56
B_no_siege,level_1_1,1,20,0xC6001DA3,58.733336,Drop,e_liu,1,57
B_no_siege,level_1_1,1,20,0xC6001DA3,60.233336,Drop,zu,1,58
B_no_siege,level_1_1,1,20,0xC6001DA3,66.133337,Drop,e_liu,1,59
B_no_siege,level_1_1,1,20,0xC6001DA3,483.433359,End,,0,59
B_no_siege,level_1_1,1,21,0x7337F059,0,Start,,0,45
B_no_siege,level_1_1,1,21,0x7337F059,2.633333,Drop,zu,1,46
B_no_siege,level_1_1,1,21,0x7337F059,7.466667,Drop,zu,1,47
B_no_siege,level_1_1,1,21,0x7337F059,12.466667,Drop,zu,1,48
B_no_siege,level_1_1,1,21,0x7337F059,18.700001,Drop,e_liu,1,49
B_no_siege,level_1_1,1,21,0x7337F059,21.566668,Drop,zu,1,50
B_no_siege,level_1_1,1,21,0x7337F059,27.800001,Drop,e_liu,1,51
B_no_siege,level_1_1,1,21,0x7337F059,31.566668,Drop,zu,1,52
B_no_siege,level_1_1,1,21,0x7337F059,37.466669,Drop,e_liu,1,53
B_no_siege,level_1_1,1,21,0x7337F059,40.433335,Drop,zu,1,54
B_no_siege,level_1_1,1,21,0x7337F059,467.633358,End,,0,54
B_no_siege,level_1_1,1,22,0x2AAE4E27,0,Start,,0,45
B_no_siege,level_1_1,1,22,0x2AAE4E27,2.6,Drop,zu,1,46
B_no_siege,level_1_1,1,22,0x2AAE4E27,7.566667,Drop,zu,1,47
B_no_siege,level_1_1,1,22,0x2AAE4E27,12.566667,Drop,zu,1,48
B_no_siege,level_1_1,1,22,0x2AAE4E27,17.700001,Drop,e_liu,1,49
B_no_siege,level_1_1,1,22,0x2AAE4E27,21.566668,Drop,zu,1,50
B_no_siege,level_1_1,1,22,0x2AAE4E27,27.533335,Drop,e_liu,1,51
B_no_siege,level_1_1,1,22,0x2AAE4E27,31.233335,Drop,zu,1,52
B_no_siege,level_1_1,1,22,0x2AAE4E27,37.100002,Drop,e_liu,1,53
B_no_siege,level_1_1,1,22,0x2AAE4E27,41.500002,Drop,zu,1,54
B_no_siege,level_1_1,1,22,0x2AAE4E27,51.800003,Drop,e_liu,1,55
B_no_siege,level_1_1,1,22,0x2AAE4E27,55.46667,Drop,zu,1,56
B_no_siege,level_1_1,1,22,0x2AAE4E27,66.46667,Drop,e_liu,1,57
B_no_siege,level_1_1,1,22,0x2AAE4E27,139.700007,End,,0,57
B_no_siege,level_1_1,1,23,0x8E312DD2,0,Start,,0,45
B_no_siege,level_1_1,1,23,0x8E312DD2,2.633333,Drop,zu,1,46
B_no_siege,level_1_1,1,23,0x8E312DD2,7.466667,Drop,zu,1,47
B_no_siege,level_1_1,1,23,0x8E312DD2,12.466667,Drop,zu,1,48
B_no_siege,level_1_1,1,23,0x8E312DD2,20.500001,Drop,e_liu,1,49
B_no_siege,level_1_1,1,23,0x8E312DD2,21.466668,Drop,zu,1,50
B_no_siege,level_1_1,1,23,0x8E312DD2,30.466668,Drop,e_liu,1,51
B_no_siege,level_1_1,1,23,0x8E312DD2,31.466668,Drop,zu,1,52
B_no_siege,level_1_1,1,23,0x8E312DD2,40.466669,Drop,e_liu,1,53
B_no_siege,level_1_1,1,23,0x8E312DD2,40.700002,Drop,zu,1,54
B_no_siege,level_1_1,1,23,0x8E312DD2,52.833336,Drop,zqi,1,55
B_no_siege,level_1_1,1,23,0x8E312DD2,54.36667,Drop,e_liu,1,56
B_no_siege,level_1_1,1,23,0x8E312DD2,55.433336,Drop,zu,1,57
B_no_siege,level_1_1,1,23,0x8E312DD2,60.233336,Drop,zu,1,58
B_no_siege,level_1_1,1,23,0x8E312DD2,66.133337,Drop,e_liu,1,59
B_no_siege,level_1_1,1,23,0x8E312DD2,488.633359,End,,0,59
B_no_siege,level_1_1,1,24,0xDAEC3AF7,0,Start,,0,45
B_no_siege,level_1_1,1,24,0xDAEC3AF7,2.666667,Drop,zu,1,46
B_no_siege,level_1_1,1,24,0xDAEC3AF7,7.5,Drop,zu,1,47
B_no_siege,level_1_1,1,24,0xDAEC3AF7,12.500001,Drop,zu,1,48
B_no_siege,level_1_1,1,24,0xDAEC3AF7,18.666668,Drop,e_liu,1,49
B_no_siege,level_1_1,1,24,0xDAEC3AF7,21.300001,Drop,zu,1,50
B_no_siege,level_1_1,1,24,0xDAEC3AF7,27.433335,Drop,e_liu,1,51
B_no_siege,level_1_1,1,24,0xDAEC3AF7,31.566668,Drop,zu,1,52
B_no_siege,level_1_1,1,24,0xDAEC3AF7,37.433335,Drop,e_liu,1,53
B_no_siege,level_1_1,1,24,0xDAEC3AF7,41.100002,Drop,zu,1,54
B_no_siege,level_1_1,1,24,0xDAEC3AF7,52.100003,Drop,e_liu,1,55
B_no_siege,level_1_1,1,24,0xDAEC3AF7,55.76667,Drop,zu,1,56
B_no_siege,level_1_1,1,24,0xDAEC3AF7,60.900003,Drop,zu,1,57
B_no_siege,level_1_1,1,24,0xDAEC3AF7,67.06667,Drop,zqi,1,58
B_no_siege,level_1_1,1,24,0xDAEC3AF7,326.966684,End,,0,58
B_no_siege,level_1_1,1,25,0xEBEC71EE,0,Start,,0,45
B_no_siege,level_1_1,1,25,0xEBEC71EE,2.666667,Drop,zu,1,46
B_no_siege,level_1_1,1,25,0xEBEC71EE,7.5,Drop,zu,1,47
B_no_siege,level_1_1,1,25,0xEBEC71EE,12.500001,Drop,zu,1,48
B_no_siege,level_1_1,1,25,0xEBEC71EE,23.500001,Drop,zu,1,49
B_no_siege,level_1_1,1,25,0xEBEC71EE,24.433335,Drop,e_liu,1,50
B_no_siege,level_1_1,1,25,0xEBEC71EE,27.666668,Drop,e_liu,1,51
B_no_siege,level_1_1,1,25,0xEBEC71EE,31.366668,Drop,zu,1,52
B_no_siege,level_1_1,1,25,0xEBEC71EE,37.266669,Drop,e_liu,1,53
B_no_siege,level_1_1,1,25,0xEBEC71EE,40.600002,Drop,zu,1,54
B_no_siege,level_1_1,1,25,0xEBEC71EE,55.36667,Drop,zqi,1,55
B_no_siege,level_1_1,1,25,0xEBEC71EE,56.100003,Drop,zu,1,56
B_no_siege,level_1_1,1,25,0xEBEC71EE,58.300003,Drop,e_liu,1,57
B_no_siege,level_1_1,1,25,0xEBEC71EE,60.533336,Drop,zu,1,58
B_no_siege,level_1_1,1,25,0xEBEC71EE,66.06667,Drop,e_liu,1,59
B_no_siege,level_1_1,1,25,0xEBEC71EE,167.633342,End,,0,59
B_no_siege,level_1_5,5,1,0xDFE1E3C6,0,Start,,0,45
B_no_siege,level_1_5,5,1,0xDFE1E3C6,2.533333,Drop,e_lang,1,46
B_no_siege,level_1_5,5,1,0xDFE1E3C6,5.1,Drop,e_lang,1,47
B_no_siege,level_1_5,5,1,0xDFE1E3C6,7.6,Drop,e_lang,1,48
B_no_siege,level_1_5,5,1,0xDFE1E3C6,13.600001,Drop,e_liu,1,49
B_no_siege,level_1_5,5,1,0xDFE1E3C6,17.666668,Drop,e_lang,1,50
B_no_siege,level_1_5,5,1,0xDFE1E3C6,20.100001,Drop,e_liu,1,51
B_no_siege,level_1_5,5,1,0xDFE1E3C6,20.833334,Drop,e_lang,1,52
B_no_siege,level_1_5,5,1,0xDFE1E3C6,23.366668,Drop,e_liu,1,53
B_no_siege,level_1_5,5,1,0xDFE1E3C6,24.166668,Drop,e_lang,1,54
B_no_siege,level_1_5,5,1,0xDFE1E3C6,245.933346,End,,0,54
B_no_siege,level_1_5,5,2,0x90B3134A,0,Start,,0,45
B_no_siege,level_1_5,5,2,0x90B3134A,2.5,Drop,e_lang,1,46
B_no_siege,level_1_5,5,2,0x90B3134A,5.233334,Drop,e_lang,1,47
B_no_siege,level_1_5,5,2,0x90B3134A,7.466667,Drop,e_lang,1,48
B_no_siege,level_1_5,5,2,0x90B3134A,14.466667,Drop,e_liu,1,49
B_no_siege,level_1_5,5,2,0x90B3134A,17.466668,Drop,e_lang,1,50
B_no_siege,level_1_5,5,2,0x90B3134A,19.300001,Drop,e_lang,1,51
B_no_siege,level_1_5,5,2,0x90B3134A,20.866668,Drop,e_liu,1,52
B_no_siege,level_1_5,5,2,0x90B3134A,23.066668,Drop,e_liu,1,53
B_no_siege,level_1_5,5,2,0x90B3134A,23.800001,Drop,e_lang,1,54
B_no_siege,level_1_5,5,2,0x90B3134A,30.133335,Drop,e_liu,1,55
B_no_siege,level_1_5,5,2,0x90B3134A,35.300002,Drop,zqi,1,56
B_no_siege,level_1_5,5,2,0x90B3134A,82.400004,End,,0,56
B_no_siege,level_1_5,5,3,0xA99F6EC7,0,Start,,0,45
B_no_siege,level_1_5,5,3,0xA99F6EC7,2.533333,Drop,e_lang,1,46
B_no_siege,level_1_5,5,3,0xA99F6EC7,5.2,Drop,e_lang,1,47
B_no_siege,level_1_5,5,3,0xA99F6EC7,7.6,Drop,e_lang,1,48
B_no_siege,level_1_5,5,3,0xA99F6EC7,12.133334,Drop,e_liu,1,49
B_no_siege,level_1_5,5,3,0xA99F6EC7,12.866667,Drop,e_lang,1,50
B_no_siege,level_1_5,5,3,0xA99F6EC7,16.433334,Drop,e_liu,1,51
B_no_siege,level_1_5,5,3,0xA99F6EC7,19.433334,Drop,e_lang,1,52
B_no_siege,level_1_5,5,3,0xA99F6EC7,26.000001,Drop,e_liu,1,53
B_no_siege,level_1_5,5,3,0xA99F6EC7,31.133335,Drop,e_lang,1,54
B_no_siege,level_1_5,5,3,0xA99F6EC7,36.866669,Drop,zqi,1,55
B_no_siege,level_1_5,5,3,0xA99F6EC7,88.900005,End,,0,55
B_no_siege,level_1_5,5,4,0xCCB23064,0,Start,,0,45
B_no_siege,level_1_5,5,4,0xCCB23064,2.533333,Drop,e_lang,1,46
B_no_siege,level_1_5,5,4,0xCCB23064,5.133334,Drop,e_lang,1,47
B_no_siege,level_1_5,5,4,0xCCB23064,7.5,Drop,e_lang,1,48
B_no_siege,level_1_5,5,4,0xCCB23064,12.133334,Drop,e_liu,1,49
B_no_siege,level_1_5,5,4,0xCCB23064,13.466667,Drop,e_lang,1,50
B_no_siege,level_1_5,5,4,0xCCB23064,19.466668,Drop,e_liu,1,51
B_no_siege,level_1_5,5,4,0xCCB23064,21.600001,Drop,e_liu,1,52
B_no_siege,level_1_5,5,4,0xCCB23064,24.833335,Drop,e_lang,1,53
B_no_siege,level_1_5,5,4,0xCCB23064,30.400002,Drop,e_liu,1,54
B_no_siege,level_1_5,5,4,0xCCB23064,37.733335,Drop,e_liu,1,55
B_no_siege,level_1_5,5,4,0xCCB23064,84.333338,End,,0,55
B_no_siege,level_1_5,5,5,0xDD60525B,0,Start,,0,45
B_no_siege,level_1_5,5,5,0xDD60525B,2.533333,Drop,e_lang,1,46
B_no_siege,level_1_5,5,5,0xDD60525B,5.1,Drop,e_lang,1,47
B_no_siege,level_1_5,5,5,0xDD60525B,7.666667,Drop,e_lang,1,48
B_no_siege,level_1_5,5,5,0xDD60525B,13.200001,Drop,e_lang,1,49
B_no_siege,level_1_5,5,5,0xDD60525B,15.466667,Drop,e_liu,1,50
B_no_siege,level_1_5,5,5,0xDD60525B,23.533335,Drop,e_liu,1,51
B_no_siege,level_1_5,5,5,0xDD60525B,26.466668,Drop,e_lang,1,52
B_no_siege,level_1_5,5,5,0xDD60525B,35.666669,Drop,e_lang,1,53
B_no_siege,level_1_5,5,5,0xDD60525B,37.866669,Drop,e_liu,1,54
B_no_siege,level_1_5,5,5,0xDD60525B,38.600002,Drop,e_lang,1,55
B_no_siege,level_1_5,5,5,0xDD60525B,278.400015,End,,0,55
B_no_siege,level_1_5,5,6,0x3240600E,0,Start,,0,45
B_no_siege,level_1_5,5,6,0x3240600E,2.5,Drop,e_lang,1,46
B_no_siege,level_1_5,5,6,0x3240600E,5.166667,Drop,e_lang,1,47
B_no_siege,level_1_5,5,6,0x3240600E,7.5,Drop,e_lang,1,48
B_no_siege,level_1_5,5,6,0x3240600E,13.500001,Drop,e_liu,1,49
B_no_siege,level_1_5,5,6,0x3240600E,14.066667,Drop,e_lang,1,50
B_no_siege,level_1_5,5,6,0x3240600E,16.666668,Drop,e_liu,1,51
B_no_siege,level_1_5,5,6,0x3240600E,29.866668,Drop,e_liu,1,52
B_no_siege,level_1_5,5,6,0x3240600E,31.333335,Drop,e_liu,1,53
B_no_siege,level_1_5,5,6,0x3240600E,38.266669,Drop,e_liu,1,54
B_no_siege,level_1_5,5,6,0x3240600E,83.500004,End,,0,54
B_no_siege,level_1_5,5,7,0xF6765AEE,0,Start,,0,45
B_no_siege,level_1_5,5,7,0xF6765AEE,2.5,Drop,e_lang,1,46
B_no_siege,level_1_5,5,7,0xF6765AEE,5.366667,Drop,e_lang,1,47
B_no_siege,level_1_5,5,7,0xF6765AEE,7.5,Drop,e_lang,1,48
B_no_siege,level_1_5,5,7,0xF6765AEE,13.033334,Drop,e_lang,1,49
B_no_siege,level_1_5,5,7,0xF6765AEE,13.766667,Drop,e_liu,1,50
B_no_siege,level_1_5,5,7,0xF6765AEE,16.733334,Drop,e_liu,1,51
B_no_siege,level_1_5,5,7,0xF6765AEE,27.366668,Drop,e_liu,1,52
B_no_siege,level_1_5,5,7,0xF6765AEE,29.933335,Drop,e_liu,1,53
B_no_siege,level_1_5,5,7,0xF6765AEE,78.366671,End,,0,53
B_no_siege,level_1_5,5,8,0x985B0B1B,0,Start,,0,45
B_no_siege,level_1_5,5,8,0x985B0B1B,2.533333,Drop,e_lang,1,46
B_no_siege,level_1_5,5,8,0x985B0B1B,5.233334,Drop,e_lang,1,47
B_no_siege,level_1_5,5,8,0x985B0B1B,7.5,Drop,e_lang,1,48
B_no_siege,level_1_5,5,8,0x985B0B1B,12.133334,Drop,e_liu,1,49
B_no_siege,level_1_5,5,8,0x985B0B1B,12.866667,Drop,e_lang,1,50
B_no_siege,level_1_5,5,8,0x985B0B1B,16.466668,Drop,e_liu,1,51
B_no_siege,level_1_5,5,8,0x985B0B1B,19.300001,Drop,e_lang,1,52
B_no_siege,level_1_5,5,8,0x985B0B1B,21.566668,Drop,e_liu,1,53
B_no_siege,level_1_5,5,8,0x985B0B1B,24.300001,Drop,e_lang,1,54
B_no_siege,level_1_5,5,8,0x985B0B1B,97.266672,End,,0,54
B_no_siege,level_1_5,5,9,0xDE3AE767,0,Start,,0,45
B_no_siege,level_1_5,5,9,0xDE3AE767,2.5,Drop,e_lang,1,46
B_no_siege,level_1_5,5,9,0xDE3AE767,5.2,Drop,e_lang,1,47
B_no_siege,level_1_5,5,9,0xDE3AE767,7.5,Drop,e_lang,1,48
B_no_siege,level_1_5,5,9,0xDE3AE767,12.066667,Drop,e_liu,1,49
B_no_siege,level_1_5,5,9,0xDE3AE767,12.800001,Drop,e_lang,1,50
B_no_siege,level_1_5,5,9,0xDE3AE767,16.333334,Drop,e_liu,1,51
B_no_siege,level_1_5,5,9,0xDE3AE767,19.100001,Drop,e_lang,1,52
B_no_siege,level_1_5,5,9,0xDE3AE767,21.500001,Drop,e_liu,1,53
B_no_siege,level_1_5,5,9,0xDE3AE767,23.500001,Drop,e_lang,1,54
B_no_siege,level_1_5,5,9,0xDE3AE767,29.600002,Drop,e_liu,1,55
B_no_siege,level_1_5,5,9,0xDE3AE767,34.766668,Drop,zqi,1,56
B_no_siege,level_1_5,5,9,0xDE3AE767,38.066669,Drop,e_liu,1,57
B_no_siege,level_1_5,5,9,0xDE3AE767,90.200005,End,,0,57
B_no_siege,level_1_5,5,10,0xD81E878C,0,Start,,0,45
B_no_siege,level_1_5,5,10,0xD81E878C,2.5,Drop,e_lang,1,46
B_no_siege,level_1_5,5,10,0xD81E878C,5.166667,Drop,e_lang,1,47
B_no_siege,level_1_5,5,10,0xD81E878C,7.5,Drop,e_lang,1,48
B_no_siege,level_1_5,5,10,0xD81E878C,14.500001,Drop,e_liu,1,49
B_no_siege,level_1_5,5,10,0xD81E878C,14.833334,Drop,e_lang,1,50
B_no_siege,level_1_5,5,10,0xD81E878C,17.266668,Drop,e_liu,1,51
B_no_siege,level_1_5,5,10,0xD81E878C,19.066668,Drop,e_lang,1,52
B_no_siege,level_1_5,5,10,0xD81E878C,21.766668,Drop,e_liu,1,53
B_no_siege,level_1_5,5,10,0xD81E878C,24.100001,Drop,e_lang,1,54
B_no_siege,level_1_5,5,10,0xD81E878C,29.866668,Drop,e_liu,1,55
B_no_siege,level_1_5,5,10,0xD81E878C,31.000002,Drop,e_lang,1,56
B_no_siege,level_1_5,5,10,0xD81E878C,84.100004,End,,0,56
B_no_siege,level_1_5,5,11,0x150F7C9B,0,Start,,0,45
B_no_siege,level_1_5,5,11,0x150F7C9B,2.5,Drop,e_lang,1,46
B_no_siege,level_1_5,5,11,0x150F7C9B,5.266667,Drop,e_lang,1,47
B_no_siege,level_1_5,5,11,0x150F7C9B,7.5,Drop,e_lang,1,48
B_no_siege,level_1_5,5,11,0x150F7C9B,14.500001,Drop,e_liu,1,49
B_no_siege,level_1_5,5,11,0x150F7C9B,14.833334,Drop,e_lang,1,50
B_no_siege,level_1_5,5,11,0x150F7C9B,17.266668,Drop,e_liu,1,51
B_no_siege,level_1_5,5,11,0x150F7C9B,18.000001,Drop,e_lang,1,52
B_no_siege,level_1_5,5,11,0x150F7C9B,21.633334,Drop,e_liu,1,53
B_no_siege,level_1_5,5,11,0x150F7C9B,24.266668,Drop,e_lang,1,54
B_no_siege,level_1_5,5,11,0x150F7C9B,30.433335,Drop,e_liu,1,55
B_no_siege,level_1_5,5,11,0x150F7C9B,90.933338,End,,0,55
B_no_siege,level_1_5,5,12,0xA9105B75,0,Start,,0,45
B_no_siege,level_1_5,5,12,0xA9105B75,2.5,Drop,e_lang,1,46
B_no_siege,level_1_5,5,12,0xA9105B75,5.2,Drop,e_lang,1,47
B_no_siege,level_1_5,5,12,0xA9105B75,7.5,Drop,e_lang,1,48
B_no_siege,level_1_5,5,12,0xA9105B75,13.500001,Drop,e_liu,1,49
B_no_siege,level_1_5,5,12,0xA9105B75,14.066667,Drop,e_lang,1,50
B_no_siege,level_1_5,5,12,0xA9105B75,16.666668,Drop,e_liu,1,51
B_no_siege,level_1_5,5,12,0xA9105B75,22.366668,Drop,e_liu,1,52
B_no_siege,level_1_5,5,12,0xA9105B75,29.866668,Drop,e_liu,1,53
B_no_siege,level_1_5,5,12,0xA9105B75,83.700004,End,,0,53
B_no_siege,level_1_5,5,13,0xEDABE30A,0,Start,,0,45
B_no_siege,level_1_5,5,13,0xEDABE30A,2.5,Drop,e_lang,1,46
B_no_siege,level_1_5,5,13,0xEDABE30A,5.2,Drop,e_lang,1,47
B_no_siege,level_1_5,5,13,0xEDABE30A,7.533334,Drop,e_lang,1,48
B_no_siege,level_1_5,5,13,0xEDABE30A,13.066667,Drop,e_lang,1,49
B_no_siege,level_1_5,5,13,0xEDABE30A,14.133334,Drop,e_liu,1,50
B_no_siege,level_1_5,5,13,0xEDABE30A,16.966668,Drop,e_liu,1,51
B_no_siege,level_1_5,5,13,0xEDABE30A,19.566668,Drop,e_lang,1,52
B_no_siege,level_1_5,5,13,0xEDABE30A,22.166668,Drop,e_liu,1,53
B_no_siege,level_1_5,5,13,0xEDABE30A,32.666668,Drop,e_liu,1,54
B_no_siege,level_1_5,5,13,0xEDABE30A,37.466669,Drop,e_liu,1,55
B_no_siege,level_1_5,5,13,0xEDABE30A,71.033337,End,,0,55
B_no_siege,level_1_5,5,14,0xA897960F,0,Start,,0,45
B_no_siege,level_1_5,5,14,0xA897960F,2.466667,Drop,e_lang,1,46
B_no_siege,level_1_5,5,14,0xA897960F,5.333334,Drop,e_lang,1,47
B_no_siege,level_1_5,5,14,0xA897960F,7.5,Drop,e_lang,1,48
B_no_siege,level_1_5,5,14,0xA897960F,15.333334,Drop,e_liu,1,49
B_no_siege,level_1_5,5,14,0xA897960F,16.066668,Drop,e_lang,1,50
B_no_siege,level_1_5,5,14,0xA897960F,18.266668,Drop,e_liu,1,51
B_no_siege,level_1_5,5,14,0xA897960F,19.000001,Drop,e_lang,1,52
B_no_siege,level_1_5,5,14,0xA897960F,21.966668,Drop,e_liu,1,53
B_no_siege,level_1_5,5,14,0xA897960F,78.600004,End,,0,53
B_no_siege,level_1_5,5,15,0x109D3FA4,0,Start,,0,45
B_no_siege,level_1_5,5,15,0x109D3FA4,2.533333,Drop,e_lang,1,46
B_no_siege,level_1_5,5,15,0x109D3FA4,5.1,Drop,e_lang,1,47
B_no_siege,level_1_5,5,15,0x109D3FA4,7.7,Drop,e_lang,1,48
B_no_siege,level_1_5,5,15,0x109D3FA4,12.933334,Drop,e_lang,1,49
B_no_siege,level_1_5,5,15,0x109D3FA4,14.700001,Drop,e_liu,1,50
B_no_siege,level_1_5,5,15,0x109D3FA4,20.466668,Drop,e_liu,1,51
B_no_siege,level_1_5,5,15,0x109D3FA4,22.266668,Drop,e_liu,1,52
B_no_siege,level_1_5,5,15,0x109D3FA4,23.200001,Drop,e_lang,1,53
B_no_siege,level_1_5,5,15,0x109D3FA4,29.466668,Drop,e_liu,1,54
B_no_siege,level_1_5,5,15,0x109D3FA4,30.600002,Drop,e_lang,1,55
B_no_siege,level_1_5,5,15,0x109D3FA4,77.966671,End,,0,55
B_no_siege,level_1_5,5,16,0x5A556610,0,Start,,0,45
B_no_siege,level_1_5,5,16,0x5A556610,2.566667,Drop,e_lang,1,46
B_no_siege,level_1_5,5,16,0x5A556610,5.1,Drop,e_lang,1,47
B_no_siege,level_1_5,5,16,0x5A556610,7.6,Drop,e_lang,1,48
B_no_siege,level_1_5,5,16,0x5A556610,12.100001,Drop,e_liu,1,49
B_no_siege,level_1_5,5,16,0x5A556610,12.833334,Drop,e_lang,1,50
B_no_siege,level_1_5,5,16,0x5A556610,16.333334,Drop,e_liu,1,51
B_no_siege,level_1_5,5,16,0x5A556610,18.833334,Drop,e_lang,1,52
B_no_siege,level_1_5,5,16,0x5A556610,21.533334,Drop,e_liu,1,53
B_no_siege,level_1_5,5,16,0x5A556610,30.266668,Drop,e_liu,1,54
B_no_siege,level_1_5,5,16,0x5A556610,31.633335,Drop,e_lang,1,55
B_no_siege,level_1_5,5,16,0x5A556610,36.266669,Drop,zqi,1,56
B_no_siege,level_1_5,5,16,0x5A556610,37.833335,Drop,e_liu,1,57
B_no_siege,level_1_5,5,16,0x5A556610,89.566671,End,,0,57
B_no_siege,level_1_5,5,17,0x2474B63B,0,Start,,0,45
B_no_siege,level_1_5,5,17,0x2474B63B,2.533333,Drop,e_lang,1,46
B_no_siege,level_1_5,5,17,0x2474B63B,5.2,Drop,e_lang,1,47
B_no_siege,level_1_5,5,17,0x2474B63B,7.5,Drop,e_lang,1,48
B_no_siege,level_1_5,5,17,0x2474B63B,13.500001,Drop,e_liu,1,49
B_no_siege,level_1_5,5,17,0x2474B63B,14.066667,Drop,e_lang,1,50
B_no_siege,level_1_5,5,17,0x2474B63B,16.666668,Drop,e_liu,1,51
B_no_siege,level_1_5,5,17,0x2474B63B,22.533335,Drop,e_liu,1,52
B_no_siege,level_1_5,5,17,0x2474B63B,27.500001,Drop,e_lang,1,53
B_no_siege,level_1_5,5,17,0x2474B63B,32.500002,Drop,e_lang,1,54
B_no_siege,level_1_5,5,17,0x2474B63B,261.133347,End,,0,54
B_no_siege,level_1_5,5,18,0xE4C26322,0,Start,,0,45
B_no_siege,level_1_5,5,18,0xE4C26322,2.566667,Drop,e_lang,1,46
B_no_siege,level_1_5,5,18,0xE4C26322,5.2,Drop,e_lang,1,47
B_no_siege,level_1_5,5,18,0xE4C26322,7.566667,Drop,e_lang,1,48
B_no_siege,level_1_5,5,18,0xE4C26322,14.566667,Drop,e_liu,1,49
B_no_siege,level_1_5,5,18,0xE4C26322,17.266668,Drop,e_liu,1,50
B_no_siege,level_1_5,5,18,0xE4C26322,18.100001,Drop,e_lang,1,51
B_no_siege,level_1_5,5,18,0xE4C26322,22.066668,Drop,e_liu,1,52
B_no_siege,level_1_5,5,18,0xE4C26322,24.066668,Drop,e_lang,1,53
B_no_siege,level_1_5,5,18,0xE4C26322,30.333335,Drop,e_liu,1,54
B_no_siege,level_1_5,5,18,0xE4C26322,66.333337,End,,0,54
B_no_siege,level_1_5,5,19,0xBC689951,0,Start,,0,45
B_no_siege,level_1_5,5,19,0xBC689951,2.533333,Drop,e_lang,1,46
B_no_siege,level_1_5,5,19,0xBC689951,5.233334,Drop,e_lang,1,47
B_no_siege,level_1_5,5,19,0xBC689951,7.5,Drop,e_lang,1,48
B_no_siege,level_1_5,5,19,0xBC689951,12.066667,Drop,e_liu,1,49
B_no_siege,level_1_5,5,19,0xBC689951,12.833334,Drop,e_lang,1,50
B_no_siege,level_1_5,5,19,0xBC689951,16.900001,Drop,e_liu,1,51
B_no_siege,level_1_5,5,19,0xBC689951,18.900001,Drop,e_lang,1,52
B_no_siege,level_1_5,5,19,0xBC689951,21.900001,Drop,e_liu,1,53
B_no_siege,level_1_5,5,19,0xBC689951,23.566668,Drop,e_lang,1,54
B_no_siege,level_1_5,5,19,0xBC689951,90.800005,End,,0,54
B_no_siege,level_1_5,5,20,0x471F30F0,0,Start,,0,45
B_no_siege,level_1_5,5,20,0x471F30F0,2.533333,Drop,e_lang,1,46
B_no_siege,level_1_5,5,20,0x471F30F0,5.133334,Drop,e_lang,1,47
B_no_siege,level_1_5,5,20,0x471F30F0,7.566667,Drop,e_lang,1,48
B_no_siege,level_1_5,5,20,0x471F30F0,14.066667,Drop,e_liu,1,49
B_no_siege,level_1_5,5,20,0x471F30F0,14.800001,Drop,e_lang,1,50
B_no_siege,level_1_5,5,20,0x471F30F0,17.000001,Drop,e_liu,1,51
B_no_siege,level_1_5,5,20,0x471F30F0,22.400001,Drop,e_liu,1,52
B_no_siege,level_1_5,5,20,0x471F30F0,23.600001,Drop,e_lang,1,53
B_no_siege,level_1_5,5,20,0x471F30F0,26.600001,Drop,e_lang,1,54
B_no_siege,level_1_5,5,20,0x471F30F0,99.100005,End,,0,54
B_no_siege,level_1_5,5,21,0x812D6E70,0,Start,,0,45
B_no_siege,level_1_5,5,21,0x812D6E70,2.5,Drop,e_lang,1,46
B_no_siege,level_1_5,5,21,0x812D6E70,5.6,Drop,e_lang,1,47
B_no_siege,level_1_5,5,21,0x812D6E70,7.6,Drop,e_lang,1,48
B_no_siege,level_1_5,5,21,0x812D6E70,13.933334,Drop,e_liu,1,49
B_no_siege,level_1_5,5,21,0x812D6E70,14.033334,Drop,e_lang,1,50
B_no_siege,level_1_5,5,21,0x812D6E70,16.633334,Drop,e_liu,1,51
B_no_siege,level_1_5,5,21,0x812D6E70,17.766668,Drop,e_lang,1,52
B_no_siege,level_1_5,5,21,0x812D6E70,21.833334,Drop,e_liu,1,53
B_no_siege,level_1_5,5,21,0x812D6E70,22.966668,Drop,e_lang,1,54
B_no_siege,level_1_5,5,21,0x812D6E70,30.300002,Drop,e_liu,1,55
B_no_siege,level_1_5,5,21,0x812D6E70,31.033335,Drop,e_lang,1,56
B_no_siege,level_1_5,5,21,0x812D6E70,35.466669,Drop,zqi,1,57
B_no_siege,level_1_5,5,21,0x812D6E70,100.000005,End,,0,57
B_no_siege,level_1_5,5,22,0xB08C7821,0,Start,,0,45
B_no_siege,level_1_5,5,22,0xB08C7821,2.466667,Drop,e_lang,1,46
B_no_siege,level_1_5,5,22,0xB08C7821,5.166667,Drop,e_lang,1,47
B_no_siege,level_1_5,5,22,0xB08C7821,7.5,Drop,e_lang,1,48
B_no_siege,level_1_5,5,22,0xB08C7821,13.400001,Drop,e_lang,1,49
B_no_siege,level_1_5,5,22,0xB08C7821,14.500001,Drop,e_liu,1,50
B_no_siege,level_1_5,5,22,0xB08C7821,19.500001,Drop,e_liu,1,51
B_no_siege,level_1_5,5,22,0xB08C7821,19.733334,Drop,e_lang,1,52
B_no_siege,level_1_5,5,22,0xB08C7821,21.966668,Drop,e_liu,1,53
B_no_siege,level_1_5,5,22,0xB08C7821,24.166668,Drop,e_lang,1,54
B_no_siege,level_1_5,5,22,0xB08C7821,35.500002,Drop,zqi,1,55
B_no_siege,level_1_5,5,22,0xB08C7821,38.133335,Drop,e_liu,1,56
B_no_siege,level_1_5,5,22,0xB08C7821,87.966671,End,,0,56
B_no_siege,level_1_5,5,23,0xCE80BB45,0,Start,,0,45
B_no_siege,level_1_5,5,23,0xCE80BB45,2.5,Drop,e_lang,1,46
B_no_siege,level_1_5,5,23,0xCE80BB45,5.566667,Drop,e_lang,1,47
B_no_siege,level_1_5,5,23,0xCE80BB45,7.566667,Drop,e_lang,1,48
B_no_siege,level_1_5,5,23,0xCE80BB45,12.066667,Drop,e_liu,1,49
B_no_siege,level_1_5,5,23,0xCE80BB45,12.800001,Drop,e_lang,1,50
B_no_siege,level_1_5,5,23,0xCE80BB45,16.233334,Drop,e_liu,1,51
B_no_siege,level_1_5,5,23,0xCE80BB45,19.033334,Drop,e_lang,1,52
B_no_siege,level_1_5,5,23,0xCE80BB45,21.833334,Drop,e_liu,1,53
B_no_siege,level_1_5,5,23,0xCE80BB45,24.033335,Drop,e_lang,1,54
B_no_siege,level_1_5,5,23,0xCE80BB45,37.233335,Drop,zqi,1,55
B_no_siege,level_1_5,5,23,0xCE80BB45,87.966671,End,,0,55
B_no_siege,level_1_5,5,24,0xE4E68191,0,Start,,0,45
B_no_siege,level_1_5,5,24,0xE4E68191,2.5,Drop,e_lang,1,46
B_no_siege,level_1_5,5,24,0xE4E68191,5.233334,Drop,e_lang,1,47
B_no_siege,level_1_5,5,24,0xE4E68191,7.466667,Drop,e_lang,1,48
B_no_siege,level_1_5,5,24,0xE4E68191,14.466667,Drop,e_liu,1,49
B_no_siege,level_1_5,5,24,0xE4E68191,14.800001,Drop,e_lang,1,50
B_no_siege,level_1_5,5,24,0xE4E68191,18.266668,Drop,e_lang,1,51
B_no_siege,level_1_5,5,24,0xE4E68191,19.466668,Drop,e_liu,1,52
B_no_siege,level_1_5,5,24,0xE4E68191,23.266668,Drop,e_lang,1,53
B_no_siege,level_1_5,5,24,0xE4E68191,24.466668,Drop,e_liu,1,54
B_no_siege,level_1_5,5,24,0xE4E68191,32.666668,Drop,e_lang,1,55
B_no_siege,level_1_5,5,24,0xE4E68191,34.133335,Drop,zqi,1,56
B_no_siege,level_1_5,5,24,0xE4E68191,37.466669,Drop,e_liu,1,57
B_no_siege,level_1_5,5,24,0xE4E68191,76.700004,End,,0,57
B_no_siege,level_1_5,5,25,0xAE43C49B,0,Start,,0,45
B_no_siege,level_1_5,5,25,0xAE43C49B,2.533333,Drop,e_lang,1,46
B_no_siege,level_1_5,5,25,0xAE43C49B,5.1,Drop,e_lang,1,47
B_no_siege,level_1_5,5,25,0xAE43C49B,7.533334,Drop,e_lang,1,48
B_no_siege,level_1_5,5,25,0xAE43C49B,13.233334,Drop,e_lang,1,49
B_no_siege,level_1_5,5,25,0xAE43C49B,14.433334,Drop,e_liu,1,50
B_no_siege,level_1_5,5,25,0xAE43C49B,18.233334,Drop,e_lang,1,51
B_no_siege,level_1_5,5,25,0xAE43C49B,19.533334,Drop,e_liu,1,52
B_no_siege,level_1_5,5,25,0xAE43C49B,22.400001,Drop,e_liu,1,53
B_no_siege,level_1_5,5,25,0xAE43C49B,23.133335,Drop,e_lang,1,54
B_no_siege,level_1_5,5,25,0xAE43C49B,29.900002,Drop,e_liu,1,55
B_no_siege,level_1_5,5,25,0xAE43C49B,35.633335,Drop,e_lang,1,56
B_no_siege,level_1_5,5,25,0xAE43C49B,38.200002,Drop,e_liu,1,57
B_no_siege,level_1_5,5,25,0xAE43C49B,43.366669,Drop,zqi,1,58
B_no_siege,level_1_5,5,25,0xAE43C49B,97.400005,End,,0,58
